job_id,company_name,job_title,salary_year_avg,skills,type
1598650,Netflix,Analytics Engineer - Playback Data (L5),445000,sql,programming
1598650,Netflix,Analytics Engineer - Playback Data (L5),445000,python,programming
1598650,Netflix,Analytics Engineer - Playback Data (L5),445000,go,programming
1598650,Netflix,Analytics Engineer - Playback Data (L5),445000,scala,programming
1598650,Netflix,Analytics Engineer - Playback Data (L5),445000,typescript,programming
1241985,Netflix,Analytics Engineer (L5) - Live Quality of Experience,445000,sql,programming
1241985,Netflix,Analytics Engineer (L5) - Live Quality of Experience,445000,python,programming
1283788,Netflix,Analytics Engineer (L5) - Live Quality of Experience,445000,sql,programming
1283788,Netflix,Analytics Engineer (L5) - Live Quality of Experience,445000,python,programming
1009426,Siemens,Financial & Data Analyst - Pricing (12 months Contract),385000,excel,analyst_tools
1009426,Siemens,Financial & Data Analyst - Pricing (12 months Contract),385000,sap,analyst_tools
1213707,Confluent,Director of Engineering - Analytics,296910,kubernetes,other
1274698,Edge & Node,Data Analyst,264000,sql,programming
1274698,Edge & Node,Data Analyst,264000,go,programming
1274698,Edge & Node,Data Analyst,264000,graphql,libraries
1274698,Edge & Node,Data Analyst,264000,node,webframeworks
1274698,Edge & Node,Data Analyst,264000,tableau,analyst_tools
1274698,Edge & Node,Data Analyst,264000,looker,analyst_tools
1274698,Edge & Node,Data Analyst,264000,git,other
1269865,Edge & Node,Data Analyst,264000,sql,programming
1269865,Edge & Node,Data Analyst,264000,go,programming
1269865,Edge & Node,Data Analyst,264000,graphql,libraries
1269865,Edge & Node,Data Analyst,264000,node,webframeworks
1269865,Edge & Node,Data Analyst,264000,tableau,analyst_tools
1269865,Edge & Node,Data Analyst,264000,looker,analyst_tools
1269865,Edge & Node,Data Analyst,264000,git,other
374858,AT&T,Associate Director- Data Insights,255829.5,sql,programming
374858,AT&T,Associate Director- Data Insights,255829.5,python,programming
374858,AT&T,Associate Director- Data Insights,255829.5,r,programming
374858,AT&T,Associate Director- Data Insights,255829.5,azure,cloud
374858,AT&T,Associate Director- Data Insights,255829.5,databricks,cloud
374858,AT&T,Associate Director- Data Insights,255829.5,aws,cloud
374858,AT&T,Associate Director- Data Insights,255829.5,pyspark,libraries
374858,AT&T,Associate Director- Data Insights,255829.5,pandas,libraries
374858,AT&T,Associate Director- Data Insights,255829.5,jupyter,libraries
374858,AT&T,Associate Director- Data Insights,255829.5,tableau,analyst_tools
374858,AT&T,Associate Director- Data Insights,255829.5,excel,analyst_tools
374858,AT&T,Associate Director- Data Insights,255829.5,power bi,analyst_tools
374858,AT&T,Associate Director- Data Insights,255829.5,powerpoint,analyst_tools
743514,Pinterest Job Advertisements,"Data Analyst, Marketing",232423,sql,programming
743514,Pinterest Job Advertisements,"Data Analyst, Marketing",232423,python,programming
743514,Pinterest Job Advertisements,"Data Analyst, Marketing",232423,r,programming
743514,Pinterest Job Advertisements,"Data Analyst, Marketing",232423,hadoop,libraries
743514,Pinterest Job Advertisements,"Data Analyst, Marketing",232423,tableau,analyst_tools
1246245,Nurp,AI Deep Learning Quantitative Analyst (Remote),230000,python,programming
1246245,Nurp,AI Deep Learning Quantitative Analyst (Remote),230000,r,programming
1246245,Nurp,AI Deep Learning Quantitative Analyst (Remote),230000,matlab,programming
1246245,Nurp,AI Deep Learning Quantitative Analyst (Remote),230000,aws,cloud
914996,Get It Recruit - Information Technology,Product Data Analyst,226500,sql,programming
914996,Get It Recruit - Information Technology,Product Data Analyst,226500,python,programming
914996,Get It Recruit - Information Technology,Product Data Analyst,226500,databricks,cloud
914996,Get It Recruit - Information Technology,Product Data Analyst,226500,spark,libraries
1021452,Atlassian,"Head of FP&A, Data & Analytics",224000,sql,programming
1021452,Atlassian,"Head of FP&A, Data & Analytics",224000,python,programming
1021452,Atlassian,"Head of FP&A, Data & Analytics",224000,r,programming
1021452,Atlassian,"Head of FP&A, Data & Analytics",224000,c,programming
1021452,Atlassian,"Head of FP&A, Data & Analytics",224000,oracle,cloud
1021452,Atlassian,"Head of FP&A, Data & Analytics",224000,atlassian,other
52534,Uclahealthcareers,Data Analyst (Hybrid/Remote),217000,sql,programming
52534,Uclahealthcareers,Data Analyst (Hybrid/Remote),217000,crystal,programming
52534,Uclahealthcareers,Data Analyst (Hybrid/Remote),217000,oracle,cloud
52534,Uclahealthcareers,Data Analyst (Hybrid/Remote),217000,tableau,analyst_tools
52534,Uclahealthcareers,Data Analyst (Hybrid/Remote),217000,flow,other
484238,SmartAsset,Principal Data Analyst (Remote),205000,sql,programming
484238,SmartAsset,Principal Data Analyst (Remote),205000,python,programming
484238,SmartAsset,Principal Data Analyst (Remote),205000,go,programming
484238,SmartAsset,Principal Data Analyst (Remote),205000,snowflake,cloud
484238,SmartAsset,Principal Data Analyst (Remote),205000,numpy,libraries
484238,SmartAsset,Principal Data Analyst (Remote),205000,pandas,libraries
484238,SmartAsset,Principal Data Analyst (Remote),205000,tableau,analyst_tools
484238,SmartAsset,Principal Data Analyst (Remote),205000,excel,analyst_tools
484238,SmartAsset,Principal Data Analyst (Remote),205000,gitlab,other
888452,Pfizer,Medical Analytics,198500,gcp,cloud
1246808,Smartcat,Data Analyst (HR & Finance),192000,c,programming
1246808,Smartcat,Data Analyst (HR & Finance),192000,excel,analyst_tools
1246808,Smartcat,Data Analyst (HR & Finance),192000,sheets,analyst_tools
747554,Inclusively,"Director, Data Analyst - HYBRID",189309,sql,programming
747554,Inclusively,"Director, Data Analyst - HYBRID",189309,python,programming
747554,Inclusively,"Director, Data Analyst - HYBRID",189309,snowflake,cloud
747554,Inclusively,"Director, Data Analyst - HYBRID",189309,azure,cloud
747554,Inclusively,"Director, Data Analyst - HYBRID",189309,oracle,cloud
747554,Inclusively,"Director, Data Analyst - HYBRID",189309,aws,cloud
747554,Inclusively,"Director, Data Analyst - HYBRID",189309,tableau,analyst_tools
747554,Inclusively,"Director, Data Analyst - HYBRID",189309,power bi,analyst_tools
747554,Inclusively,"Director, Data Analyst - HYBRID",189309,sap,analyst_tools
747554,Inclusively,"Director, Data Analyst - HYBRID",189309,atlassian,other
747554,Inclusively,"Director, Data Analyst - HYBRID",189309,jenkins,other
747554,Inclusively,"Director, Data Analyst - HYBRID",189309,bitbucket,other
747554,Inclusively,"Director, Data Analyst - HYBRID",189309,jira,async
747554,Inclusively,"Director, Data Analyst - HYBRID",189309,confluence,async
17448,Motional,"Principal Data Analyst, AV Performance Analysis",189000,sql,programming
17448,Motional,"Principal Data Analyst, AV Performance Analysis",189000,python,programming
17448,Motional,"Principal Data Analyst, AV Performance Analysis",189000,r,programming
17448,Motional,"Principal Data Analyst, AV Performance Analysis",189000,atlassian,other
17448,Motional,"Principal Data Analyst, AV Performance Analysis",189000,git,other
17448,Motional,"Principal Data Analyst, AV Performance Analysis",189000,bitbucket,other
17448,Motional,"Principal Data Analyst, AV Performance Analysis",189000,jira,async
17448,Motional,"Principal Data Analyst, AV Performance Analysis",189000,confluence,async
422702,SmartAsset,Principal Data Analyst,186000,sql,programming
422702,SmartAsset,Principal Data Analyst,186000,python,programming
422702,SmartAsset,Principal Data Analyst,186000,go,programming
422702,SmartAsset,Principal Data Analyst,186000,snowflake,cloud
422702,SmartAsset,Principal Data Analyst,186000,numpy,libraries
422702,SmartAsset,Principal Data Analyst,186000,pandas,libraries
422702,SmartAsset,Principal Data Analyst,186000,tableau,analyst_tools
422702,SmartAsset,Principal Data Analyst,186000,excel,analyst_tools
422702,SmartAsset,Principal Data Analyst,186000,gitlab,other
356498,Get It Recruit - Information Technology,ERM Data Analyst,184000,sql,programming
356498,Get It Recruit - Information Technology,ERM Data Analyst,184000,python,programming
356498,Get It Recruit - Information Technology,ERM Data Analyst,184000,r,programming
917624,Esyconnect,Data Analyst - new,182500,sql,programming
1208897,hims & hers,"Lead Data Analyst, Product",175000,sql,programming
1208897,hims & hers,"Lead Data Analyst, Product",175000,python,programming
1208897,hims & hers,"Lead Data Analyst, Product",175000,r,programming
1208897,hims & hers,"Lead Data Analyst, Product",175000,sas,programming
1208897,hims & hers,"Lead Data Analyst, Product",175000,databricks,cloud
1208897,hims & hers,"Lead Data Analyst, Product",175000,airflow,libraries
1208897,hims & hers,"Lead Data Analyst, Product",175000,tableau,analyst_tools
1208897,hims & hers,"Lead Data Analyst, Product",175000,looker,analyst_tools
1208897,hims & hers,"Lead Data Analyst, Product",175000,sas,analyst_tools
1313328,Quince,Staff Data Analyst - Retention,175000,sql,programming
1313328,Quince,Staff Data Analyst - Retention,175000,python,programming
1313328,Quince,Staff Data Analyst - Retention,175000,r,programming
1313328,Quince,Staff Data Analyst - Retention,175000,tableau,analyst_tools
1313328,Quince,Staff Data Analyst - Retention,175000,looker,analyst_tools
1313328,Quince,Staff Data Analyst - Retention,175000,power bi,analyst_tools
1234593,Intel,Project Manager and Data Analyst for Government Sales,171396,sql,programming
1234593,Intel,Project Manager and Data Analyst for Government Sales,171396,go,programming
1234593,Intel,Project Manager and Data Analyst for Government Sales,171396,tableau,analyst_tools
1234593,Intel,Project Manager and Data Analyst for Government Sales,171396,excel,analyst_tools
1234593,Intel,Project Manager and Data Analyst for Government Sales,171396,power bi,analyst_tools
1234593,Intel,Project Manager and Data Analyst for Government Sales,171396,trello,async
1234593,Intel,Project Manager and Data Analyst for Government Sales,171396,asana,async
1232745,Intel,Project Manager and Data Analyst for Government Sales,171396,sql,programming
1232745,Intel,Project Manager and Data Analyst for Government Sales,171396,tableau,analyst_tools
1232745,Intel,Project Manager and Data Analyst for Government Sales,171396,excel,analyst_tools
1232745,Intel,Project Manager and Data Analyst for Government Sales,171396,power bi,analyst_tools
1232745,Intel,Project Manager and Data Analyst for Government Sales,171396,trello,async
1232745,Intel,Project Manager and Data Analyst for Government Sales,171396,asana,async
1232747,Intel,Project Manager and Data Analyst for Government Sales and Partnerships,171396,sql,programming
1232747,Intel,Project Manager and Data Analyst for Government Sales and Partnerships,171396,tableau,analyst_tools
1232747,Intel,Project Manager and Data Analyst for Government Sales and Partnerships,171396,excel,analyst_tools
1232747,Intel,Project Manager and Data Analyst for Government Sales and Partnerships,171396,power bi,analyst_tools
1232747,Intel,Project Manager and Data Analyst for Government Sales and Partnerships,171396,trello,async
1232747,Intel,Project Manager and Data Analyst for Government Sales and Partnerships,171396,asana,async
614384,Robert Half,DTCC Data Analyst,170000,go,programming
614384,Robert Half,DTCC Data Analyst,170000,java,programming
614384,Robert Half,DTCC Data Analyst,170000,excel,analyst_tools
73025,"Kelly Science, Engineering, Technology & Telecom",Azure Data Python Consultant - contract to HIRE - Citizen or Perm...,170000,sql,programming
73025,"Kelly Science, Engineering, Technology & Telecom",Azure Data Python Consultant - contract to HIRE - Citizen or Perm...,170000,python,programming
73025,"Kelly Science, Engineering, Technology & Telecom",Azure Data Python Consultant - contract to HIRE - Citizen or Perm...,170000,azure,cloud
73025,"Kelly Science, Engineering, Technology & Telecom",Azure Data Python Consultant - contract to HIRE - Citizen or Perm...,170000,databricks,cloud
73025,"Kelly Science, Engineering, Technology & Telecom",Azure Data Python Consultant - contract to HIRE - Citizen or Perm...,170000,power bi,analyst_tools
484576,A-Line Staffing Solutions,REMOTE Director of Data Analytics,170000,sql,programming
484576,A-Line Staffing Solutions,REMOTE Director of Data Analytics,170000,python,programming
484576,A-Line Staffing Solutions,REMOTE Director of Data Analytics,170000,azure,cloud
259096,Uber,"Manager, Data Analyst",167000,sql,programming
259096,Uber,"Manager, Data Analyst",167000,python,programming
259096,Uber,"Manager, Data Analyst",167000,r,programming
259096,Uber,"Manager, Data Analyst",167000,swift,programming
259096,Uber,"Manager, Data Analyst",167000,tableau,analyst_tools
259096,Uber,"Manager, Data Analyst",167000,excel,analyst_tools
259096,Uber,"Manager, Data Analyst",167000,looker,analyst_tools
1231279,Atlassian,Principal Data Analyst - Financial Forecasting,166500,sql,programming
1231279,Atlassian,Principal Data Analyst - Financial Forecasting,166500,python,programming
1231279,Atlassian,Principal Data Analyst - Financial Forecasting,166500,c,programming
1231279,Atlassian,Principal Data Analyst - Financial Forecasting,166500,databricks,cloud
1231279,Atlassian,Principal Data Analyst - Financial Forecasting,166500,tableau,analyst_tools
1231279,Atlassian,Principal Data Analyst - Financial Forecasting,166500,excel,analyst_tools
1231279,Atlassian,Principal Data Analyst - Financial Forecasting,166500,atlassian,other
494879,Get It Recruit - Information Technology,Data Analyst,165000,sql,programming
494879,Get It Recruit - Information Technology,Data Analyst,165000,python,programming
494879,Get It Recruit - Information Technology,Data Analyst,165000,r,programming
494879,Get It Recruit - Information Technology,Data Analyst,165000,matlab,programming
494879,Get It Recruit - Information Technology,Data Analyst,165000,sas,programming
494879,Get It Recruit - Information Technology,Data Analyst,165000,pandas,libraries
494879,Get It Recruit - Information Technology,Data Analyst,165000,tableau,analyst_tools
494879,Get It Recruit - Information Technology,Data Analyst,165000,looker,analyst_tools
494879,Get It Recruit - Information Technology,Data Analyst,165000,sas,analyst_tools
749452,Plexus Resource Solutions,Data Analyst,165000,python,programming
749452,Plexus Resource Solutions,Data Analyst,165000,mysql,databases
749452,Plexus Resource Solutions,Data Analyst,165000,aws,cloud
1066523,ServiceNow,Senior Incident Response Analyst and Data Quality Analyst/Developer,164000,sql,programming
1066523,ServiceNow,Senior Incident Response Analyst and Data Quality Analyst/Developer,164000,python,programming
1066523,ServiceNow,Senior Incident Response Analyst and Data Quality Analyst/Developer,164000,bash,programming
1066523,ServiceNow,Senior Incident Response Analyst and Data Quality Analyst/Developer,164000,snowflake,cloud
1066523,ServiceNow,Senior Incident Response Analyst and Data Quality Analyst/Developer,164000,tableau,analyst_tools
581877,CEDARS-SINAI,Principal Data Intelligence Analyst - Cardiac - Remote,163500,go,programming
581877,CEDARS-SINAI,Principal Data Intelligence Analyst - Cardiac - Remote,163500,crystal,programming
581877,CEDARS-SINAI,Principal Data Intelligence Analyst - Cardiac - Remote,163500,sas,programming
581877,CEDARS-SINAI,Principal Data Intelligence Analyst - Cardiac - Remote,163500,tableau,analyst_tools
581877,CEDARS-SINAI,Principal Data Intelligence Analyst - Cardiac - Remote,163500,sas,analyst_tools
1406526,EBSCO,"Principal, Sales & Marketing Data Analyst",163085,tableau,analyst_tools
1406526,EBSCO,"Principal, Sales & Marketing Data Analyst",163085,power bi,analyst_tools
1412031,EBSCO,"Principal, Sales & Marketing Data Analyst",163085,tableau,analyst_tools
1412031,EBSCO,"Principal, Sales & Marketing Data Analyst",163085,power bi,analyst_tools
1403650,EBSCO,"Principal, Sales & Marketing Data Analyst",163085,tableau,analyst_tools
1403650,EBSCO,"Principal, Sales & Marketing Data Analyst",163085,power bi,analyst_tools
1379230,EBSCO,"Principal, Sales & Marketing Data Analyst",163085,tableau,analyst_tools
1379230,EBSCO,"Principal, Sales & Marketing Data Analyst",163085,power bi,analyst_tools
1376100,EBSCO,"Principal, Sales & Marketing Data Analyst",163085,tableau,analyst_tools
1376100,EBSCO,"Principal, Sales & Marketing Data Analyst",163085,power bi,analyst_tools
1396194,EBSCO,"Principal, Sales & Marketing Data Analyst",163085,tableau,analyst_tools
1396194,EBSCO,"Principal, Sales & Marketing Data Analyst",163085,power bi,analyst_tools
1370687,EBSCO,"Principal, Sales & Marketing Data Analyst",163085,tableau,analyst_tools
1370687,EBSCO,"Principal, Sales & Marketing Data Analyst",163085,power bi,analyst_tools
1415199,EBSCO,"Principal, Sales & Marketing Data Analyst",163085,tableau,analyst_tools
1415199,EBSCO,"Principal, Sales & Marketing Data Analyst",163085,power bi,analyst_tools
1384998,EBSCO,"Principal, Sales & Marketing Data Analyst",163085,tableau,analyst_tools
1384998,EBSCO,"Principal, Sales & Marketing Data Analyst",163085,power bi,analyst_tools
1387591,EBSCO,"Principal, Sales & Marketing Data Analyst",163085,tableau,analyst_tools
1387591,EBSCO,"Principal, Sales & Marketing Data Analyst",163085,power bi,analyst_tools
1390211,EBSCO,"Principal, Sales & Marketing Data Analyst",163085,tableau,analyst_tools
1390211,EBSCO,"Principal, Sales & Marketing Data Analyst",163085,power bi,analyst_tools
1409235,EBSCO,"Principal, Sales & Marketing Data Analyst",163085,tableau,analyst_tools
1409235,EBSCO,"Principal, Sales & Marketing Data Analyst",163085,power bi,analyst_tools
1505883,EBSCO,"Principal, Sales & Marketing Data Analyst",163085,tableau,analyst_tools
1505883,EBSCO,"Principal, Sales & Marketing Data Analyst",163085,power bi,analyst_tools
1366035,EBSCO,"Principal, Sales & Marketing Data Analyst",163085,tableau,analyst_tools
1366035,EBSCO,"Principal, Sales & Marketing Data Analyst",163085,power bi,analyst_tools
1368294,EBSCO,"Principal, Sales & Marketing Data Analyst",163085,tableau,analyst_tools
1368294,EBSCO,"Principal, Sales & Marketing Data Analyst",163085,power bi,analyst_tools
1382385,EBSCO,"Principal, Sales & Marketing Data Analyst",163085,tableau,analyst_tools
1382385,EBSCO,"Principal, Sales & Marketing Data Analyst",163085,power bi,analyst_tools
1373322,EBSCO,"Principal, Sales & Marketing Data Analyst",163085,tableau,analyst_tools
1373322,EBSCO,"Principal, Sales & Marketing Data Analyst",163085,power bi,analyst_tools
1393102,EBSCO,"Principal, Sales & Marketing Data Analyst",163085,tableau,analyst_tools
1393102,EBSCO,"Principal, Sales & Marketing Data Analyst",163085,power bi,analyst_tools
1399959,EBSCO,"Principal, Sales & Marketing Data Analyst",163085,tableau,analyst_tools
1399959,EBSCO,"Principal, Sales & Marketing Data Analyst",163085,power bi,analyst_tools
1205618,Atlassian,Principal Data Analyst - Financial Forecasting,161500,sql,programming
1205618,Atlassian,Principal Data Analyst - Financial Forecasting,161500,python,programming
1205618,Atlassian,Principal Data Analyst - Financial Forecasting,161500,c,programming
1205618,Atlassian,Principal Data Analyst - Financial Forecasting,161500,databricks,cloud
1205618,Atlassian,Principal Data Analyst - Financial Forecasting,161500,tableau,analyst_tools
1205618,Atlassian,Principal Data Analyst - Financial Forecasting,161500,excel,analyst_tools
1205618,Atlassian,Principal Data Analyst - Financial Forecasting,161500,atlassian,other
948522,Atlassian,Principal Data Analyst - Enterprise & Sales,161500,sql,programming
948522,Atlassian,Principal Data Analyst - Enterprise & Sales,161500,c,programming
948522,Atlassian,Principal Data Analyst - Enterprise & Sales,161500,tableau,analyst_tools
948522,Atlassian,Principal Data Analyst - Enterprise & Sales,161500,excel,analyst_tools
948522,Atlassian,Principal Data Analyst - Enterprise & Sales,161500,atlassian,other
367360,DIRECTV,Senior - Data Analyst,160515,sql,programming
367360,DIRECTV,Senior - Data Analyst,160515,python,programming
367360,DIRECTV,Senior - Data Analyst,160515,r,programming
367360,DIRECTV,Senior - Data Analyst,160515,scala,programming
367360,DIRECTV,Senior - Data Analyst,160515,mysql,databases
367360,DIRECTV,Senior - Data Analyst,160515,postgresql,databases
367360,DIRECTV,Senior - Data Analyst,160515,couchbase,databases
367360,DIRECTV,Senior - Data Analyst,160515,snowflake,cloud
367360,DIRECTV,Senior - Data Analyst,160515,azure,cloud
367360,DIRECTV,Senior - Data Analyst,160515,databricks,cloud
367360,DIRECTV,Senior - Data Analyst,160515,oracle,cloud
367360,DIRECTV,Senior - Data Analyst,160515,aws,cloud
367360,DIRECTV,Senior - Data Analyst,160515,redshift,cloud
367360,DIRECTV,Senior - Data Analyst,160515,watson,cloud
367360,DIRECTV,Senior - Data Analyst,160515,pyspark,libraries
367360,DIRECTV,Senior - Data Analyst,160515,airflow,libraries
367360,DIRECTV,Senior - Data Analyst,160515,linux,os
367360,DIRECTV,Senior - Data Analyst,160515,visio,analyst_tools
367360,DIRECTV,Senior - Data Analyst,160515,tableau,analyst_tools
367360,DIRECTV,Senior - Data Analyst,160515,ssis,analyst_tools
367360,DIRECTV,Senior - Data Analyst,160515,cognos,analyst_tools
989267,augmentjobs,Lead Data Analyst,160000,sql,programming
989267,augmentjobs,Lead Data Analyst,160000,r,programming
989267,augmentjobs,Lead Data Analyst,160000,sas,programming
989267,augmentjobs,Lead Data Analyst,160000,tableau,analyst_tools
989267,augmentjobs,Lead Data Analyst,160000,power bi,analyst_tools
989267,augmentjobs,Lead Data Analyst,160000,sas,analyst_tools
631001,Get It Recruit - Information Technology,Principal Data Analyst,160000,sql,programming
631001,Get It Recruit - Information Technology,Principal Data Analyst,160000,python,programming
631001,Get It Recruit - Information Technology,Principal Data Analyst,160000,r,programming
631001,Get It Recruit - Information Technology,Principal Data Analyst,160000,sas,programming
631001,Get It Recruit - Information Technology,Principal Data Analyst,160000,sql server,databases
631001,Get It Recruit - Information Technology,Principal Data Analyst,160000,azure,cloud
631001,Get It Recruit - Information Technology,Principal Data Analyst,160000,power bi,analyst_tools
631001,Get It Recruit - Information Technology,Principal Data Analyst,160000,ssrs,analyst_tools
631001,Get It Recruit - Information Technology,Principal Data Analyst,160000,sas,analyst_tools
100866,Realtime Recruitment,Principal Data Analyst,160000,snowflake,cloud
100866,Realtime Recruitment,Principal Data Analyst,160000,looker,analyst_tools
100866,Realtime Recruitment,Principal Data Analyst,160000,power bi,analyst_tools
90918,Robert Half,SQL DEVELOPER / DATA ANALYST (Insurance industry Experience) ...,160000,sql,programming
90918,Robert Half,SQL DEVELOPER / DATA ANALYST (Insurance industry Experience) ...,160000,java,programming
1103229,Get It Recruit - Administrative,"Operations Data Analyst, Expert",158000,sql,programming
1103229,Get It Recruit - Administrative,"Operations Data Analyst, Expert",158000,perl,programming
1103229,Get It Recruit - Administrative,"Operations Data Analyst, Expert",158000,visual basic,programming
1103229,Get It Recruit - Administrative,"Operations Data Analyst, Expert",158000,c,programming
1103229,Get It Recruit - Administrative,"Operations Data Analyst, Expert",158000,oracle,cloud
1103229,Get It Recruit - Administrative,"Operations Data Analyst, Expert",158000,tableau,analyst_tools
1103229,Get It Recruit - Administrative,"Operations Data Analyst, Expert",158000,excel,analyst_tools
435320,"Edgewater Federal Solutions, Inc.",System Data Analyst,157500,sql,programming
435320,"Edgewater Federal Solutions, Inc.",System Data Analyst,157500,go,programming
435320,"Edgewater Federal Solutions, Inc.",System Data Analyst,157500,oracle,cloud
630662,Uber,Applied Scientist - Maps,157500,sql,programming
630662,Uber,Applied Scientist - Maps,157500,python,programming
630662,Uber,Applied Scientist - Maps,157500,r,programming
630662,Uber,Applied Scientist - Maps,157500,spark,libraries
543099,CaptivateIQ,Data Analyst - Remote,155485.5,sql,programming
543099,CaptivateIQ,Data Analyst - Remote,155485.5,python,programming
543099,CaptivateIQ,Data Analyst - Remote,155485.5,r,programming
543099,CaptivateIQ,Data Analyst - Remote,155485.5,tableau,analyst_tools
543099,CaptivateIQ,Data Analyst - Remote,155485.5,looker,analyst_tools
543099,CaptivateIQ,Data Analyst - Remote,155485.5,datarobot,analyst_tools
128085,Motion Recruitment,Lead Data Analyst,155000,sql,programming
128085,Motion Recruitment,Lead Data Analyst,155000,python,programming
128085,Motion Recruitment,Lead Data Analyst,155000,scala,programming
128085,Motion Recruitment,Lead Data Analyst,155000,java,programming
128085,Motion Recruitment,Lead Data Analyst,155000,c++,programming
128085,Motion Recruitment,Lead Data Analyst,155000,snowflake,cloud
128085,Motion Recruitment,Lead Data Analyst,155000,redshift,cloud
128085,Motion Recruitment,Lead Data Analyst,155000,spark,libraries
128085,Motion Recruitment,Lead Data Analyst,155000,airflow,libraries
128085,Motion Recruitment,Lead Data Analyst,155000,hadoop,libraries
128085,Motion Recruitment,Lead Data Analyst,155000,tableau,analyst_tools
814392,Get It Recruit - Information Technology,Healthcare Analytics Engineer,155000,sql,programming
814392,Get It Recruit - Information Technology,Healthcare Analytics Engineer,155000,python,programming
814392,Get It Recruit - Information Technology,Healthcare Analytics Engineer,155000,shell,programming
814392,Get It Recruit - Information Technology,Healthcare Analytics Engineer,155000,redshift,cloud
814392,Get It Recruit - Information Technology,Healthcare Analytics Engineer,155000,bigquery,cloud
814392,Get It Recruit - Information Technology,Healthcare Analytics Engineer,155000,git,other
174528,Zscaler,Staff Business Data Analyst (Remote U.S. OK),152625,sql,programming
174528,Zscaler,Staff Business Data Analyst (Remote U.S. OK),152625,hadoop,libraries
174528,Zscaler,Staff Business Data Analyst (Remote U.S. OK),152625,tableau,analyst_tools
174528,Zscaler,Staff Business Data Analyst (Remote U.S. OK),152625,excel,analyst_tools
174528,Zscaler,Staff Business Data Analyst (Remote U.S. OK),152625,looker,analyst_tools
184168,Zscaler,Staff Business Data Analyst (Remote U.S. OK),152625,sql,programming
184168,Zscaler,Staff Business Data Analyst (Remote U.S. OK),152625,hadoop,libraries
184168,Zscaler,Staff Business Data Analyst (Remote U.S. OK),152625,tableau,analyst_tools
184168,Zscaler,Staff Business Data Analyst (Remote U.S. OK),152625,excel,analyst_tools
184168,Zscaler,Staff Business Data Analyst (Remote U.S. OK),152625,looker,analyst_tools
853079,Offered.ai,Lead Data Analyst,152500,sql,programming
853079,Offered.ai,Lead Data Analyst,152500,python,programming
853079,Offered.ai,Lead Data Analyst,152500,r,programming
853079,Offered.ai,Lead Data Analyst,152500,sas,programming
853079,Offered.ai,Lead Data Analyst,152500,sas,analyst_tools
209103,Rocket Money,"Lead Data Analyst, Growth (Remote)",152500,sql,programming
209103,Rocket Money,"Lead Data Analyst, Growth (Remote)",152500,looker,analyst_tools
565240,US Patent and Trademark Office,Management & Program Analyst (Data Analytics),152221.5,sql,programming
565240,US Patent and Trademark Office,Management & Program Analyst (Data Analytics),152221.5,r,programming
565240,US Patent and Trademark Office,Management & Program Analyst (Data Analytics),152221.5,go,programming
565240,US Patent and Trademark Office,Management & Program Analyst (Data Analytics),152221.5,databricks,cloud
565240,US Patent and Trademark Office,Management & Program Analyst (Data Analytics),152221.5,tableau,analyst_tools
565240,US Patent and Trademark Office,Management & Program Analyst (Data Analytics),152221.5,alteryx,analyst_tools
1314732,RTX,Application Portfolio Data Analyst,152000,tableau,analyst_tools
1314732,RTX,Application Portfolio Data Analyst,152000,excel,analyst_tools
1314732,RTX,Application Portfolio Data Analyst,152000,power bi,analyst_tools
1314732,RTX,Application Portfolio Data Analyst,152000,flow,other
590644,Get It Recruit - Healthcare,Data Analyst,151500,sql,programming
590644,Get It Recruit - Healthcare,Data Analyst,151500,python,programming
590644,Get It Recruit - Healthcare,Data Analyst,151500,r,programming
1222296,Confluent,Security Engineer - Detection and Response,151425,azure,cloud
1222296,Confluent,Security Engineer - Detection and Response,151425,aws,cloud
1222296,Confluent,Security Engineer - Detection and Response,151425,gcp,cloud
927534,Pfizer,"Sr. Manager, Analytics Engineer - Biopharma",151000,sql,programming
927534,Pfizer,"Sr. Manager, Analytics Engineer - Biopharma",151000,python,programming
927534,Pfizer,"Sr. Manager, Analytics Engineer - Biopharma",151000,java,programming
927534,Pfizer,"Sr. Manager, Analytics Engineer - Biopharma",151000,shell,programming
927534,Pfizer,"Sr. Manager, Analytics Engineer - Biopharma",151000,oracle,cloud
927534,Pfizer,"Sr. Manager, Analytics Engineer - Biopharma",151000,spark,libraries
927534,Pfizer,"Sr. Manager, Analytics Engineer - Biopharma",151000,hadoop,libraries
927534,Pfizer,"Sr. Manager, Analytics Engineer - Biopharma",151000,unix,os
409295,Patterned Learning AI,Mid-Level Data Analyst,150000,sql,programming
409295,Patterned Learning AI,Mid-Level Data Analyst,150000,tableau,analyst_tools
409295,Patterned Learning AI,Mid-Level Data Analyst,150000,excel,analyst_tools
409295,Patterned Learning AI,Mid-Level Data Analyst,150000,sheets,analyst_tools
1108797,SpecialCase,Data Analyst for Security Analytics & Innovation Team,150000,sql,programming
1108797,SpecialCase,Data Analyst for Security Analytics & Innovation Team,150000,python,programming
1108797,SpecialCase,Data Analyst for Security Analytics & Innovation Team,150000,r,programming
433978,Patterned Learning AI,Mid-Level Data BI Analyst,150000,sql,programming
433978,Patterned Learning AI,Mid-Level Data BI Analyst,150000,nosql,programming
433978,Patterned Learning AI,Mid-Level Data BI Analyst,150000,vba,programming
433978,Patterned Learning AI,Mid-Level Data BI Analyst,150000,oracle,cloud
433978,Patterned Learning AI,Mid-Level Data BI Analyst,150000,hadoop,libraries
433978,Patterned Learning AI,Mid-Level Data BI Analyst,150000,tableau,analyst_tools
433978,Patterned Learning AI,Mid-Level Data BI Analyst,150000,excel,analyst_tools
1015749,ALTA IT Services,Network Flow Data Analyst,150000,flow,other
875567,Advanced Image Inc.,Data Warehouse Analyst,150000,sql,programming
875567,Advanced Image Inc.,Data Warehouse Analyst,150000,t-sql,programming
875567,Advanced Image Inc.,Data Warehouse Analyst,150000,sql server,databases
875567,Advanced Image Inc.,Data Warehouse Analyst,150000,ssis,analyst_tools
875567,Advanced Image Inc.,Data Warehouse Analyst,150000,ssrs,analyst_tools
305802,Edward Jones,Lead Data Analyst - Retirement Product Management,148238.5,sql,programming
305802,Edward Jones,Lead Data Analyst - Retirement Product Management,148238.5,python,programming
305802,Edward Jones,Lead Data Analyst - Retirement Product Management,148238.5,r,programming
305802,Edward Jones,Lead Data Analyst - Retirement Product Management,148238.5,sas,programming
305802,Edward Jones,Lead Data Analyst - Retirement Product Management,148238.5,nosql,programming
305802,Edward Jones,Lead Data Analyst - Retirement Product Management,148238.5,vba,programming
305802,Edward Jones,Lead Data Analyst - Retirement Product Management,148238.5,db2,databases
305802,Edward Jones,Lead Data Analyst - Retirement Product Management,148238.5,oracle,cloud
305802,Edward Jones,Lead Data Analyst - Retirement Product Management,148238.5,hadoop,libraries
305802,Edward Jones,Lead Data Analyst - Retirement Product Management,148238.5,tableau,analyst_tools
305802,Edward Jones,Lead Data Analyst - Retirement Product Management,148238.5,excel,analyst_tools
305802,Edward Jones,Lead Data Analyst - Retirement Product Management,148238.5,microstrategy,analyst_tools
305802,Edward Jones,Lead Data Analyst - Retirement Product Management,148238.5,spss,analyst_tools
305802,Edward Jones,Lead Data Analyst - Retirement Product Management,148238.5,sas,analyst_tools
968685,RTX,Cybersecurity Data Analyst,148000,sap,analyst_tools
968685,RTX,Cybersecurity Data Analyst,148000,flow,other
1075300,UnitedHealth Group,"Principal Data Analyst, Healthcare Economics - Remote",147500,sql,programming
1075300,UnitedHealth Group,"Principal Data Analyst, Healthcare Economics - Remote",147500,sas,programming
1075300,UnitedHealth Group,"Principal Data Analyst, Healthcare Economics - Remote",147500,snowflake,cloud
1075300,UnitedHealth Group,"Principal Data Analyst, Healthcare Economics - Remote",147500,sas,analyst_tools
1087495,Talentify.io,Principal Data Analyst - Remote,147500,snowflake,cloud
1087495,Talentify.io,Principal Data Analyst - Remote,147500,azure,cloud
1087495,Talentify.io,Principal Data Analyst - Remote,147500,databricks,cloud
1087495,Talentify.io,Principal Data Analyst - Remote,147500,tableau,analyst_tools
1087495,Talentify.io,Principal Data Analyst - Remote,147500,power bi,analyst_tools
1058629,Talentify.io,"Principal Data Analyst, Healthcare Economics - Remote",147500,sql,programming
1058629,Talentify.io,"Principal Data Analyst, Healthcare Economics - Remote",147500,sas,programming
1058629,Talentify.io,"Principal Data Analyst, Healthcare Economics - Remote",147500,snowflake,cloud
1058629,Talentify.io,"Principal Data Analyst, Healthcare Economics - Remote",147500,sas,analyst_tools
651459,EXL Service,Manager - Data Analyst,147285,sql,programming
651459,EXL Service,Manager - Data Analyst,147285,python,programming
651459,EXL Service,Manager - Data Analyst,147285,sas,programming
651459,EXL Service,Manager - Data Analyst,147285,t-sql,programming
651459,EXL Service,Manager - Data Analyst,147285,snowflake,cloud
651459,EXL Service,Manager - Data Analyst,147285,hadoop,libraries
651459,EXL Service,Manager - Data Analyst,147285,excel,analyst_tools
651459,EXL Service,Manager - Data Analyst,147285,ssis,analyst_tools
651459,EXL Service,Manager - Data Analyst,147285,sas,analyst_tools
924825,Cisco,Sr. Data Analyst,146500,sql,programming
924825,Cisco,Sr. Data Analyst,146500,tableau,analyst_tools
924825,Cisco,Sr. Data Analyst,146500,excel,analyst_tools
924825,Cisco,Sr. Data Analyst,146500,cognos,analyst_tools
1051132,First Citizens Bank,Data Analyst III,145537.5,sql,programming
1051132,First Citizens Bank,Data Analyst III,145537.5,python,programming
1051132,First Citizens Bank,Data Analyst III,145537.5,r,programming
1051132,First Citizens Bank,Data Analyst III,145537.5,go,programming
1051132,First Citizens Bank,Data Analyst III,145537.5,sas,programming
1051132,First Citizens Bank,Data Analyst III,145537.5,kafka,libraries
1051132,First Citizens Bank,Data Analyst III,145537.5,pyspark,libraries
1051132,First Citizens Bank,Data Analyst III,145537.5,tableau,analyst_tools
1051132,First Citizens Bank,Data Analyst III,145537.5,excel,analyst_tools
1051132,First Citizens Bank,Data Analyst III,145537.5,sas,analyst_tools
1051132,First Citizens Bank,Data Analyst III,145537.5,powerpoint,analyst_tools
1153019,Clari,Senior Product Operations Data Analyst,145000,sql,programming
1153019,Clari,Senior Product Operations Data Analyst,145000,tableau,analyst_tools
1153019,Clari,Senior Product Operations Data Analyst,145000,jira,async
1153019,Clari,Senior Product Operations Data Analyst,145000,zoom,sync
1143621,Clari,Senior Product Operations Data Analyst,145000,sql,programming
1143621,Clari,Senior Product Operations Data Analyst,145000,tableau,analyst_tools
1143621,Clari,Senior Product Operations Data Analyst,145000,jira,async
1143621,Clari,Senior Product Operations Data Analyst,145000,zoom,sync
192754,Level,Data Analyst,145000,sql,programming
192754,Level,Data Analyst,145000,python,programming
192754,Level,Data Analyst,145000,r,programming
192754,Level,Data Analyst,145000,golang,programming
192754,Level,Data Analyst,145000,elasticsearch,databases
192754,Level,Data Analyst,145000,aws,cloud
192754,Level,Data Analyst,145000,gcp,cloud
192754,Level,Data Analyst,145000,bigquery,cloud
192754,Level,Data Analyst,145000,scikit-learn,libraries
192754,Level,Data Analyst,145000,pandas,libraries
192754,Level,Data Analyst,145000,looker,analyst_tools
192754,Level,Data Analyst,145000,kubernetes,other
1113768,Clari,Senior Product Operations Data Analyst,145000,sql,programming
1113768,Clari,Senior Product Operations Data Analyst,145000,tableau,analyst_tools
1113768,Clari,Senior Product Operations Data Analyst,145000,jira,async
1113768,Clari,Senior Product Operations Data Analyst,145000,zoom,sync
1116150,Clari,Senior Product Operations Data Analyst,145000,sql,programming
1116150,Clari,Senior Product Operations Data Analyst,145000,tableau,analyst_tools
1116150,Clari,Senior Product Operations Data Analyst,145000,jira,async
1116150,Clari,Senior Product Operations Data Analyst,145000,zoom,sync
1118557,Clari,Senior Product Operations Data Analyst,145000,sql,programming
1118557,Clari,Senior Product Operations Data Analyst,145000,tableau,analyst_tools
1118557,Clari,Senior Product Operations Data Analyst,145000,jira,async
1118557,Clari,Senior Product Operations Data Analyst,145000,zoom,sync
1127085,Clari,Senior Product Operations Data Analyst,145000,sql,programming
1127085,Clari,Senior Product Operations Data Analyst,145000,tableau,analyst_tools
1127085,Clari,Senior Product Operations Data Analyst,145000,jira,async
1127085,Clari,Senior Product Operations Data Analyst,145000,zoom,sync
1120867,Clari,Senior Product Operations Data Analyst,145000,sql,programming
1120867,Clari,Senior Product Operations Data Analyst,145000,tableau,analyst_tools
1120867,Clari,Senior Product Operations Data Analyst,145000,jira,async
1120867,Clari,Senior Product Operations Data Analyst,145000,zoom,sync
1163710,Clari,Senior Product Operations Data Analyst,145000,sql,programming
1163710,Clari,Senior Product Operations Data Analyst,145000,tableau,analyst_tools
1163710,Clari,Senior Product Operations Data Analyst,145000,jira,async
1163710,Clari,Senior Product Operations Data Analyst,145000,zoom,sync
1175254,Clari,Senior Product Operations Data Analyst,145000,sql,programming
1175254,Clari,Senior Product Operations Data Analyst,145000,tableau,analyst_tools
1175254,Clari,Senior Product Operations Data Analyst,145000,jira,async
1175254,Clari,Senior Product Operations Data Analyst,145000,zoom,sync
1184185,Clari,Senior Product Operations Data Analyst,145000,sql,programming
1184185,Clari,Senior Product Operations Data Analyst,145000,tableau,analyst_tools
1184185,Clari,Senior Product Operations Data Analyst,145000,jira,async
1184185,Clari,Senior Product Operations Data Analyst,145000,zoom,sync
260622,Hire With Jarvis,Data Analyst - up to 160K+,145000,sql,programming
260622,Hire With Jarvis,Data Analyst - up to 160K+,145000,tableau,analyst_tools
260622,Hire With Jarvis,Data Analyst - up to 160K+,145000,excel,analyst_tools
260622,Hire With Jarvis,Data Analyst - up to 160K+,145000,power bi,analyst_tools
1173664,Clari,Senior Product Operations Data Analyst,145000,sql,programming
1173664,Clari,Senior Product Operations Data Analyst,145000,tableau,analyst_tools
1173664,Clari,Senior Product Operations Data Analyst,145000,jira,async
1173664,Clari,Senior Product Operations Data Analyst,145000,zoom,sync
1171957,Clari,Senior Product Operations Data Analyst,145000,sql,programming
1171957,Clari,Senior Product Operations Data Analyst,145000,tableau,analyst_tools
1171957,Clari,Senior Product Operations Data Analyst,145000,jira,async
1171957,Clari,Senior Product Operations Data Analyst,145000,zoom,sync
1167141,Clari,Senior Product Operations Data Analyst,145000,sql,programming
1167141,Clari,Senior Product Operations Data Analyst,145000,tableau,analyst_tools
1167141,Clari,Senior Product Operations Data Analyst,145000,jira,async
1167141,Clari,Senior Product Operations Data Analyst,145000,zoom,sync
1185622,Clari,Senior Product Operations Data Analyst,145000,sql,programming
1185622,Clari,Senior Product Operations Data Analyst,145000,tableau,analyst_tools
1185622,Clari,Senior Product Operations Data Analyst,145000,jira,async
1185622,Clari,Senior Product Operations Data Analyst,145000,zoom,sync
1165418,Clari,Senior Product Operations Data Analyst,145000,sql,programming
1165418,Clari,Senior Product Operations Data Analyst,145000,tableau,analyst_tools
1165418,Clari,Senior Product Operations Data Analyst,145000,jira,async
1165418,Clari,Senior Product Operations Data Analyst,145000,zoom,sync
1145585,Clari,Senior Product Operations Data Analyst,145000,sql,programming
1145585,Clari,Senior Product Operations Data Analyst,145000,tableau,analyst_tools
1145585,Clari,Senior Product Operations Data Analyst,145000,jira,async
1145585,Clari,Senior Product Operations Data Analyst,145000,zoom,sync
867568,Clari,Senior Product Operations Data Analyst,145000,sql,programming
867568,Clari,Senior Product Operations Data Analyst,145000,tableau,analyst_tools
867568,Clari,Senior Product Operations Data Analyst,145000,jira,async
867568,Clari,Senior Product Operations Data Analyst,145000,zoom,sync
1191001,Clari,Senior Product Operations Data Analyst,145000,sql,programming
1191001,Clari,Senior Product Operations Data Analyst,145000,tableau,analyst_tools
1191001,Clari,Senior Product Operations Data Analyst,145000,jira,async
1191001,Clari,Senior Product Operations Data Analyst,145000,zoom,sync
1182663,Clari,Senior Product Operations Data Analyst,145000,sql,programming
1182663,Clari,Senior Product Operations Data Analyst,145000,tableau,analyst_tools
1182663,Clari,Senior Product Operations Data Analyst,145000,jira,async
1182663,Clari,Senior Product Operations Data Analyst,145000,zoom,sync
1181167,Clari,Senior Product Operations Data Analyst,145000,sql,programming
1181167,Clari,Senior Product Operations Data Analyst,145000,tableau,analyst_tools
1181167,Clari,Senior Product Operations Data Analyst,145000,jira,async
1181167,Clari,Senior Product Operations Data Analyst,145000,zoom,sync
1176798,Clari,Senior Product Operations Data Analyst,145000,sql,programming
1176798,Clari,Senior Product Operations Data Analyst,145000,tableau,analyst_tools
1176798,Clari,Senior Product Operations Data Analyst,145000,jira,async
1176798,Clari,Senior Product Operations Data Analyst,145000,zoom,sync
1170370,Clari,Senior Product Operations Data Analyst,145000,sql,programming
1170370,Clari,Senior Product Operations Data Analyst,145000,tableau,analyst_tools
1170370,Clari,Senior Product Operations Data Analyst,145000,jira,async
1170370,Clari,Senior Product Operations Data Analyst,145000,zoom,sync
1161898,Clari,Senior Product Operations Data Analyst,145000,sql,programming
1161898,Clari,Senior Product Operations Data Analyst,145000,tableau,analyst_tools
1161898,Clari,Senior Product Operations Data Analyst,145000,jira,async
1161898,Clari,Senior Product Operations Data Analyst,145000,zoom,sync
1160246,Clari,Senior Product Operations Data Analyst,145000,sql,programming
1160246,Clari,Senior Product Operations Data Analyst,145000,tableau,analyst_tools
1160246,Clari,Senior Product Operations Data Analyst,145000,jira,async
1160246,Clari,Senior Product Operations Data Analyst,145000,zoom,sync
1156724,Clari,Senior Product Operations Data Analyst,145000,sql,programming
1156724,Clari,Senior Product Operations Data Analyst,145000,tableau,analyst_tools
1156724,Clari,Senior Product Operations Data Analyst,145000,jira,async
1156724,Clari,Senior Product Operations Data Analyst,145000,zoom,sync
1154886,Clari,Senior Product Operations Data Analyst,145000,sql,programming
1154886,Clari,Senior Product Operations Data Analyst,145000,tableau,analyst_tools
1154886,Clari,Senior Product Operations Data Analyst,145000,jira,async
1154886,Clari,Senior Product Operations Data Analyst,145000,zoom,sync
1151127,Clari,Senior Product Operations Data Analyst,145000,sql,programming
1151127,Clari,Senior Product Operations Data Analyst,145000,tableau,analyst_tools
1151127,Clari,Senior Product Operations Data Analyst,145000,jira,async
1151127,Clari,Senior Product Operations Data Analyst,145000,zoom,sync
1149357,Clari,Senior Product Operations Data Analyst,145000,sql,programming
1149357,Clari,Senior Product Operations Data Analyst,145000,tableau,analyst_tools
1149357,Clari,Senior Product Operations Data Analyst,145000,jira,async
1149357,Clari,Senior Product Operations Data Analyst,145000,zoom,sync
1141638,Clari,Senior Product Operations Data Analyst,145000,sql,programming
1141638,Clari,Senior Product Operations Data Analyst,145000,tableau,analyst_tools
1141638,Clari,Senior Product Operations Data Analyst,145000,jira,async
1141638,Clari,Senior Product Operations Data Analyst,145000,zoom,sync
1139608,Clari,Senior Product Operations Data Analyst,145000,sql,programming
1139608,Clari,Senior Product Operations Data Analyst,145000,tableau,analyst_tools
1139608,Clari,Senior Product Operations Data Analyst,145000,jira,async
1139608,Clari,Senior Product Operations Data Analyst,145000,zoom,sync
1137767,Clari,Senior Product Operations Data Analyst,145000,sql,programming
1137767,Clari,Senior Product Operations Data Analyst,145000,tableau,analyst_tools
1137767,Clari,Senior Product Operations Data Analyst,145000,jira,async
1137767,Clari,Senior Product Operations Data Analyst,145000,zoom,sync
127321,ALTA IT Services,Data Scientist Analyst,145000,sql,programming
127321,ALTA IT Services,Data Scientist Analyst,145000,python,programming
127321,ALTA IT Services,Data Scientist Analyst,145000,r,programming
127321,ALTA IT Services,Data Scientist Analyst,145000,sas,programming
127321,ALTA IT Services,Data Scientist Analyst,145000,tableau,analyst_tools
127321,ALTA IT Services,Data Scientist Analyst,145000,excel,analyst_tools
127321,ALTA IT Services,Data Scientist Analyst,145000,power bi,analyst_tools
127321,ALTA IT Services,Data Scientist Analyst,145000,sas,analyst_tools
1133729,Clari,Senior Product Operations Data Analyst,145000,sql,programming
1133729,Clari,Senior Product Operations Data Analyst,145000,tableau,analyst_tools
1133729,Clari,Senior Product Operations Data Analyst,145000,jira,async
1133729,Clari,Senior Product Operations Data Analyst,145000,zoom,sync
1131590,Clari,Senior Product Operations Data Analyst,145000,sql,programming
1131590,Clari,Senior Product Operations Data Analyst,145000,tableau,analyst_tools
1131590,Clari,Senior Product Operations Data Analyst,145000,jira,async
1131590,Clari,Senior Product Operations Data Analyst,145000,zoom,sync
1129387,Clari,Senior Product Operations Data Analyst,145000,sql,programming
1129387,Clari,Senior Product Operations Data Analyst,145000,tableau,analyst_tools
1129387,Clari,Senior Product Operations Data Analyst,145000,jira,async
1129387,Clari,Senior Product Operations Data Analyst,145000,zoom,sync
1125099,Clari,Senior Product Operations Data Analyst,145000,sql,programming
1125099,Clari,Senior Product Operations Data Analyst,145000,tableau,analyst_tools
1125099,Clari,Senior Product Operations Data Analyst,145000,jira,async
1125099,Clari,Senior Product Operations Data Analyst,145000,zoom,sync
965667,Chenega Corporation,IT Financial Management System and Data Analyst,145000,sql,programming
965667,Chenega Corporation,IT Financial Management System and Data Analyst,145000,tableau,analyst_tools
289126,CyberCoders,Data Analyst,145000,python,programming
289126,CyberCoders,Data Analyst,145000,r,programming
289126,CyberCoders,Data Analyst,145000,javascript,programming
289126,CyberCoders,Data Analyst,145000,java,programming
289126,CyberCoders,Data Analyst,145000,c++,programming
289126,CyberCoders,Data Analyst,145000,tableau,analyst_tools
289126,CyberCoders,Data Analyst,145000,power bi,analyst_tools
289126,CyberCoders,Data Analyst,145000,qlik,analyst_tools
790850,Get It Recruit - Information Technology,Machine Learning Data Analyst,144000,sql,programming
790850,Get It Recruit - Information Technology,Machine Learning Data Analyst,144000,python,programming
790850,Get It Recruit - Information Technology,Machine Learning Data Analyst,144000,matplotlib,libraries
790850,Get It Recruit - Information Technology,Machine Learning Data Analyst,144000,tableau,analyst_tools
790850,Get It Recruit - Information Technology,Machine Learning Data Analyst,144000,power bi,analyst_tools
790846,Get It Recruit - Information Technology,Machine Learning Data Analyst,144000,sql,programming
790846,Get It Recruit - Information Technology,Machine Learning Data Analyst,144000,python,programming
790846,Get It Recruit - Information Technology,Machine Learning Data Analyst,144000,matplotlib,libraries
790846,Get It Recruit - Information Technology,Machine Learning Data Analyst,144000,tableau,analyst_tools
790846,Get It Recruit - Information Technology,Machine Learning Data Analyst,144000,power bi,analyst_tools
209137,Uber,Data Analyst,140500,sql,programming
209137,Uber,Data Analyst,140500,python,programming
209137,Uber,Data Analyst,140500,r,programming
209137,Uber,Data Analyst,140500,swift,programming
209137,Uber,Data Analyst,140500,tableau,analyst_tools
209137,Uber,Data Analyst,140500,excel,analyst_tools
209137,Uber,Data Analyst,140500,looker,analyst_tools
1245872,Cayuse Holdings,Data Analyst - Senior,140500,python,programming
1245872,Cayuse Holdings,Data Analyst - Senior,140500,r,programming
1245872,Cayuse Holdings,Data Analyst - Senior,140500,javascript,programming
1245872,Cayuse Holdings,Data Analyst - Senior,140500,sas,programming
1245872,Cayuse Holdings,Data Analyst - Senior,140500,java,programming
1245872,Cayuse Holdings,Data Analyst - Senior,140500,mysql,databases
1245872,Cayuse Holdings,Data Analyst - Senior,140500,sas,analyst_tools
819190,Uber,Data Analyst II,140500,sql,programming
819190,Uber,Data Analyst II,140500,tableau,analyst_tools
464766,Insight Global,People Data Analyst,140500,sql,programming
464766,Insight Global,People Data Analyst,140500,python,programming
464766,Insight Global,People Data Analyst,140500,oracle,cloud
435688,Sisense,Sr. Data Analyst,140000,sql,programming
435688,Sisense,Sr. Data Analyst,140000,python,programming
435688,Sisense,Sr. Data Analyst,140000,r,programming
435688,Sisense,Sr. Data Analyst,140000,snowflake,cloud
1301174,Shift5,Data Analyst,140000,sql,programming
1301174,Shift5,Data Analyst,140000,python,programming
1301174,Shift5,Data Analyst,140000,r,programming
1301174,Shift5,Data Analyst,140000,tableau,analyst_tools
1301174,Shift5,Data Analyst,140000,looker,analyst_tools
1205003,Motion Recruitment,Power BI Risk and Data Analyst,140000,tableau,analyst_tools
1205003,Motion Recruitment,Power BI Risk and Data Analyst,140000,power bi,analyst_tools
11329,IT Pros,Qlik/Power BI Data Analyst | $130K-$150K + ESOP |100% USA-Remote,140000,bigquery,cloud
11329,IT Pros,Qlik/Power BI Data Analyst | $130K-$150K + ESOP |100% USA-Remote,140000,power bi,analyst_tools
11329,IT Pros,Qlik/Power BI Data Analyst | $130K-$150K + ESOP |100% USA-Remote,140000,qlik,analyst_tools
81797,Insight Global,Data Manager,140000,nosql,programming
931145,Get It Recruit - Information Technology,Data Systems Analyst in Healthcare SaaS Company,139500,sql,programming
931145,Get It Recruit - Information Technology,Data Systems Analyst in Healthcare SaaS Company,139500,excel,analyst_tools
917163,Get It Recruit - Information Technology,Data Systems Analyst,139500,sql,programming
917163,Get It Recruit - Information Technology,Data Systems Analyst,139500,python,programming
917163,Get It Recruit - Information Technology,Data Systems Analyst,139500,javascript,programming
917163,Get It Recruit - Information Technology,Data Systems Analyst,139500,bash,programming
917163,Get It Recruit - Information Technology,Data Systems Analyst,139500,powershell,programming
917163,Get It Recruit - Information Technology,Data Systems Analyst,139500,php,programming
917163,Get It Recruit - Information Technology,Data Systems Analyst,139500,sql server,databases
917163,Get It Recruit - Information Technology,Data Systems Analyst,139500,snowflake,cloud
917163,Get It Recruit - Information Technology,Data Systems Analyst,139500,oracle,cloud
917163,Get It Recruit - Information Technology,Data Systems Analyst,139500,redshift,cloud
917163,Get It Recruit - Information Technology,Data Systems Analyst,139500,bigquery,cloud
917163,Get It Recruit - Information Technology,Data Systems Analyst,139500,excel,analyst_tools
1091839,Ro,"Data Analyst II, Care Delivery Operations",139500,sql,programming
1091839,Ro,"Data Analyst II, Care Delivery Operations",139500,looker,analyst_tools
474906,Revolut,Data Analyst (Product Data Analyst),139000,sql,programming
474906,Revolut,Data Analyst (Product Data Analyst),139000,python,programming
474906,Revolut,Data Analyst (Product Data Analyst),139000,scala,programming
474906,Revolut,Data Analyst (Product Data Analyst),139000,java,programming
474906,Revolut,Data Analyst (Product Data Analyst),139000,c++,programming
492442,United Services Automobile Association,Digital Marketing Data Analyst (Hybrid),138640,sql,programming
492442,United Services Automobile Association,Digital Marketing Data Analyst (Hybrid),138640,javascript,programming
492442,United Services Automobile Association,Digital Marketing Data Analyst (Hybrid),138640,nosql,programming
492442,United Services Automobile Association,Digital Marketing Data Analyst (Hybrid),138640,snowflake,cloud
492442,United Services Automobile Association,Digital Marketing Data Analyst (Hybrid),138640,hadoop,libraries
492442,United Services Automobile Association,Digital Marketing Data Analyst (Hybrid),138640,phoenix,webframeworks
492442,United Services Automobile Association,Digital Marketing Data Analyst (Hybrid),138640,tableau,analyst_tools
719315,Overmind,Data Analyst,138500,sql,programming
719315,Overmind,Data Analyst,138500,python,programming
631133,Get It Recruit - Information Technology,Lead I - Power BI Data Analyst,138000,sql,programming
631133,Get It Recruit - Information Technology,Lead I - Power BI Data Analyst,138000,nosql,programming
631133,Get It Recruit - Information Technology,Lead I - Power BI Data Analyst,138000,sql server,databases
631133,Get It Recruit - Information Technology,Lead I - Power BI Data Analyst,138000,azure,cloud
631133,Get It Recruit - Information Technology,Lead I - Power BI Data Analyst,138000,power bi,analyst_tools
631133,Get It Recruit - Information Technology,Lead I - Power BI Data Analyst,138000,dax,analyst_tools
1002731,McKesson,Financial Data Analyst,137500,sql,programming
1002731,McKesson,Financial Data Analyst,137500,python,programming
1002731,McKesson,Financial Data Analyst,137500,r,programming
1002731,McKesson,Financial Data Analyst,137500,tableau,analyst_tools
1002731,McKesson,Financial Data Analyst,137500,power bi,analyst_tools
1002731,McKesson,Financial Data Analyst,137500,sap,analyst_tools
1002731,McKesson,Financial Data Analyst,137500,dax,analyst_tools
645564,"Insight Global, Inc.",Secret Data Analyst Remote / Telecommute Jobs,137500,sharepoint,analyst_tools
458913,WhiteCrow,Data Analytics Manager,137000,excel,analyst_tools
458913,WhiteCrow,Data Analytics Manager,137000,powerpoint,analyst_tools
1094694,CBRE,Construction Business Intelligence Data Analyst - Remote,136000,sql,programming
1094694,CBRE,Construction Business Intelligence Data Analyst - Remote,136000,sap,analyst_tools
1094694,CBRE,Construction Business Intelligence Data Analyst - Remote,136000,sheets,analyst_tools
1027304,Jobot,Data Analyst,135000,sql,programming
1027304,Jobot,Data Analyst,135000,python,programming
1027304,Jobot,Data Analyst,135000,r,programming
1027304,Jobot,Data Analyst,135000,tableau,analyst_tools
1027304,Jobot,Data Analyst,135000,power bi,analyst_tools
528110,Get It Recruit - Hospitality,Data Analyst - Advanced Analytics,135000,sql,programming
528110,Get It Recruit - Hospitality,Data Analyst - Advanced Analytics,135000,python,programming
528110,Get It Recruit - Hospitality,Data Analyst - Advanced Analytics,135000,r,programming
528110,Get It Recruit - Hospitality,Data Analyst - Advanced Analytics,135000,sas,programming
528110,Get It Recruit - Hospitality,Data Analyst - Advanced Analytics,135000,sas,analyst_tools
1003244,Jobot,100% Remote Senior Data Analyst,135000,sql,programming
1003244,Jobot,100% Remote Senior Data Analyst,135000,python,programming
1003244,Jobot,100% Remote Senior Data Analyst,135000,r,programming
1003244,Jobot,100% Remote Senior Data Analyst,135000,sql server,databases
1003244,Jobot,100% Remote Senior Data Analyst,135000,oracle,cloud
1003244,Jobot,100% Remote Senior Data Analyst,135000,watson,cloud
1003244,Jobot,100% Remote Senior Data Analyst,135000,plotly,libraries
1003244,Jobot,100% Remote Senior Data Analyst,135000,power bi,analyst_tools
630131,Robert Half,Lead Data Analyst / SQL Developer,135000,sql,programming
630131,Robert Half,Lead Data Analyst / SQL Developer,135000,python,programming
630131,Robert Half,Lead Data Analyst / SQL Developer,135000,go,programming
630131,Robert Half,Lead Data Analyst / SQL Developer,135000,c,programming
630131,Robert Half,Lead Data Analyst / SQL Developer,135000,sql server,databases
1249778,Walmart Global Tech,"Principal, Data Analyst - Bentonville, AR",135000,sql,programming
1249778,Walmart Global Tech,"Principal, Data Analyst - Bentonville, AR",135000,python,programming
1249778,Walmart Global Tech,"Principal, Data Analyst - Bentonville, AR",135000,r,programming
1249778,Walmart Global Tech,"Principal, Data Analyst - Bentonville, AR",135000,scala,programming
1249778,Walmart Global Tech,"Principal, Data Analyst - Bentonville, AR",135000,bigquery,cloud
1249778,Walmart Global Tech,"Principal, Data Analyst - Bentonville, AR",135000,spark,libraries
1249778,Walmart Global Tech,"Principal, Data Analyst - Bentonville, AR",135000,airflow,libraries
1249778,Walmart Global Tech,"Principal, Data Analyst - Bentonville, AR",135000,tableau,analyst_tools
1249778,Walmart Global Tech,"Principal, Data Analyst - Bentonville, AR",135000,looker,analyst_tools
1249778,Walmart Global Tech,"Principal, Data Analyst - Bentonville, AR",135000,power bi,analyst_tools
155134,InvestM Technology LLC,Data Analyst,135000,sql,programming
155134,InvestM Technology LLC,Data Analyst,135000,excel,analyst_tools
155134,InvestM Technology LLC,Data Analyst,135000,power bi,analyst_tools
924759,Get It Recruit - Marketing,Data-Driven Marketing Analyst,135000,sql,programming
924759,Get It Recruit - Marketing,Data-Driven Marketing Analyst,135000,looker,analyst_tools
391467,EPIC Brokers,Data Analyst,135000,excel,analyst_tools
1297269,Walmart Global Tech,"Principal, Data Analyst - Bentonville, AR",135000,sql,programming
1297269,Walmart Global Tech,"Principal, Data Analyst - Bentonville, AR",135000,python,programming
1297269,Walmart Global Tech,"Principal, Data Analyst - Bentonville, AR",135000,r,programming
1297269,Walmart Global Tech,"Principal, Data Analyst - Bentonville, AR",135000,scala,programming
1297269,Walmart Global Tech,"Principal, Data Analyst - Bentonville, AR",135000,bigquery,cloud
1297269,Walmart Global Tech,"Principal, Data Analyst - Bentonville, AR",135000,spark,libraries
1297269,Walmart Global Tech,"Principal, Data Analyst - Bentonville, AR",135000,airflow,libraries
1297269,Walmart Global Tech,"Principal, Data Analyst - Bentonville, AR",135000,tableau,analyst_tools
1297269,Walmart Global Tech,"Principal, Data Analyst - Bentonville, AR",135000,looker,analyst_tools
1297269,Walmart Global Tech,"Principal, Data Analyst - Bentonville, AR",135000,power bi,analyst_tools
1479770,Kiavi,Risk Data Analyst (6 month contract with benefits),135000,sql,programming
1479770,Kiavi,Risk Data Analyst (6 month contract with benefits),135000,python,programming
1479770,Kiavi,Risk Data Analyst (6 month contract with benefits),135000,r,programming
1479770,Kiavi,Risk Data Analyst (6 month contract with benefits),135000,tableau,analyst_tools
1520648,Ryder System,Manager Customer Insights & Data Analytics- REMOTE,135000,sql,programming
1520648,Ryder System,Manager Customer Insights & Data Analytics- REMOTE,135000,python,programming
1520648,Ryder System,Manager Customer Insights & Data Analytics- REMOTE,135000,r,programming
1520648,Ryder System,Manager Customer Insights & Data Analytics- REMOTE,135000,databricks,cloud
1520648,Ryder System,Manager Customer Insights & Data Analytics- REMOTE,135000,excel,analyst_tools
827834,Get It Recruit - Information Technology,Data Analyst,134500,sql,programming
827834,Get It Recruit - Information Technology,Data Analyst,134500,python,programming
87129,Osmind,Quantitative Scientist (Remote),132500,sql,programming
87129,Osmind,Quantitative Scientist (Remote),132500,python,programming
87129,Osmind,Quantitative Scientist (Remote),132500,r,programming
756748,Get It Recruit - Information Technology,Data Insights Analyst III,132500,sql,programming
756748,Get It Recruit - Information Technology,Data Insights Analyst III,132500,python,programming
756748,Get It Recruit - Information Technology,Data Insights Analyst III,132500,r,programming
756748,Get It Recruit - Information Technology,Data Insights Analyst III,132500,tableau,analyst_tools
574641,SoftDev Incorporated,Data Analyst III,132500,sql,programming
574641,SoftDev Incorporated,Data Analyst III,132500,python,programming
574641,SoftDev Incorporated,Data Analyst III,132500,r,programming
574641,SoftDev Incorporated,Data Analyst III,132500,sheets,analyst_tools
1246160,City And County Of San Francisco,Recruitment and Retention Data Analyst - SFPD (1823),130338,tableau,analyst_tools
294747,Kforce Technology Staffing,Lead Data Analyst,130000,sql,programming
294747,Kforce Technology Staffing,Lead Data Analyst,130000,python,programming
294747,Kforce Technology Staffing,Lead Data Analyst,130000,r,programming
294747,Kforce Technology Staffing,Lead Data Analyst,130000,snowflake,cloud
294747,Kforce Technology Staffing,Lead Data Analyst,130000,databricks,cloud
294747,Kforce Technology Staffing,Lead Data Analyst,130000,aws,cloud
294747,Kforce Technology Staffing,Lead Data Analyst,130000,redshift,cloud
294747,Kforce Technology Staffing,Lead Data Analyst,130000,tableau,analyst_tools
244918,Alpha Silicon,System Data Analyst,130000,sql,programming
244918,Alpha Silicon,System Data Analyst,130000,python,programming
244918,Alpha Silicon,System Data Analyst,130000,sheets,analyst_tools
244918,Alpha Silicon,System Data Analyst,130000,flow,other
283460,ApTask,Data Analyst must have telecom domain experince,130000,sql,programming
283460,ApTask,Data Analyst must have telecom domain experince,130000,python,programming
283460,ApTask,Data Analyst must have telecom domain experince,130000,sheets,analyst_tools
283460,ApTask,Data Analyst must have telecom domain experince,130000,flow,other
811595,Get It Recruit - Information Technology,Data Analyst,130000,sql,programming
811595,Get It Recruit - Information Technology,Data Analyst,130000,power bi,analyst_tools
811595,Get It Recruit - Information Technology,Data Analyst,130000,powerpoint,analyst_tools
304628,Doximity,Data Analyst,130000,sql,programming
304628,Doximity,Data Analyst,130000,python,programming
304628,Doximity,Data Analyst,130000,spark,libraries
304628,Doximity,Data Analyst,130000,numpy,libraries
304628,Doximity,Data Analyst,130000,pandas,libraries
304628,Doximity,Data Analyst,130000,unix,os
304628,Doximity,Data Analyst,130000,git,other
304628,Doximity,Data Analyst,130000,github,other
579587,Launch Consulting Group,Sr. Data Analyst,130000,sql,programming
579587,Launch Consulting Group,Sr. Data Analyst,130000,snowflake,cloud
579587,Launch Consulting Group,Sr. Data Analyst,130000,azure,cloud
579587,Launch Consulting Group,Sr. Data Analyst,130000,aws,cloud
579587,Launch Consulting Group,Sr. Data Analyst,130000,visio,analyst_tools
579587,Launch Consulting Group,Sr. Data Analyst,130000,tableau,analyst_tools
579587,Launch Consulting Group,Sr. Data Analyst,130000,excel,analyst_tools
579587,Launch Consulting Group,Sr. Data Analyst,130000,power bi,analyst_tools
579587,Launch Consulting Group,Sr. Data Analyst,130000,dax,analyst_tools
579587,Launch Consulting Group,Sr. Data Analyst,130000,flow,other
579587,Launch Consulting Group,Sr. Data Analyst,130000,jira,async
752061,Get It Recruit - Information Technology,Data Insights Manager,130000,sql,programming
752061,Get It Recruit - Information Technology,Data Insights Manager,130000,python,programming
752061,Get It Recruit - Information Technology,Data Insights Manager,130000,r,programming
752061,Get It Recruit - Information Technology,Data Insights Manager,130000,sql server,databases
752061,Get It Recruit - Information Technology,Data Insights Manager,130000,tableau,analyst_tools
752061,Get It Recruit - Information Technology,Data Insights Manager,130000,excel,analyst_tools
752061,Get It Recruit - Information Technology,Data Insights Manager,130000,power bi,analyst_tools
1239246,Allstate,Data Analytics Lead Consultant,129512.5,sql,programming
1239246,Allstate,Data Analytics Lead Consultant,129512.5,python,programming
1239246,Allstate,Data Analytics Lead Consultant,129512.5,r,programming
579695,Lonza,"Manager, Data Analytics (Bioscience) - Remote",129000,python,programming
579695,Lonza,"Manager, Data Analytics (Bioscience) - Remote",129000,power bi,analyst_tools
1363913,Hootsuite,Staff Data Analyst - Product,128500,sql,programming
1363913,Hootsuite,Staff Data Analyst - Product,128500,python,programming
1363913,Hootsuite,Staff Data Analyst - Product,128500,r,programming
1363913,Hootsuite,Staff Data Analyst - Product,128500,go,programming
1363913,Hootsuite,Staff Data Analyst - Product,128500,power bi,analyst_tools
1363913,Hootsuite,Staff Data Analyst - Product,128500,flow,other
179360,Cash App,Marketing Data Analyst (Remote),127000,sql,programming
179360,Cash App,Marketing Data Analyst (Remote),127000,go,programming
179360,Cash App,Marketing Data Analyst (Remote),127000,c,programming
179360,Cash App,Marketing Data Analyst (Remote),127000,twilio,sync
383908,Acorns,Data Analyst,127000,outlook,analyst_tools
452530,ICF,Behavioral Health Data Analyst- REMOTE,126452,sql,programming
452530,ICF,Behavioral Health Data Analyst- REMOTE,126452,python,programming
452530,ICF,Behavioral Health Data Analyst- REMOTE,126452,r,programming
452530,ICF,Behavioral Health Data Analyst- REMOTE,126452,sas,programming
452530,ICF,Behavioral Health Data Analyst- REMOTE,126452,tableau,analyst_tools
452530,ICF,Behavioral Health Data Analyst- REMOTE,126452,spss,analyst_tools
452530,ICF,Behavioral Health Data Analyst- REMOTE,126452,sas,analyst_tools
997818,Comcast Advertising,"Sr. Analyst, Marketplace Yield & Analytics, FreeWheel(Data Analyst)",126128.1016,sql,programming
997818,Comcast Advertising,"Sr. Analyst, Marketplace Yield & Analytics, FreeWheel(Data Analyst)",126128.1016,python,programming
997818,Comcast Advertising,"Sr. Analyst, Marketplace Yield & Analytics, FreeWheel(Data Analyst)",126128.1016,aws,cloud
997818,Comcast Advertising,"Sr. Analyst, Marketplace Yield & Analytics, FreeWheel(Data Analyst)",126128.1016,tableau,analyst_tools
997818,Comcast Advertising,"Sr. Analyst, Marketplace Yield & Analytics, FreeWheel(Data Analyst)",126128.1016,excel,analyst_tools
997818,Comcast Advertising,"Sr. Analyst, Marketplace Yield & Analytics, FreeWheel(Data Analyst)",126128.1016,looker,analyst_tools
540155,UnitedHealthcare,Sr Data Analyst - Remote,126000,sql,programming
540155,UnitedHealthcare,Sr Data Analyst - Remote,126000,sql server,databases
540155,UnitedHealthcare,Sr Data Analyst - Remote,126000,ssis,analyst_tools
540155,UnitedHealthcare,Sr Data Analyst - Remote,126000,ssrs,analyst_tools
154248,UnitedHealth Group,"Sr Data Analyst, Consultant - Client Facing - Remote",126000,sql,programming
154248,UnitedHealth Group,"Sr Data Analyst, Consultant - Client Facing - Remote",126000,python,programming
154248,UnitedHealth Group,"Sr Data Analyst, Consultant - Client Facing - Remote",126000,r,programming
154248,UnitedHealth Group,"Sr Data Analyst, Consultant - Client Facing - Remote",126000,sas,programming
154248,UnitedHealth Group,"Sr Data Analyst, Consultant - Client Facing - Remote",126000,aws,cloud
154248,UnitedHealth Group,"Sr Data Analyst, Consultant - Client Facing - Remote",126000,sas,analyst_tools
603706,USAA,Mid-Level Decision Science Analyst,125930,sql,programming
603706,USAA,Mid-Level Decision Science Analyst,125930,sas,programming
603706,USAA,Mid-Level Decision Science Analyst,125930,phoenix,webframeworks
603706,USAA,Mid-Level Decision Science Analyst,125930,sas,analyst_tools
749179,Uber,"Strategy and Data Analyst, Sustainability",125500,sql,programming
749179,Uber,"Strategy and Data Analyst, Sustainability",125500,python,programming
749179,Uber,"Strategy and Data Analyst, Sustainability",125500,r,programming
749179,Uber,"Strategy and Data Analyst, Sustainability",125500,go,programming
1093128,Nana,Data Analyst IV,125000,python,programming
1093128,Nana,Data Analyst IV,125000,javascript,programming
1093128,Nana,Data Analyst IV,125000,java,programming
1093128,Nana,Data Analyst IV,125000,tableau,analyst_tools
1093128,Nana,Data Analyst IV,125000,excel,analyst_tools
1093128,Nana,Data Analyst IV,125000,power bi,analyst_tools
329943,Robert Half,Data Analyst,125000,flow,other
1067521,Recruiting from Scratch,"Senior Analytics Engineer, EdTech Company",125000,sql,programming
1067521,Recruiting from Scratch,"Senior Analytics Engineer, EdTech Company",125000,python,programming
1067521,Recruiting from Scratch,"Senior Analytics Engineer, EdTech Company",125000,dynamodb,databases
1067521,Recruiting from Scratch,"Senior Analytics Engineer, EdTech Company",125000,snowflake,cloud
1067521,Recruiting from Scratch,"Senior Analytics Engineer, EdTech Company",125000,aws,cloud
1067521,Recruiting from Scratch,"Senior Analytics Engineer, EdTech Company",125000,airflow,libraries
1067521,Recruiting from Scratch,"Senior Analytics Engineer, EdTech Company",125000,tableau,analyst_tools
1067521,Recruiting from Scratch,"Senior Analytics Engineer, EdTech Company",125000,looker,analyst_tools
1067521,Recruiting from Scratch,"Senior Analytics Engineer, EdTech Company",125000,terraform,other
96780,hims & hers,"Data Analyst, Operations (Remote)",125000,sql,programming
96780,hims & hers,"Data Analyst, Operations (Remote)",125000,python,programming
96780,hims & hers,"Data Analyst, Operations (Remote)",125000,r,programming
96780,hims & hers,"Data Analyst, Operations (Remote)",125000,bash,programming
96780,hims & hers,"Data Analyst, Operations (Remote)",125000,postgresql,databases
96780,hims & hers,"Data Analyst, Operations (Remote)",125000,bigquery,cloud
96780,hims & hers,"Data Analyst, Operations (Remote)",125000,airflow,libraries
96780,hims & hers,"Data Analyst, Operations (Remote)",125000,looker,analyst_tools
512637,PWR Staffing & Recruiting,"Healthcare Data Analyst (Manager)- $120,000-130,000/yr | Remote in PST",125000,sql,programming
505164,Get It Recruit - Real Estate,Healthcare Data Analyst,125000,sql,programming
505164,Get It Recruit - Real Estate,Healthcare Data Analyst,125000,python,programming
505164,Get It Recruit - Real Estate,Healthcare Data Analyst,125000,shell,programming
505164,Get It Recruit - Real Estate,Healthcare Data Analyst,125000,redshift,cloud
505164,Get It Recruit - Real Estate,Healthcare Data Analyst,125000,bigquery,cloud
505164,Get It Recruit - Real Estate,Healthcare Data Analyst,125000,spark,libraries
505164,Get It Recruit - Real Estate,Healthcare Data Analyst,125000,airflow,libraries
505164,Get It Recruit - Real Estate,Healthcare Data Analyst,125000,jupyter,libraries
1444603,WhiteCap Search,Remote Mortgage Data Analyst,125000,sql,programming
1444603,WhiteCap Search,Remote Mortgage Data Analyst,125000,python,programming
1444603,WhiteCap Search,Remote Mortgage Data Analyst,125000,r,programming
1444603,WhiteCap Search,Remote Mortgage Data Analyst,125000,matlab,programming
1444603,WhiteCap Search,Remote Mortgage Data Analyst,125000,tableau,analyst_tools
1444603,WhiteCap Search,Remote Mortgage Data Analyst,125000,power bi,analyst_tools
192738,Robert Half,Business Data Analyst,125000,sql,programming
192738,Robert Half,Business Data Analyst,125000,tableau,analyst_tools
192738,Robert Half,Business Data Analyst,125000,power bi,analyst_tools
1027859,Recruiting From Scratch,"Analytics Engineer, Education Company",125000,sql,programming
1027859,Recruiting From Scratch,"Analytics Engineer, Education Company",125000,python,programming
1027859,Recruiting From Scratch,"Analytics Engineer, Education Company",125000,dynamodb,databases
1027859,Recruiting From Scratch,"Analytics Engineer, Education Company",125000,snowflake,cloud
1027859,Recruiting From Scratch,"Analytics Engineer, Education Company",125000,aws,cloud
1027859,Recruiting From Scratch,"Analytics Engineer, Education Company",125000,airflow,libraries
1027859,Recruiting From Scratch,"Analytics Engineer, Education Company",125000,tableau,analyst_tools
1027859,Recruiting From Scratch,"Analytics Engineer, Education Company",125000,looker,analyst_tools
1027859,Recruiting From Scratch,"Analytics Engineer, Education Company",125000,terraform,other
756752,Get It Recruit - Information Technology,Investment Data and Analytics Manager,125000,sql,programming
756752,Get It Recruit - Information Technology,Investment Data and Analytics Manager,125000,python,programming
756752,Get It Recruit - Information Technology,Investment Data and Analytics Manager,125000,r,programming
756752,Get It Recruit - Information Technology,Investment Data and Analytics Manager,125000,vba,programming
756752,Get It Recruit - Information Technology,Investment Data and Analytics Manager,125000,tableau,analyst_tools
756752,Get It Recruit - Information Technology,Investment Data and Analytics Manager,125000,excel,analyst_tools
756752,Get It Recruit - Information Technology,Investment Data and Analytics Manager,125000,alteryx,analyst_tools
756752,Get It Recruit - Information Technology,Investment Data and Analytics Manager,125000,flow,other
189253,"Infinity Consulting Solutions, Inc.","Manager, Data Analytics & Reporting - Remote",125000,sql,programming
189253,"Infinity Consulting Solutions, Inc.","Manager, Data Analytics & Reporting - Remote",125000,go,programming
189253,"Infinity Consulting Solutions, Inc.","Manager, Data Analytics & Reporting - Remote",125000,excel,analyst_tools
189253,"Infinity Consulting Solutions, Inc.","Manager, Data Analytics & Reporting - Remote",125000,notion,async
784769,The Walt Disney Company,Data Analyst,125000,sql,programming
784769,The Walt Disney Company,Data Analyst,125000,python,programming
784769,The Walt Disney Company,Data Analyst,125000,r,programming
784769,The Walt Disney Company,Data Analyst,125000,sas,programming
784769,The Walt Disney Company,Data Analyst,125000,snowflake,cloud
784769,The Walt Disney Company,Data Analyst,125000,databricks,cloud
784769,The Walt Disney Company,Data Analyst,125000,spss,analyst_tools
784769,The Walt Disney Company,Data Analyst,125000,sas,analyst_tools
330970,"Blackstone Consulting, Inc.",Data Analyst: regional physical security,124500,excel,analyst_tools
330970,"Blackstone Consulting, Inc.",Data Analyst: regional physical security,124500,power bi,analyst_tools
330970,"Blackstone Consulting, Inc.",Data Analyst: regional physical security,124500,word,analyst_tools
330970,"Blackstone Consulting, Inc.",Data Analyst: regional physical security,124500,powerpoint,analyst_tools
330970,"Blackstone Consulting, Inc.",Data Analyst: regional physical security,124500,sharepoint,analyst_tools
330970,"Blackstone Consulting, Inc.",Data Analyst: regional physical security,124500,microsoft teams,sync
137899,Cloudflare,"Data Analyst, Support Operations",124000,sql,programming
137899,Cloudflare,"Data Analyst, Support Operations",124000,python,programming
137899,Cloudflare,"Data Analyst, Support Operations",124000,r,programming
137899,Cloudflare,"Data Analyst, Support Operations",124000,tableau,analyst_tools
137899,Cloudflare,"Data Analyst, Support Operations",124000,looker,analyst_tools
1037903,Booz Allen Hamilton,Full Performance Data Analyst,123800,sql,programming
1037903,Booz Allen Hamilton,Full Performance Data Analyst,123800,python,programming
1037903,Booz Allen Hamilton,Full Performance Data Analyst,123800,tableau,analyst_tools
1037903,Booz Allen Hamilton,Full Performance Data Analyst,123800,powerpoint,analyst_tools
956122,Get It Recruit - Information Technology,Data Analyst,123500,sql,programming
956122,Get It Recruit - Information Technology,Data Analyst,123500,python,programming
956122,Get It Recruit - Information Technology,Data Analyst,123500,r,programming
956122,Get It Recruit - Information Technology,Data Analyst,123500,t-sql,programming
956122,Get It Recruit - Information Technology,Data Analyst,123500,vba,programming
956122,Get It Recruit - Information Technology,Data Analyst,123500,tableau,analyst_tools
956122,Get It Recruit - Information Technology,Data Analyst,123500,excel,analyst_tools
956122,Get It Recruit - Information Technology,Data Analyst,123500,power bi,analyst_tools
956122,Get It Recruit - Information Technology,Data Analyst,123500,ssrs,analyst_tools
956122,Get It Recruit - Information Technology,Data Analyst,123500,sharepoint,analyst_tools
950708,Get It Recruit - Information Technology,Human Capital Data Analyst,123500,sql,programming
950708,Get It Recruit - Information Technology,Human Capital Data Analyst,123500,python,programming
950708,Get It Recruit - Information Technology,Human Capital Data Analyst,123500,r,programming
950708,Get It Recruit - Information Technology,Human Capital Data Analyst,123500,t-sql,programming
950708,Get It Recruit - Information Technology,Human Capital Data Analyst,123500,vba,programming
950708,Get It Recruit - Information Technology,Human Capital Data Analyst,123500,tableau,analyst_tools
950708,Get It Recruit - Information Technology,Human Capital Data Analyst,123500,excel,analyst_tools
950708,Get It Recruit - Information Technology,Human Capital Data Analyst,123500,power bi,analyst_tools
950708,Get It Recruit - Information Technology,Human Capital Data Analyst,123500,ssrs,analyst_tools
950708,Get It Recruit - Information Technology,Human Capital Data Analyst,123500,sharepoint,analyst_tools
1108778,Get It Recruit - Information Technology,National Security Data Analyst,123500,sql,programming
1108778,Get It Recruit - Information Technology,National Security Data Analyst,123500,python,programming
462631,Get It Recruit - Information Technology,Data Analytics Manager,123000,sql,programming
462631,Get It Recruit - Information Technology,Data Analytics Manager,123000,tableau,analyst_tools
462631,Get It Recruit - Information Technology,Data Analytics Manager,123000,looker,analyst_tools
462631,Get It Recruit - Information Technology,Data Analytics Manager,123000,power bi,analyst_tools
540194,ICF,Lead Analyst - Data Analytics - Remote,122769,sql,programming
540194,ICF,Lead Analyst - Data Analytics - Remote,122769,python,programming
540194,ICF,Lead Analyst - Data Analytics - Remote,122769,tableau,analyst_tools
540194,ICF,Lead Analyst - Data Analytics - Remote,122769,power bi,analyst_tools
376829,Innova Solutions,Business Data Analyst with SQL (Strong),122500,sql,programming
376829,Innova Solutions,Business Data Analyst with SQL (Strong),122500,aws,cloud
376829,Innova Solutions,Business Data Analyst with SQL (Strong),122500,jira,async
376829,Innova Solutions,Business Data Analyst with SQL (Strong),122500,confluence,async
1443943,Meridian Energy,Performance Data Analyst,122500,sas,programming
1443943,Meridian Energy,Performance Data Analyst,122500,excel,analyst_tools
1443943,Meridian Energy,Performance Data Analyst,122500,power bi,analyst_tools
1443943,Meridian Energy,Performance Data Analyst,122500,sas,analyst_tools
64616,Analytic Recruiting Inc.,Decision Science Analyst - Consumer Lending,122500,sql,programming
64616,Analytic Recruiting Inc.,Decision Science Analyst - Consumer Lending,122500,python,programming
64616,Analytic Recruiting Inc.,Decision Science Analyst - Consumer Lending,122500,sas,programming
64616,Analytic Recruiting Inc.,Decision Science Analyst - Consumer Lending,122500,snowflake,cloud
64616,Analytic Recruiting Inc.,Decision Science Analyst - Consumer Lending,122500,tableau,analyst_tools
64616,Analytic Recruiting Inc.,Decision Science Analyst - Consumer Lending,122500,sas,analyst_tools
1056718,Hedera Hashgraph,Financial Data Analyst,122250,sql,programming
1056718,Hedera Hashgraph,Financial Data Analyst,122250,python,programming
1056718,Hedera Hashgraph,Financial Data Analyst,122250,r,programming
1056718,Hedera Hashgraph,Financial Data Analyst,122250,tableau,analyst_tools
1056718,Hedera Hashgraph,Financial Data Analyst,122250,word,analyst_tools
1056718,Hedera Hashgraph,Financial Data Analyst,122250,sheets,analyst_tools
1056718,Hedera Hashgraph,Financial Data Analyst,122250,spreadsheet,analyst_tools
1024241,Capital One,Principal Data Analyst (Remote),122000,sql,programming
1024241,Capital One,Principal Data Analyst (Remote),122000,python,programming
1024241,Capital One,Principal Data Analyst (Remote),122000,r,programming
1024241,Capital One,Principal Data Analyst (Remote),122000,aws,cloud
1024241,Capital One,Principal Data Analyst (Remote),122000,spark,libraries
468015,Cloudflare,"Sales Ops Data Analyst (Austin, TX or Remote)",122000,sql,programming
468015,Cloudflare,"Sales Ops Data Analyst (Austin, TX or Remote)",122000,bigquery,cloud
468015,Cloudflare,"Sales Ops Data Analyst (Austin, TX or Remote)",122000,tableau,analyst_tools
468015,Cloudflare,"Sales Ops Data Analyst (Austin, TX or Remote)",122000,sheets,analyst_tools
468011,CloudFlare,Sales Ops Data Analyst (Remote),122000,sql,programming
468011,CloudFlare,Sales Ops Data Analyst (Remote),122000,bigquery,cloud
468011,CloudFlare,Sales Ops Data Analyst (Remote),122000,tableau,analyst_tools
468011,CloudFlare,Sales Ops Data Analyst (Remote),122000,sheets,analyst_tools
1600326,6sense,Analytics Engineer III,121667,sql,programming
1600326,6sense,Analytics Engineer III,121667,python,programming
1600326,6sense,Analytics Engineer III,121667,r,programming
1600326,6sense,Analytics Engineer III,121667,tableau,analyst_tools
1600326,6sense,Analytics Engineer III,121667,looker,analyst_tools
1600326,6sense,Analytics Engineer III,121667,power bi,analyst_tools
914681,AFLAC,AVP - Data Analyst,121500,vba,programming
914681,AFLAC,AVP - Data Analyst,121500,excel,analyst_tools
914681,AFLAC,AVP - Data Analyst,121500,word,analyst_tools
914681,AFLAC,AVP - Data Analyst,121500,powerpoint,analyst_tools
914681,AFLAC,AVP - Data Analyst,121500,outlook,analyst_tools
914681,AFLAC,AVP - Data Analyst,121500,flow,other
914681,AFLAC,AVP - Data Analyst,121500,jira,async
914681,AFLAC,AVP - Data Analyst,121500,confluence,async
1229381,Centene Corporation,Data Analyst III (Healthcare Analytics),121000,sql,programming
1229381,Centene Corporation,Data Analyst III (Healthcare Analytics),121000,python,programming
1229381,Centene Corporation,Data Analyst III (Healthcare Analytics),121000,r,programming
1229381,Centene Corporation,Data Analyst III (Healthcare Analytics),121000,excel,analyst_tools
1600520,Centene Corporation,Data Analyst IV,120500,sql,programming
1600520,Centene Corporation,Data Analyst IV,120500,excel,analyst_tools
1079381,Get It Recruit - Administrative,Remote Entry/Junior Data Analyst,120500,sql,programming
1079381,Get It Recruit - Administrative,Remote Entry/Junior Data Analyst,120500,python,programming
1079381,Get It Recruit - Administrative,Remote Entry/Junior Data Analyst,120500,tableau,analyst_tools
1079381,Get It Recruit - Administrative,Remote Entry/Junior Data Analyst,120500,power bi,analyst_tools
1611819,Centene Corporation,Data Analyst IV,120500,sql,programming
1611819,Centene Corporation,Data Analyst IV,120500,excel,analyst_tools
1599399,Centene Corporation,Analytics Engineer II,120500,sql,programming
1599399,Centene Corporation,Analytics Engineer II,120500,python,programming
1599399,Centene Corporation,Analytics Engineer II,120500,snowflake,cloud
1599399,Centene Corporation,Analytics Engineer II,120500,git,other
1038426,CenturyLink,Career Opportunities: SR Lead Data Analyst (333643),120095,sql,programming
1038426,CenturyLink,Career Opportunities: SR Lead Data Analyst (333643),120095,python,programming
1038426,CenturyLink,Career Opportunities: SR Lead Data Analyst (333643),120095,sql server,databases
1038426,CenturyLink,Career Opportunities: SR Lead Data Analyst (333643),120095,snowflake,cloud
1038426,CenturyLink,Career Opportunities: SR Lead Data Analyst (333643),120095,oracle,cloud
1038426,CenturyLink,Career Opportunities: SR Lead Data Analyst (333643),120095,tableau,analyst_tools
1038426,CenturyLink,Career Opportunities: SR Lead Data Analyst (333643),120095,looker,analyst_tools
1038426,CenturyLink,Career Opportunities: SR Lead Data Analyst (333643),120095,power bi,analyst_tools
436129,Motion Recruitment,Data Architect,120000,sql,programming
436129,Motion Recruitment,Data Architect,120000,snowflake,cloud
436129,Motion Recruitment,Data Architect,120000,azure,cloud
436129,Motion Recruitment,Data Architect,120000,aws,cloud
436129,Motion Recruitment,Data Architect,120000,gcp,cloud
436129,Motion Recruitment,Data Architect,120000,redshift,cloud
436129,Motion Recruitment,Data Architect,120000,bigquery,cloud
436129,Motion Recruitment,Data Architect,120000,tableau,analyst_tools
231946,Robert Half,Business Data Analyst,120000,sql,programming
231946,Robert Half,Business Data Analyst,120000,tableau,analyst_tools
231946,Robert Half,Business Data Analyst,120000,power bi,analyst_tools
677456,Get It Recruit - Information Technology,Data Analytics Analyst,120000,visio,analyst_tools
677456,Get It Recruit - Information Technology,Data Analytics Analyst,120000,tableau,analyst_tools
677456,Get It Recruit - Information Technology,Data Analytics Analyst,120000,excel,analyst_tools
677456,Get It Recruit - Information Technology,Data Analytics Analyst,120000,power bi,analyst_tools
677456,Get It Recruit - Information Technology,Data Analytics Analyst,120000,powerpoint,analyst_tools
677456,Get It Recruit - Information Technology,Data Analytics Analyst,120000,outlook,analyst_tools
677456,Get It Recruit - Information Technology,Data Analytics Analyst,120000,sharepoint,analyst_tools
988337,Unreal Gigs,Analytics Engineering Advocate,120000,sql,programming
988337,Unreal Gigs,Analytics Engineering Advocate,120000,excel,analyst_tools
988337,Unreal Gigs,Analytics Engineering Advocate,120000,git,other
988337,Unreal Gigs,Analytics Engineering Advocate,120000,unreal,other
258620,M13,Lifeforce: Data Analyst (Remote),120000,sql,programming
258620,M13,Lifeforce: Data Analyst (Remote),120000,r,programming
258620,M13,Lifeforce: Data Analyst (Remote),120000,sas,programming
258620,M13,Lifeforce: Data Analyst (Remote),120000,spss,analyst_tools
258620,M13,Lifeforce: Data Analyst (Remote),120000,sas,analyst_tools
731048,LAI,Business Intelligence Data Analyst,120000,sql,programming
731048,LAI,Business Intelligence Data Analyst,120000,go,programming
731048,LAI,Business Intelligence Data Analyst,120000,tableau,analyst_tools
731048,LAI,Business Intelligence Data Analyst,120000,excel,analyst_tools
731048,LAI,Business Intelligence Data Analyst,120000,word,analyst_tools
731048,LAI,Business Intelligence Data Analyst,120000,kubernetes,other
731048,LAI,Business Intelligence Data Analyst,120000,jira,async
731048,LAI,Business Intelligence Data Analyst,120000,confluence,async
378659,US Development Finance Corporation (formerly Overseas Private Investment Corporation),Risk Data Analyst,119908,python,programming
378659,US Development Finance Corporation (formerly Overseas Private Investment Corporation),Risk Data Analyst,119908,vba,programming
378659,US Development Finance Corporation (formerly Overseas Private Investment Corporation),Risk Data Analyst,119908,tableau,analyst_tools
378659,US Development Finance Corporation (formerly Overseas Private Investment Corporation),Risk Data Analyst,119908,power bi,analyst_tools
963057,Toast,Senior Talent Acquisition Data Analyst,119500,sql,programming
963057,Toast,Senior Talent Acquisition Data Analyst,119500,tableau,analyst_tools
963057,Toast,Senior Talent Acquisition Data Analyst,119500,excel,analyst_tools
937842,Get It Recruit - Information Technology,Human Capital Data Analyst,119500,sql,programming
937842,Get It Recruit - Information Technology,Human Capital Data Analyst,119500,python,programming
937842,Get It Recruit - Information Technology,Human Capital Data Analyst,119500,r,programming
937842,Get It Recruit - Information Technology,Human Capital Data Analyst,119500,t-sql,programming
937842,Get It Recruit - Information Technology,Human Capital Data Analyst,119500,vba,programming
937842,Get It Recruit - Information Technology,Human Capital Data Analyst,119500,tableau,analyst_tools
937842,Get It Recruit - Information Technology,Human Capital Data Analyst,119500,excel,analyst_tools
937842,Get It Recruit - Information Technology,Human Capital Data Analyst,119500,power bi,analyst_tools
937842,Get It Recruit - Information Technology,Human Capital Data Analyst,119500,ssrs,analyst_tools
937842,Get It Recruit - Information Technology,Human Capital Data Analyst,119500,sharepoint,analyst_tools
937843,Get It Recruit - Administrative,Human Capital Data Analyst,119500,sql,programming
937843,Get It Recruit - Administrative,Human Capital Data Analyst,119500,python,programming
937843,Get It Recruit - Administrative,Human Capital Data Analyst,119500,r,programming
937843,Get It Recruit - Administrative,Human Capital Data Analyst,119500,vba,programming
937843,Get It Recruit - Administrative,Human Capital Data Analyst,119500,tableau,analyst_tools
937843,Get It Recruit - Administrative,Human Capital Data Analyst,119500,excel,analyst_tools
937843,Get It Recruit - Administrative,Human Capital Data Analyst,119500,power bi,analyst_tools
937843,Get It Recruit - Administrative,Human Capital Data Analyst,119500,sharepoint,analyst_tools
1001174,XREX,Data Analyst,119500,sql,programming
1001174,XREX,Data Analyst,119500,python,programming
1001174,XREX,Data Analyst,119500,r,programming
863447,Get It Recruit - Administrative,Human Capital Data Analyst,119500,sql,programming
863447,Get It Recruit - Administrative,Human Capital Data Analyst,119500,python,programming
863447,Get It Recruit - Administrative,Human Capital Data Analyst,119500,r,programming
863447,Get It Recruit - Administrative,Human Capital Data Analyst,119500,vba,programming
863447,Get It Recruit - Administrative,Human Capital Data Analyst,119500,tableau,analyst_tools
863447,Get It Recruit - Administrative,Human Capital Data Analyst,119500,excel,analyst_tools
863447,Get It Recruit - Administrative,Human Capital Data Analyst,119500,power bi,analyst_tools
356494,CVS Health,Data Analyst - Predictive Modeling,119200,sql,programming
356494,CVS Health,Data Analyst - Predictive Modeling,119200,python,programming
356494,CVS Health,Data Analyst - Predictive Modeling,119200,hadoop,libraries
356494,CVS Health,Data Analyst - Predictive Modeling,119200,tableau,analyst_tools
211318,CVS Health,Data Analyst,119200,sql,programming
211318,CVS Health,Data Analyst,119200,python,programming
211318,CVS Health,Data Analyst,119200,hadoop,libraries
211318,CVS Health,Data Analyst,119200,tableau,analyst_tools
926046,Centene Corporation,Data Analyst IV (Healthcare Analytics),118150,python,programming
926046,Centene Corporation,Data Analyst IV (Healthcare Analytics),118150,r,programming
855166,EXL Service,Data Analyst,117749,sql,programming
855166,EXL Service,Data Analyst,117749,python,programming
855166,EXL Service,Data Analyst,117749,t-sql,programming
855166,EXL Service,Data Analyst,117749,sql server,databases
855166,EXL Service,Data Analyst,117749,tableau,analyst_tools
855166,EXL Service,Data Analyst,117749,ssis,analyst_tools
855166,EXL Service,Data Analyst,117749,ssrs,analyst_tools
832560,EXL,Data Analyst,117749,sql,programming
832560,EXL,Data Analyst,117749,python,programming
832560,EXL,Data Analyst,117749,t-sql,programming
832560,EXL,Data Analyst,117749,sql server,databases
832560,EXL,Data Analyst,117749,tableau,analyst_tools
832560,EXL,Data Analyst,117749,ssis,analyst_tools
832560,EXL,Data Analyst,117749,ssrs,analyst_tools
695394,Get It Recruit - Healthcare,Data Analyst,117713,tableau,analyst_tools
695394,Get It Recruit - Healthcare,Data Analyst,117713,excel,analyst_tools
695394,Get It Recruit - Healthcare,Data Analyst,117713,word,analyst_tools
695394,Get It Recruit - Healthcare,Data Analyst,117713,ms access,analyst_tools
695394,Get It Recruit - Healthcare,Data Analyst,117713,powerpoint,analyst_tools
786245,Get It Recruit - Information Technology,Lead Data Analyst,117500,sql,programming
786245,Get It Recruit - Information Technology,Lead Data Analyst,117500,python,programming
786245,Get It Recruit - Information Technology,Lead Data Analyst,117500,sql server,databases
785649,Robert Half,Lead Data Analyst / SQL Developer,117500,sql,programming
785649,Robert Half,Lead Data Analyst / SQL Developer,117500,python,programming
785649,Robert Half,Lead Data Analyst / SQL Developer,117500,go,programming
785649,Robert Half,Lead Data Analyst / SQL Developer,117500,c,programming
785649,Robert Half,Lead Data Analyst / SQL Developer,117500,sql server,databases
567982,Jobot,Data Analyst,117500,sql,programming
567982,Jobot,Data Analyst,117500,python,programming
567982,Jobot,Data Analyst,117500,tableau,analyst_tools
1111562,Talentify.io,Data Analyst - Compliance (Remote),117500,sql,programming
1111562,Talentify.io,Data Analyst - Compliance (Remote),117500,python,programming
1111562,Talentify.io,Data Analyst - Compliance (Remote),117500,r,programming
1111562,Talentify.io,Data Analyst - Compliance (Remote),117500,sas,programming
1111562,Talentify.io,Data Analyst - Compliance (Remote),117500,oracle,cloud
1111562,Talentify.io,Data Analyst - Compliance (Remote),117500,tableau,analyst_tools
1111562,Talentify.io,Data Analyst - Compliance (Remote),117500,sas,analyst_tools
1111562,Talentify.io,Data Analyst - Compliance (Remote),117500,cognos,analyst_tools
693614,Get It Recruit - Information Technology,Data Analyst,117000,sql,programming
693614,Get It Recruit - Information Technology,Data Analyst,117000,python,programming
693614,Get It Recruit - Information Technology,Data Analyst,117000,tableau,analyst_tools
693614,Get It Recruit - Information Technology,Data Analyst,117000,looker,analyst_tools
889615,Get It Recruit - Information Technology,Workforce Data Analyst at School of Medicine's Dean's Office ...,116000,sql,programming
889615,Get It Recruit - Information Technology,Workforce Data Analyst at School of Medicine's Dean's Office ...,116000,python,programming
889615,Get It Recruit - Information Technology,Workforce Data Analyst at School of Medicine's Dean's Office ...,116000,r,programming
889615,Get It Recruit - Information Technology,Workforce Data Analyst at School of Medicine's Dean's Office ...,116000,oracle,cloud
889615,Get It Recruit - Information Technology,Workforce Data Analyst at School of Medicine's Dean's Office ...,116000,tableau,analyst_tools
891134,Get It Recruit - Information Technology,HR Data Analyst,116000,sql,programming
891134,Get It Recruit - Information Technology,HR Data Analyst,116000,python,programming
891134,Get It Recruit - Information Technology,HR Data Analyst,116000,r,programming
891134,Get It Recruit - Information Technology,HR Data Analyst,116000,oracle,cloud
891134,Get It Recruit - Information Technology,HR Data Analyst,116000,tableau,analyst_tools
252361,Kern Health Systems,Data Analyst,115791.5,sql,programming
252361,Kern Health Systems,Data Analyst,115791.5,sas,programming
252361,Kern Health Systems,Data Analyst,115791.5,excel,analyst_tools
252361,Kern Health Systems,Data Analyst,115791.5,sas,analyst_tools
22867,Kern Health Systems,BI Data Analyst IV,115791.5,sql,programming
22867,Kern Health Systems,BI Data Analyst IV,115791.5,sas,programming
22867,Kern Health Systems,BI Data Analyst IV,115791.5,excel,analyst_tools
22867,Kern Health Systems,BI Data Analyst IV,115791.5,sas,analyst_tools
17786,Kern Health Systems,BI Data Analyst IV,115791.5,sql,programming
17786,Kern Health Systems,BI Data Analyst IV,115791.5,sas,programming
17786,Kern Health Systems,BI Data Analyst IV,115791.5,excel,analyst_tools
17786,Kern Health Systems,BI Data Analyst IV,115791.5,sas,analyst_tools
412969,Robert Half,Data/Information Architect,115000,sql,programming
412969,Robert Half,Data/Information Architect,115000,python,programming
412969,Robert Half,Data/Information Architect,115000,postgresql,databases
412969,Robert Half,Data/Information Architect,115000,snowflake,cloud
412969,Robert Half,Data/Information Architect,115000,tableau,analyst_tools
60727,Robert Half,Data Analyst,115000,sql,programming
60727,Robert Half,Data Analyst,115000,sql server,databases
60727,Robert Half,Data Analyst,115000,azure,cloud
60727,Robert Half,Data Analyst,115000,databricks,cloud
60727,Robert Half,Data Analyst,115000,oracle,cloud
60727,Robert Half,Data Analyst,115000,tableau,analyst_tools
60727,Robert Half,Data Analyst,115000,power bi,analyst_tools
341975,Lighthouse Professional Services,Data Analyst,115000,sql,programming
341975,Lighthouse Professional Services,Data Analyst,115000,python,programming
341975,Lighthouse Professional Services,Data Analyst,115000,r,programming
341975,Lighthouse Professional Services,Data Analyst,115000,vba,programming
341975,Lighthouse Professional Services,Data Analyst,115000,snowflake,cloud
341975,Lighthouse Professional Services,Data Analyst,115000,tableau,analyst_tools
341975,Lighthouse Professional Services,Data Analyst,115000,power bi,analyst_tools
341975,Lighthouse Professional Services,Data Analyst,115000,alteryx,analyst_tools
341975,Lighthouse Professional Services,Data Analyst,115000,powerpoint,analyst_tools
341975,Lighthouse Professional Services,Data Analyst,115000,dax,analyst_tools
780567,Get It Recruit - Information Technology,Data Analyst,115000,sql,programming
780567,Get It Recruit - Information Technology,Data Analyst,115000,python,programming
37001,Medasource,QNXT/TriZetto Data Analyst,115000,sql,programming
37001,Medasource,QNXT/TriZetto Data Analyst,115000,sql server,databases
37001,Medasource,QNXT/TriZetto Data Analyst,115000,azure,cloud
37001,Medasource,QNXT/TriZetto Data Analyst,115000,excel,analyst_tools
266943,ManyPets,Data Analyst,115000,sql,programming
266943,ManyPets,Data Analyst,115000,tableau,analyst_tools
266943,ManyPets,Data Analyst,115000,excel,analyst_tools
984489,LET Recruitment,Data Analyst,115000,sql,programming
984489,LET Recruitment,Data Analyst,115000,sql server,databases
984489,LET Recruitment,Data Analyst,115000,power bi,analyst_tools
984489,LET Recruitment,Data Analyst,115000,dax,analyst_tools
1064988,Capio Group,Data Analyst,115000,sql,programming
1064988,Capio Group,Data Analyst,115000,assembly,programming
1064988,Capio Group,Data Analyst,115000,oracle,cloud
1064988,Capio Group,Data Analyst,115000,tableau,analyst_tools
1064988,Capio Group,Data Analyst,115000,power bi,analyst_tools
1064988,Capio Group,Data Analyst,115000,unify,sync
1603993,GrowthLoop,"Analytics Engineer, Strategic Accounts",115000,sql,programming
1603993,GrowthLoop,"Analytics Engineer, Strategic Accounts",115000,python,programming
1603993,GrowthLoop,"Analytics Engineer, Strategic Accounts",115000,go,programming
1603993,GrowthLoop,"Analytics Engineer, Strategic Accounts",115000,snowflake,cloud
1603993,GrowthLoop,"Analytics Engineer, Strategic Accounts",115000,redshift,cloud
1603993,GrowthLoop,"Analytics Engineer, Strategic Accounts",115000,bigquery,cloud
1603993,GrowthLoop,"Analytics Engineer, Strategic Accounts",115000,airflow,libraries
655243,ICF,Behavioral Health Data Analyst,114956.5,sql,programming
655243,ICF,Behavioral Health Data Analyst,114956.5,python,programming
655243,ICF,Behavioral Health Data Analyst,114956.5,r,programming
655243,ICF,Behavioral Health Data Analyst,114956.5,sas,programming
655243,ICF,Behavioral Health Data Analyst,114956.5,tableau,analyst_tools
655243,ICF,Behavioral Health Data Analyst,114956.5,spss,analyst_tools
655243,ICF,Behavioral Health Data Analyst,114956.5,sas,analyst_tools
493499,Get It Recruit - Healthcare,Healthcare Analytics Expert,114948,python,programming
493499,Get It Recruit - Healthcare,Healthcare Analytics Expert,114948,r,programming
493499,Get It Recruit - Healthcare,Healthcare Analytics Expert,114948,sas,programming
493499,Get It Recruit - Healthcare,Healthcare Analytics Expert,114948,tableau,analyst_tools
493499,Get It Recruit - Healthcare,Healthcare Analytics Expert,114948,power bi,analyst_tools
493499,Get It Recruit - Healthcare,Healthcare Analytics Expert,114948,sas,analyst_tools
586751,ICF,Behavioral Health Data Analyst,114805,sql,programming
586751,ICF,Behavioral Health Data Analyst,114805,python,programming
586751,ICF,Behavioral Health Data Analyst,114805,r,programming
586751,ICF,Behavioral Health Data Analyst,114805,sas,programming
586751,ICF,Behavioral Health Data Analyst,114805,tableau,analyst_tools
586751,ICF,Behavioral Health Data Analyst,114805,spss,analyst_tools
586751,ICF,Behavioral Health Data Analyst,114805,sas,analyst_tools
916540,Uber,Data Analyst I,114000,sql,programming
916540,Uber,Data Analyst I,114000,python,programming
916540,Uber,Data Analyst I,114000,r,programming
916540,Uber,Data Analyst I,114000,tableau,analyst_tools
900792,Uber,Data Analyst I,114000,sql,programming
900792,Uber,Data Analyst I,114000,python,programming
900792,Uber,Data Analyst I,114000,r,programming
900792,Uber,Data Analyst I,114000,tableau,analyst_tools
670211,Uber,"Data Analyst, Global Business Development",114000,sql,programming
670211,Uber,"Data Analyst, Global Business Development",114000,python,programming
670211,Uber,"Data Analyst, Global Business Development",114000,r,programming
670211,Uber,"Data Analyst, Global Business Development",114000,tableau,analyst_tools
670211,Uber,"Data Analyst, Global Business Development",114000,looker,analyst_tools
203888,GEICO,Technical Business/Data Analyst (REMOTE),113500,sql,programming
203888,GEICO,Technical Business/Data Analyst (REMOTE),113500,python,programming
203888,GEICO,Technical Business/Data Analyst (REMOTE),113500,db2,databases
203888,GEICO,Technical Business/Data Analyst (REMOTE),113500,snowflake,cloud
203888,GEICO,Technical Business/Data Analyst (REMOTE),113500,azure,cloud
203888,GEICO,Technical Business/Data Analyst (REMOTE),113500,oracle,cloud
203888,GEICO,Technical Business/Data Analyst (REMOTE),113500,hadoop,libraries
203888,GEICO,Technical Business/Data Analyst (REMOTE),113500,power bi,analyst_tools
947953,Cars Commerce,Analytics Engineer III,113500,sql,programming
947953,Cars Commerce,Analytics Engineer III,113500,python,programming
947953,Cars Commerce,Analytics Engineer III,113500,scala,programming
947953,Cars Commerce,Analytics Engineer III,113500,java,programming
947953,Cars Commerce,Analytics Engineer III,113500,aws,cloud
947953,Cars Commerce,Analytics Engineer III,113500,airflow,libraries
947953,Cars Commerce,Analytics Engineer III,113500,word,analyst_tools
947953,Cars Commerce,Analytics Engineer III,113500,github,other
947953,Cars Commerce,Analytics Engineer III,113500,jenkins,other
1440386,Autodesk,Process Data Analyst,112950,sql,programming
1440386,Autodesk,Process Data Analyst,112950,python,programming
1440386,Autodesk,Process Data Analyst,112950,azure,cloud
1440386,Autodesk,Process Data Analyst,112950,aws,cloud
1440386,Autodesk,Process Data Analyst,112950,tableau,analyst_tools
1440386,Autodesk,Process Data Analyst,112950,looker,analyst_tools
1440386,Autodesk,Process Data Analyst,112950,alteryx,analyst_tools
1440386,Autodesk,Process Data Analyst,112950,flow,other
1440386,Autodesk,Process Data Analyst,112950,airtable,async
575087,Square,"Data Analyst, Customer Success (Chicago, IL or Remote)",112850,sql,programming
575087,Square,"Data Analyst, Customer Success (Chicago, IL or Remote)",112850,python,programming
575087,Square,"Data Analyst, Customer Success (Chicago, IL or Remote)",112850,go,programming
575087,Square,"Data Analyst, Customer Success (Chicago, IL or Remote)",112850,c,programming
575087,Square,"Data Analyst, Customer Success (Chicago, IL or Remote)",112850,tableau,analyst_tools
575087,Square,"Data Analyst, Customer Success (Chicago, IL or Remote)",112850,looker,analyst_tools
575087,Square,"Data Analyst, Customer Success (Chicago, IL or Remote)",112850,flow,other
461797,Get It Recruit - Healthcare,Data Analyst,112661,sql,programming
461797,Get It Recruit - Healthcare,Data Analyst,112661,python,programming
461797,Get It Recruit - Healthcare,Data Analyst,112661,tableau,analyst_tools
738537,Get It Recruit - Information Technology,Data Analyst,112500,sql,programming
738537,Get It Recruit - Information Technology,Data Analyst,112500,python,programming
738537,Get It Recruit - Information Technology,Data Analyst,112500,r,programming
738537,Get It Recruit - Information Technology,Data Analyst,112500,tableau,analyst_tools
738537,Get It Recruit - Information Technology,Data Analyst,112500,looker,analyst_tools
892254,Walker Bowen Talent Partners,Sr. Data Analyst,112500,python,programming
892254,Walker Bowen Talent Partners,Sr. Data Analyst,112500,postgresql,databases
892254,Walker Bowen Talent Partners,Sr. Data Analyst,112500,aws,cloud
892254,Walker Bowen Talent Partners,Sr. Data Analyst,112500,github,other
1083232,Reveleer,Data Analyst at Reveleer,112500,sql,programming
292773,UL Solutions,"Remote Lead Business Data Analyst (Chicago, IL or Remote)",112500,excel,analyst_tools
292773,UL Solutions,"Remote Lead Business Data Analyst (Chicago, IL or Remote)",112500,dax,analyst_tools
409116,"Seneca Resources, LLC",Experian Data Analyst Remote / Telecommute Jobs,112500,aws,cloud
409116,"Seneca Resources, LLC",Experian Data Analyst Remote / Telecommute Jobs,112500,linux,os
983136,Get It Recruit - Administrative,Junior Data Analyst,112500,excel,analyst_tools
983136,Get It Recruit - Administrative,Junior Data Analyst,112500,word,analyst_tools
325383,Segue Technologies Inc,Data Engineer/Data Analyst,112500,sql,programming
325383,Segue Technologies Inc,Data Engineer/Data Analyst,112500,nosql,programming
325383,Segue Technologies Inc,Data Engineer/Data Analyst,112500,sql server,databases
325383,Segue Technologies Inc,Data Engineer/Data Analyst,112500,aws,cloud
325383,Segue Technologies Inc,Data Engineer/Data Analyst,112500,tableau,analyst_tools
325383,Segue Technologies Inc,Data Engineer/Data Analyst,112500,excel,analyst_tools
714580,Paratus Solutions LLC,Data Analyst Remote / Telecommute Jobs,112500,sql,programming
714580,Paratus Solutions LLC,Data Analyst Remote / Telecommute Jobs,112500,python,programming
714580,Paratus Solutions LLC,Data Analyst Remote / Telecommute Jobs,112500,r,programming
714580,Paratus Solutions LLC,Data Analyst Remote / Telecommute Jobs,112500,javascript,programming
714580,Paratus Solutions LLC,Data Analyst Remote / Telecommute Jobs,112500,sas,programming
714580,Paratus Solutions LLC,Data Analyst Remote / Telecommute Jobs,112500,sqlite,databases
714580,Paratus Solutions LLC,Data Analyst Remote / Telecommute Jobs,112500,tableau,analyst_tools
714580,Paratus Solutions LLC,Data Analyst Remote / Telecommute Jobs,112500,excel,analyst_tools
714580,Paratus Solutions LLC,Data Analyst Remote / Telecommute Jobs,112500,spss,analyst_tools
714580,Paratus Solutions LLC,Data Analyst Remote / Telecommute Jobs,112500,sas,analyst_tools
26822,InvestM Technology LLC,Data Analyst,112500,sql,programming
26822,InvestM Technology LLC,Data Analyst,112500,python,programming
26822,InvestM Technology LLC,Data Analyst,112500,r,programming
26822,InvestM Technology LLC,Data Analyst,112500,tableau,analyst_tools
26822,InvestM Technology LLC,Data Analyst,112500,power bi,analyst_tools
1109472,Ibility LLC,Health Data Analyst,112500,visio,analyst_tools
1109472,Ibility LLC,Health Data Analyst,112500,excel,analyst_tools
1109472,Ibility LLC,Health Data Analyst,112500,power bi,analyst_tools
1109472,Ibility LLC,Health Data Analyst,112500,word,analyst_tools
1109472,Ibility LLC,Health Data Analyst,112500,powerpoint,analyst_tools
1109472,Ibility LLC,Health Data Analyst,112500,planner,async
940768,Robert Half,Data and Analytics Manager,112500,sql,programming
940768,Robert Half,Data and Analytics Manager,112500,go,programming
940768,Robert Half,Data and Analytics Manager,112500,power bi,analyst_tools
99636,Cisco Meraki,Data Analyst (Remote),112050,sql,programming
99636,Cisco Meraki,Data Analyst (Remote),112050,oracle,cloud
99636,Cisco Meraki,Data Analyst (Remote),112050,tableau,analyst_tools
99636,Cisco Meraki,Data Analyst (Remote),112050,excel,analyst_tools
99636,Cisco Meraki,Data Analyst (Remote),112050,looker,analyst_tools
99636,Cisco Meraki,Data Analyst (Remote),112050,sap,analyst_tools
647443,IBM,Data Analyst,111500,sql,programming
647443,IBM,Data Analyst,111500,python,programming
647443,IBM,Data Analyst,111500,azure,cloud
647443,IBM,Data Analyst,111500,ibm cloud,cloud
647443,IBM,Data Analyst,111500,tableau,analyst_tools
647443,IBM,Data Analyst,111500,jira,async
999140,Get It Recruit - Professional Services,Data Analyst,110656,sql,programming
826901,Get It Recruit - Administrative,"Tech Career Opportunities in Software Programming, Data Analysis...",110000,python,programming
826901,Get It Recruit - Administrative,"Tech Career Opportunities in Software Programming, Data Analysis...",110000,javascript,programming
826901,Get It Recruit - Administrative,"Tech Career Opportunities in Software Programming, Data Analysis...",110000,sas,programming
826901,Get It Recruit - Administrative,"Tech Career Opportunities in Software Programming, Data Analysis...",110000,java,programming
826901,Get It Recruit - Administrative,"Tech Career Opportunities in Software Programming, Data Analysis...",110000,c++,programming
826901,Get It Recruit - Administrative,"Tech Career Opportunities in Software Programming, Data Analysis...",110000,tensorflow,libraries
826901,Get It Recruit - Administrative,"Tech Career Opportunities in Software Programming, Data Analysis...",110000,spring,libraries
826901,Get It Recruit - Administrative,"Tech Career Opportunities in Software Programming, Data Analysis...",110000,tableau,analyst_tools
826901,Get It Recruit - Administrative,"Tech Career Opportunities in Software Programming, Data Analysis...",110000,sas,analyst_tools
826901,Get It Recruit - Administrative,"Tech Career Opportunities in Software Programming, Data Analysis...",110000,docker,other
826901,Get It Recruit - Administrative,"Tech Career Opportunities in Software Programming, Data Analysis...",110000,jenkins,other
897217,Mews,Marketing Data Analyst Lead,110000,sql,programming
897217,Mews,Marketing Data Analyst Lead,110000,python,programming
897217,Mews,Marketing Data Analyst Lead,110000,azure,cloud
897217,Mews,Marketing Data Analyst Lead,110000,databricks,cloud
897217,Mews,Marketing Data Analyst Lead,110000,node.js,webframeworks
897217,Mews,Marketing Data Analyst Lead,110000,excel,analyst_tools
897217,Mews,Marketing Data Analyst Lead,110000,looker,analyst_tools
897217,Mews,Marketing Data Analyst Lead,110000,power bi,analyst_tools
667677,CREDITSERVE INC,Data Analyst III,110000,sql,programming
667677,CREDITSERVE INC,Data Analyst III,110000,python,programming
667677,CREDITSERVE INC,Data Analyst III,110000,tableau,analyst_tools
667677,CREDITSERVE INC,Data Analyst III,110000,excel,analyst_tools
667677,CREDITSERVE INC,Data Analyst III,110000,word,analyst_tools
667677,CREDITSERVE INC,Data Analyst III,110000,powerpoint,analyst_tools
356654,Get It Recruit - Information Technology,Retail Systems Data Analyst,110000,sql,programming
356654,Get It Recruit - Information Technology,Retail Systems Data Analyst,110000,excel,analyst_tools
356654,Get It Recruit - Information Technology,Retail Systems Data Analyst,110000,power bi,analyst_tools
356654,Get It Recruit - Information Technology,Retail Systems Data Analyst,110000,alteryx,analyst_tools
356654,Get It Recruit - Information Technology,Retail Systems Data Analyst,110000,flow,other
1557508,Innovoco,Fueling Data-Driven Decisions & Your Growth: Analytics Engineer (Mostly Remote!),110000,sql,programming
1557508,Innovoco,Fueling Data-Driven Decisions & Your Growth: Analytics Engineer (Mostly Remote!),110000,databricks,cloud
1557508,Innovoco,Fueling Data-Driven Decisions & Your Growth: Analytics Engineer (Mostly Remote!),110000,bigquery,cloud
1557508,Innovoco,Fueling Data-Driven Decisions & Your Growth: Analytics Engineer (Mostly Remote!),110000,excel,analyst_tools
1557508,Innovoco,Fueling Data-Driven Decisions & Your Growth: Analytics Engineer (Mostly Remote!),110000,looker,analyst_tools
1557508,Innovoco,Fueling Data-Driven Decisions & Your Growth: Analytics Engineer (Mostly Remote!),110000,power bi,analyst_tools
1557508,Innovoco,Fueling Data-Driven Decisions & Your Growth: Analytics Engineer (Mostly Remote!),110000,qlik,analyst_tools
537036,DNV,Energy Data Analyst,110000,sql,programming
537036,DNV,Energy Data Analyst,110000,python,programming
537036,DNV,Energy Data Analyst,110000,r,programming
537036,DNV,Energy Data Analyst,110000,javascript,programming
537036,DNV,Energy Data Analyst,110000,sas,programming
537036,DNV,Energy Data Analyst,110000,azure,cloud
537036,DNV,Energy Data Analyst,110000,databricks,cloud
537036,DNV,Energy Data Analyst,110000,excel,analyst_tools
537036,DNV,Energy Data Analyst,110000,power bi,analyst_tools
537036,DNV,Energy Data Analyst,110000,word,analyst_tools
537036,DNV,Energy Data Analyst,110000,sas,analyst_tools
537036,DNV,Energy Data Analyst,110000,powerpoint,analyst_tools
537036,DNV,Energy Data Analyst,110000,jira,async
917747,Ship Sticks,Business Intelligence Engineer,110000,sql,programming
917747,Ship Sticks,Business Intelligence Engineer,110000,python,programming
917747,Ship Sticks,Business Intelligence Engineer,110000,bigquery,cloud
917747,Ship Sticks,Business Intelligence Engineer,110000,airflow,libraries
917747,Ship Sticks,Business Intelligence Engineer,110000,looker,analyst_tools
917747,Ship Sticks,Business Intelligence Engineer,110000,qlik,analyst_tools
917747,Ship Sticks,Business Intelligence Engineer,110000,github,other
920008,Bryce Space and Technology,Federal Workforce Planning Data Analyst,110000,tableau,analyst_tools
920008,Bryce Space and Technology,Federal Workforce Planning Data Analyst,110000,power bi,analyst_tools
1306979,FutureNET,Test Data Analyst,110000,sql,programming
563322,Get It Recruit - Finance,Data Analyst,110000,javascript,programming
563322,Get It Recruit - Finance,Data Analyst,110000,looker,analyst_tools
686534,CREDITSERVE INC,Data Analyst III,110000,sql,programming
686534,CREDITSERVE INC,Data Analyst III,110000,python,programming
686534,CREDITSERVE INC,Data Analyst III,110000,tableau,analyst_tools
686534,CREDITSERVE INC,Data Analyst III,110000,excel,analyst_tools
686534,CREDITSERVE INC,Data Analyst III,110000,word,analyst_tools
686534,CREDITSERVE INC,Data Analyst III,110000,powerpoint,analyst_tools
505163,Get It Recruit - Real Estate,Data Analyst,110000,sql,programming
505163,Get It Recruit - Real Estate,Data Analyst,110000,python,programming
505163,Get It Recruit - Real Estate,Data Analyst,110000,r,programming
505163,Get It Recruit - Real Estate,Data Analyst,110000,tableau,analyst_tools
505163,Get It Recruit - Real Estate,Data Analyst,110000,power bi,analyst_tools
964137,CyberCoders,Data Analyst,110000,sql,programming
964137,CyberCoders,Data Analyst,110000,python,programming
964137,CyberCoders,Data Analyst,110000,sql server,databases
964137,CyberCoders,Data Analyst,110000,tableau,analyst_tools
964137,CyberCoders,Data Analyst,110000,power bi,analyst_tools
964137,CyberCoders,Data Analyst,110000,word,analyst_tools
964137,CyberCoders,Data Analyst,110000,alteryx,analyst_tools
23483,Cava Connect,Data Analyst - Remote,110000,sql,programming
23483,Cava Connect,Data Analyst - Remote,110000,python,programming
23483,Cava Connect,Data Analyst - Remote,110000,vba,programming
23483,Cava Connect,Data Analyst - Remote,110000,excel,analyst_tools
23483,Cava Connect,Data Analyst - Remote,110000,power bi,analyst_tools
23483,Cava Connect,Data Analyst - Remote,110000,ssis,analyst_tools
23483,Cava Connect,Data Analyst - Remote,110000,ssrs,analyst_tools
23483,Cava Connect,Data Analyst - Remote,110000,dax,analyst_tools
652354,Get It Recruit - Finance,Data Analyst,110000,excel,analyst_tools
987510,Talkspace,Data Analyst,110000,sql,programming
987510,Talkspace,Data Analyst,110000,python,programming
987510,Talkspace,Data Analyst,110000,tableau,analyst_tools
987510,Talkspace,Data Analyst,110000,excel,analyst_tools
987510,Talkspace,Data Analyst,110000,looker,analyst_tools
987510,Talkspace,Data Analyst,110000,sheets,analyst_tools
190627,Insight Global,Data Analyst,110000,sql,programming
190627,Insight Global,Data Analyst,110000,aws,cloud
780589,Get It Recruit - Transportation,Data Analyst,110000,sql,programming
780589,Get It Recruit - Transportation,Data Analyst,110000,python,programming
81373,Robert Half,SQL DEVELOPER / DATA ANALYST (Insurance industry Experience) ...,110000,sql,programming
81373,Robert Half,SQL DEVELOPER / DATA ANALYST (Insurance industry Experience) ...,110000,ssis,analyst_tools
391345,Apex Systems,Medicaid Data Analyst,110000,sql,programming
582230,Convergenz,Data Analyst,110000,sql,programming
582230,Convergenz,Data Analyst,110000,r,programming
582230,Convergenz,Data Analyst,110000,sas,programming
582230,Convergenz,Data Analyst,110000,tableau,analyst_tools
582230,Convergenz,Data Analyst,110000,power bi,analyst_tools
582230,Convergenz,Data Analyst,110000,sas,analyst_tools
774835,Trinity Solar Careers,Data Analyst,110000,sql,programming
774835,Trinity Solar Careers,Data Analyst,110000,t-sql,programming
774835,Trinity Solar Careers,Data Analyst,110000,sql server,databases
774835,Trinity Solar Careers,Data Analyst,110000,excel,analyst_tools
774835,Trinity Solar Careers,Data Analyst,110000,power bi,analyst_tools
774835,Trinity Solar Careers,Data Analyst,110000,ssis,analyst_tools
774835,Trinity Solar Careers,Data Analyst,110000,dax,analyst_tools
249888,Insight Global,Data Analyst,110000,sql,programming
249888,Insight Global,Data Analyst,110000,t-sql,programming
249888,Insight Global,Data Analyst,110000,sql server,databases
249888,Insight Global,Data Analyst,110000,azure,cloud
249888,Insight Global,Data Analyst,110000,aws,cloud
249888,Insight Global,Data Analyst,110000,power bi,analyst_tools
249888,Insight Global,Data Analyst,110000,ssis,analyst_tools
249888,Insight Global,Data Analyst,110000,ssrs,analyst_tools
348058,Paradigm,EDI Data Analyst/Business Systems Analyst III  (Great Place to...,109600,sql,programming
348058,Paradigm,EDI Data Analyst/Business Systems Analyst III  (Great Place to...,109600,python,programming
348058,Paradigm,EDI Data Analyst/Business Systems Analyst III  (Great Place to...,109600,javascript,programming
348058,Paradigm,EDI Data Analyst/Business Systems Analyst III  (Great Place to...,109600,java,programming
348058,Paradigm,EDI Data Analyst/Business Systems Analyst III  (Great Place to...,109600,bash,programming
348058,Paradigm,EDI Data Analyst/Business Systems Analyst III  (Great Place to...,109600,powershell,programming
348058,Paradigm,EDI Data Analyst/Business Systems Analyst III  (Great Place to...,109600,shell,programming
348058,Paradigm,EDI Data Analyst/Business Systems Analyst III  (Great Place to...,109600,db2,databases
348058,Paradigm,EDI Data Analyst/Business Systems Analyst III  (Great Place to...,109600,sql server,databases
348058,Paradigm,EDI Data Analyst/Business Systems Analyst III  (Great Place to...,109600,oracle,cloud
348058,Paradigm,EDI Data Analyst/Business Systems Analyst III  (Great Place to...,109600,flow,other
1310259,Fidelity Partners LLC,Data Analyst/Report Writer III (Remote / Texas Region),107625.6016,windows,os
232115,Insight Global,REMOTE PowerBI Data Analyst,107500,sql,programming
581410,Dice,Data Analyst - Remote,107500,sql,programming
581410,Dice,Data Analyst - Remote,107500,python,programming
581410,Dice,Data Analyst - Remote,107500,power bi,analyst_tools
581410,Dice,Data Analyst - Remote,107500,sap,analyst_tools
616018,Get It Recruit - Information Technology,IT Data Analyst - Remote | WFH,107500,sql,programming
616018,Get It Recruit - Information Technology,IT Data Analyst - Remote | WFH,107500,python,programming
616018,Get It Recruit - Information Technology,IT Data Analyst - Remote | WFH,107500,r,programming
616018,Get It Recruit - Information Technology,IT Data Analyst - Remote | WFH,107500,html,programming
616018,Get It Recruit - Information Technology,IT Data Analyst - Remote | WFH,107500,sql server,databases
616018,Get It Recruit - Information Technology,IT Data Analyst - Remote | WFH,107500,azure,cloud
616018,Get It Recruit - Information Technology,IT Data Analyst - Remote | WFH,107500,aws,cloud
616018,Get It Recruit - Information Technology,IT Data Analyst - Remote | WFH,107500,tableau,analyst_tools
616018,Get It Recruit - Information Technology,IT Data Analyst - Remote | WFH,107500,excel,analyst_tools
616018,Get It Recruit - Information Technology,IT Data Analyst - Remote | WFH,107500,power bi,analyst_tools
789760,Get It Recruit - Hospitality,Data and Process Modeling Analyst,107500,excel,analyst_tools
789760,Get It Recruit - Hospitality,Data and Process Modeling Analyst,107500,powerpoint,analyst_tools
1204045,Thorne Research Inc,MARKETING DATA ANALYST- Remote,107500,sql,programming
1204045,Thorne Research Inc,MARKETING DATA ANALYST- Remote,107500,python,programming
1204045,Thorne Research Inc,MARKETING DATA ANALYST- Remote,107500,r,programming
1204045,Thorne Research Inc,MARKETING DATA ANALYST- Remote,107500,tableau,analyst_tools
1204045,Thorne Research Inc,MARKETING DATA ANALYST- Remote,107500,excel,analyst_tools
1204045,Thorne Research Inc,MARKETING DATA ANALYST- Remote,107500,looker,analyst_tools
1204045,Thorne Research Inc,MARKETING DATA ANALYST- Remote,107500,power bi,analyst_tools
529210,CODING DOJO INC.,Data Analyst,107500,sql,programming
529210,CODING DOJO INC.,Data Analyst,107500,python,programming
529210,CODING DOJO INC.,Data Analyst,107500,r,programming
529210,CODING DOJO INC.,Data Analyst,107500,sas,programming
529210,CODING DOJO INC.,Data Analyst,107500,hadoop,libraries
529210,CODING DOJO INC.,Data Analyst,107500,tableau,analyst_tools
529210,CODING DOJO INC.,Data Analyst,107500,excel,analyst_tools
529210,CODING DOJO INC.,Data Analyst,107500,power bi,analyst_tools
529210,CODING DOJO INC.,Data Analyst,107500,word,analyst_tools
529210,CODING DOJO INC.,Data Analyst,107500,sas,analyst_tools
529210,CODING DOJO INC.,Data Analyst,107500,powerpoint,analyst_tools
529210,CODING DOJO INC.,Data Analyst,107500,outlook,analyst_tools
789759,Get It Recruit - Hospitality,Data and Process Modeling Analyst,107500,excel,analyst_tools
789759,Get It Recruit - Hospitality,Data and Process Modeling Analyst,107500,powerpoint,analyst_tools
209028,Rhino,"Data Analyst, Finance and Accounting (Remote)",107500,sql,programming
209028,Rhino,"Data Analyst, Finance and Accounting (Remote)",107500,bigquery,cloud
209028,Rhino,"Data Analyst, Finance and Accounting (Remote)",107500,excel,analyst_tools
552925,"Cherry Bekaert Advisory, LLC",Data Analyst,106562.5,sql,programming
552925,"Cherry Bekaert Advisory, LLC",Data Analyst,106562.5,python,programming
552925,"Cherry Bekaert Advisory, LLC",Data Analyst,106562.5,r,programming
552925,"Cherry Bekaert Advisory, LLC",Data Analyst,106562.5,numpy,libraries
552925,"Cherry Bekaert Advisory, LLC",Data Analyst,106562.5,scikit-learn,libraries
552925,"Cherry Bekaert Advisory, LLC",Data Analyst,106562.5,pandas,libraries
552925,"Cherry Bekaert Advisory, LLC",Data Analyst,106562.5,tableau,analyst_tools
552925,"Cherry Bekaert Advisory, LLC",Data Analyst,106562.5,power bi,analyst_tools
552925,"Cherry Bekaert Advisory, LLC",Data Analyst,106562.5,alteryx,analyst_tools
699179,Edward Jones,Data Analyst II - Firm Analytics,106479,sql,programming
699179,Edward Jones,Data Analyst II - Firm Analytics,106479,python,programming
699179,Edward Jones,Data Analyst II - Firm Analytics,106479,r,programming
699179,Edward Jones,Data Analyst II - Firm Analytics,106479,sas,programming
699179,Edward Jones,Data Analyst II - Firm Analytics,106479,snowflake,cloud
699179,Edward Jones,Data Analyst II - Firm Analytics,106479,oracle,cloud
699179,Edward Jones,Data Analyst II - Firm Analytics,106479,tableau,analyst_tools
699179,Edward Jones,Data Analyst II - Firm Analytics,106479,spss,analyst_tools
699179,Edward Jones,Data Analyst II - Firm Analytics,106479,sas,analyst_tools
837538,Edward Jones,Data & BI Analyst II - Internal Audit,106479,sql,programming
837538,Edward Jones,Data & BI Analyst II - Internal Audit,106479,python,programming
837538,Edward Jones,Data & BI Analyst II - Internal Audit,106479,r,programming
837538,Edward Jones,Data & BI Analyst II - Internal Audit,106479,nosql,programming
837538,Edward Jones,Data & BI Analyst II - Internal Audit,106479,oracle,cloud
837538,Edward Jones,Data & BI Analyst II - Internal Audit,106479,hadoop,libraries
837538,Edward Jones,Data & BI Analyst II - Internal Audit,106479,tableau,analyst_tools
550177,Edward Jones,Data Analyst II - Firm Analytics,106479,sql,programming
550177,Edward Jones,Data Analyst II - Firm Analytics,106479,python,programming
550177,Edward Jones,Data Analyst II - Firm Analytics,106479,r,programming
550177,Edward Jones,Data Analyst II - Firm Analytics,106479,sas,programming
550177,Edward Jones,Data Analyst II - Firm Analytics,106479,snowflake,cloud
550177,Edward Jones,Data Analyst II - Firm Analytics,106479,oracle,cloud
550177,Edward Jones,Data Analyst II - Firm Analytics,106479,tableau,analyst_tools
550177,Edward Jones,Data Analyst II - Firm Analytics,106479,spss,analyst_tools
550177,Edward Jones,Data Analyst II - Firm Analytics,106479,sas,analyst_tools
1030932,Intermountain Health,"Data Analyst - Technical (Senior, Staff, or Associate)",106425.6016,sql,programming
1030932,Intermountain Health,"Data Analyst - Technical (Senior, Staff, or Associate)",106425.6016,python,programming
1030932,Intermountain Health,"Data Analyst - Technical (Senior, Staff, or Associate)",106425.6016,r,programming
1030932,Intermountain Health,"Data Analyst - Technical (Senior, Staff, or Associate)",106425.6016,databricks,cloud
1030932,Intermountain Health,"Data Analyst - Technical (Senior, Staff, or Associate)",106425.6016,tableau,analyst_tools
1030932,Intermountain Health,"Data Analyst - Technical (Senior, Staff, or Associate)",106425.6016,excel,analyst_tools
1030932,Intermountain Health,"Data Analyst - Technical (Senior, Staff, or Associate)",106425.6016,word,analyst_tools
1030932,Intermountain Health,"Data Analyst - Technical (Senior, Staff, or Associate)",106425.6016,spreadsheet,analyst_tools
1030932,Intermountain Health,"Data Analyst - Technical (Senior, Staff, or Associate)",106425.6016,cognos,analyst_tools
1030932,Intermountain Health,"Data Analyst - Technical (Senior, Staff, or Associate)",106425.6016,jira,async
491083,Get It Recruit - Information Technology,Market Research & Data Analyst,106000,sql,programming
491083,Get It Recruit - Information Technology,Market Research & Data Analyst,106000,tableau,analyst_tools
491083,Get It Recruit - Information Technology,Market Research & Data Analyst,106000,excel,analyst_tools
491083,Get It Recruit - Information Technology,Market Research & Data Analyst,106000,looker,analyst_tools
1011935,Get It Recruit - Information Technology,Healthcare Data Strategy Analyst,106000,sql,programming
1011935,Get It Recruit - Information Technology,Healthcare Data Strategy Analyst,106000,sql server,databases
490999,Get It Recruit - Information Technology,Data Analyst,106000,sql,programming
490999,Get It Recruit - Information Technology,Data Analyst,106000,python,programming
490999,Get It Recruit - Information Technology,Data Analyst,106000,snowflake,cloud
490999,Get It Recruit - Information Technology,Data Analyst,106000,tableau,analyst_tools
490999,Get It Recruit - Information Technology,Data Analyst,106000,excel,analyst_tools
490999,Get It Recruit - Information Technology,Data Analyst,106000,git,other
1009165,Get It Recruit - Information Technology,Healthcare Data Analyst,106000,sql,programming
1009165,Get It Recruit - Information Technology,Healthcare Data Analyst,106000,sql server,databases
1532025,SynergisticIT,Junior java Developer with spring boot/Jr. Data Analyst-remote,106000,python,programming
1532025,SynergisticIT,Junior java Developer with spring boot/Jr. Data Analyst-remote,106000,javascript,programming
1532025,SynergisticIT,Junior java Developer with spring boot/Jr. Data Analyst-remote,106000,java,programming
1532025,SynergisticIT,Junior java Developer with spring boot/Jr. Data Analyst-remote,106000,c++,programming
1532025,SynergisticIT,Junior java Developer with spring boot/Jr. Data Analyst-remote,106000,oracle,cloud
1532025,SynergisticIT,Junior java Developer with spring boot/Jr. Data Analyst-remote,106000,spring,libraries
1532025,SynergisticIT,Junior java Developer with spring boot/Jr. Data Analyst-remote,106000,tableau,analyst_tools
1532025,SynergisticIT,Junior java Developer with spring boot/Jr. Data Analyst-remote,106000,power bi,analyst_tools
1532025,SynergisticIT,Junior java Developer with spring boot/Jr. Data Analyst-remote,106000,docker,other
1532025,SynergisticIT,Junior java Developer with spring boot/Jr. Data Analyst-remote,106000,github,other
1532025,SynergisticIT,Junior java Developer with spring boot/Jr. Data Analyst-remote,106000,jenkins,other
1266585,Jobot Consulting,Sr Data Analyst,105000,sql,programming
1266585,Jobot Consulting,Sr Data Analyst,105000,python,programming
1266585,Jobot Consulting,Sr Data Analyst,105000,azure,cloud
399023,Syndicatebleu,Marketing Data Analyst,105000,sql,programming
399023,Syndicatebleu,Marketing Data Analyst,105000,javascript,programming
399023,Syndicatebleu,Marketing Data Analyst,105000,html,programming
399023,Syndicatebleu,Marketing Data Analyst,105000,excel,analyst_tools
399023,Syndicatebleu,Marketing Data Analyst,105000,looker,analyst_tools
839341,Get It Recruit - Information Technology,Data Analyst,105000,sql,programming
839341,Get It Recruit - Information Technology,Data Analyst,105000,r,programming
839341,Get It Recruit - Information Technology,Data Analyst,105000,sas,programming
839341,Get It Recruit - Information Technology,Data Analyst,105000,tableau,analyst_tools
839341,Get It Recruit - Information Technology,Data Analyst,105000,power bi,analyst_tools
839341,Get It Recruit - Information Technology,Data Analyst,105000,spss,analyst_tools
839341,Get It Recruit - Information Technology,Data Analyst,105000,sas,analyst_tools
362939,Syrup,Product Data Analyst,105000,sql,programming
362939,Syrup,Product Data Analyst,105000,python,programming
362939,Syrup,Product Data Analyst,105000,r,programming
362939,Syrup,Product Data Analyst,105000,spark,libraries
362939,Syrup,Product Data Analyst,105000,hadoop,libraries
362939,Syrup,Product Data Analyst,105000,tableau,analyst_tools
362939,Syrup,Product Data Analyst,105000,power bi,analyst_tools
801513,The Federal Savings Bank - N1451,Data Analyst,105000,sql,programming
801513,The Federal Savings Bank - N1451,Data Analyst,105000,r,programming
801513,The Federal Savings Bank - N1451,Data Analyst,105000,sas,programming
801513,The Federal Savings Bank - N1451,Data Analyst,105000,tableau,analyst_tools
801513,The Federal Savings Bank - N1451,Data Analyst,105000,power bi,analyst_tools
801513,The Federal Savings Bank - N1451,Data Analyst,105000,spss,analyst_tools
801513,The Federal Savings Bank - N1451,Data Analyst,105000,sas,analyst_tools
924049,Huntress,Senior Security Operations Center Analyst - East Coast,105000,python,programming
924049,Huntress,Senior Security Operations Center Analyst - East Coast,105000,javascript,programming
924049,Huntress,Senior Security Operations Center Analyst - East Coast,105000,ruby,programming
924049,Huntress,Senior Security Operations Center Analyst - East Coast,105000,bash,programming
924049,Huntress,Senior Security Operations Center Analyst - East Coast,105000,powershell,programming
924049,Huntress,Senior Security Operations Center Analyst - East Coast,105000,php,programming
924049,Huntress,Senior Security Operations Center Analyst - East Coast,105000,ruby,webframeworks
924049,Huntress,Senior Security Operations Center Analyst - East Coast,105000,windows,os
924049,Huntress,Senior Security Operations Center Analyst - East Coast,105000,macos,os
721056,Get It Recruit - Healthcare,Healthcare Data Analyst,105000,sql,programming
721056,Get It Recruit - Healthcare,Healthcare Data Analyst,105000,python,programming
721056,Get It Recruit - Healthcare,Healthcare Data Analyst,105000,tableau,analyst_tools
721056,Get It Recruit - Healthcare,Healthcare Data Analyst,105000,power bi,analyst_tools
1616078,174 Power Global,Data Analyst – Power Market Modeling,105000,python,programming
1616078,174 Power Global,Data Analyst – Power Market Modeling,105000,aurora,cloud
1616078,174 Power Global,Data Analyst – Power Market Modeling,105000,excel,analyst_tools
1616078,174 Power Global,Data Analyst – Power Market Modeling,105000,flow,other
652154,"Vista Global Solutions, LLC",Data Analyst,105000,sql,programming
652154,"Vista Global Solutions, LLC",Data Analyst,105000,python,programming
652154,"Vista Global Solutions, LLC",Data Analyst,105000,r,programming
652154,"Vista Global Solutions, LLC",Data Analyst,105000,aws,cloud
652154,"Vista Global Solutions, LLC",Data Analyst,105000,redshift,cloud
652154,"Vista Global Solutions, LLC",Data Analyst,105000,tableau,analyst_tools
652154,"Vista Global Solutions, LLC",Data Analyst,105000,excel,analyst_tools
652154,"Vista Global Solutions, LLC",Data Analyst,105000,qlik,analyst_tools
634884,Get It Recruit - Information Technology,Data Visualization Analyst,105000,html,programming
634884,Get It Recruit - Information Technology,Data Visualization Analyst,105000,tableau,analyst_tools
634884,Get It Recruit - Information Technology,Data Visualization Analyst,105000,excel,analyst_tools
634884,Get It Recruit - Information Technology,Data Visualization Analyst,105000,power bi,analyst_tools
270917,CyberCoders,Sr Data Analyst,105000,sql,programming
270917,CyberCoders,Sr Data Analyst,105000,oracle,cloud
270917,CyberCoders,Sr Data Analyst,105000,tableau,analyst_tools
270917,CyberCoders,Sr Data Analyst,105000,excel,analyst_tools
118369,Starr And Associates LLC,Data Analyst,105000,sql,programming
118369,Starr And Associates LLC,Data Analyst,105000,python,programming
118369,Starr And Associates LLC,Data Analyst,105000,r,programming
118369,Starr And Associates LLC,Data Analyst,105000,tableau,analyst_tools
118369,Starr And Associates LLC,Data Analyst,105000,excel,analyst_tools
118369,Starr And Associates LLC,Data Analyst,105000,qlik,analyst_tools
85291,EL Education (Formerly Expeditionary Learning),"Associate Director, Data Analysis",105000,r,programming
85291,EL Education (Formerly Expeditionary Learning),"Associate Director, Data Analysis",105000,tableau,analyst_tools
85291,EL Education (Formerly Expeditionary Learning),"Associate Director, Data Analysis",105000,word,analyst_tools
918224,DISQO,Data Analyst,105000,sql,programming
918224,DISQO,Data Analyst,105000,python,programming
918224,DISQO,Data Analyst,105000,r,programming
918224,DISQO,Data Analyst,105000,tableau,analyst_tools
1282214,Jobot Consulting,Sr Data Analyst,105000,sql,programming
1282214,Jobot Consulting,Sr Data Analyst,105000,python,programming
1282214,Jobot Consulting,Sr Data Analyst,105000,azure,cloud
72958,Modis,Clinical Data Analyst,105000,sql,programming
72958,Modis,Clinical Data Analyst,105000,azure,cloud
965109,McAfee,"Data Analyst, Pricing Team - Remote",104802.5,sql,programming
965109,McAfee,"Data Analyst, Pricing Team - Remote",104802.5,tableau,analyst_tools
965109,McAfee,"Data Analyst, Pricing Team - Remote",104802.5,excel,analyst_tools
965109,McAfee,"Data Analyst, Pricing Team - Remote",104802.5,powerpoint,analyst_tools
428522,Pitney Bowes,"Sales Comp Data Analyst (Remote, U.S.)",104300,go,programming
428522,Pitney Bowes,"Sales Comp Data Analyst (Remote, U.S.)",104300,tableau,analyst_tools
428522,Pitney Bowes,"Sales Comp Data Analyst (Remote, U.S.)",104300,excel,analyst_tools
428522,Pitney Bowes,"Sales Comp Data Analyst (Remote, U.S.)",104300,power bi,analyst_tools
351443,Health Plan of San Mateo,Health Information Management Data Analyst III,104106.5,sas,programming
351443,Health Plan of San Mateo,Health Information Management Data Analyst III,104106.5,excel,analyst_tools
351443,Health Plan of San Mateo,Health Information Management Data Analyst III,104106.5,word,analyst_tools
351443,Health Plan of San Mateo,Health Information Management Data Analyst III,104106.5,sas,analyst_tools
351443,Health Plan of San Mateo,Health Information Management Data Analyst III,104106.5,powerpoint,analyst_tools
351443,Health Plan of San Mateo,Health Information Management Data Analyst III,104106.5,spreadsheet,analyst_tools
351443,Health Plan of San Mateo,Health Information Management Data Analyst III,104106.5,outlook,analyst_tools
876484,UnitedHealth Group,Program Integrity Data Analyst - Remote,104100,sql,programming
876484,UnitedHealth Group,Program Integrity Data Analyst - Remote,104100,excel,analyst_tools
876484,UnitedHealth Group,Program Integrity Data Analyst - Remote,104100,word,analyst_tools
876484,UnitedHealth Group,Program Integrity Data Analyst - Remote,104100,outlook,analyst_tools
1087493,Talentify.io,Data Analyst 2 - National Remote,104100,sql,programming
1087493,Talentify.io,Data Analyst 2 - National Remote,104100,python,programming
1111561,Talentify.io,Data Analyst - Remote,104100,sql,programming
1111561,Talentify.io,Data Analyst - Remote,104100,python,programming
1111561,Talentify.io,Data Analyst - Remote,104100,db2,databases
1111561,Talentify.io,Data Analyst - Remote,104100,sql server,databases
1111561,Talentify.io,Data Analyst - Remote,104100,mysql,databases
1111561,Talentify.io,Data Analyst - Remote,104100,snowflake,cloud
1111561,Talentify.io,Data Analyst - Remote,104100,azure,cloud
1111561,Talentify.io,Data Analyst - Remote,104100,oracle,cloud
1111561,Talentify.io,Data Analyst - Remote,104100,selenium,libraries
1111561,Talentify.io,Data Analyst - Remote,104100,tableau,analyst_tools
1111561,Talentify.io,Data Analyst - Remote,104100,ssis,analyst_tools
1220820,UnitedHealth Group,Claims Business Process Consultant Senior (External Audit Data / Reporting Analyst) - National Remote,104100,sql,programming
1220820,UnitedHealth Group,Claims Business Process Consultant Senior (External Audit Data / Reporting Analyst) - National Remote,104100,visual basic,programming
1220820,UnitedHealth Group,Claims Business Process Consultant Senior (External Audit Data / Reporting Analyst) - National Remote,104100,tableau,analyst_tools
1220820,UnitedHealth Group,Claims Business Process Consultant Senior (External Audit Data / Reporting Analyst) - National Remote,104100,excel,analyst_tools
1220820,UnitedHealth Group,Claims Business Process Consultant Senior (External Audit Data / Reporting Analyst) - National Remote,104100,power bi,analyst_tools
1220820,UnitedHealth Group,Claims Business Process Consultant Senior (External Audit Data / Reporting Analyst) - National Remote,104100,word,analyst_tools
1220820,UnitedHealth Group,Claims Business Process Consultant Senior (External Audit Data / Reporting Analyst) - National Remote,104100,powerpoint,analyst_tools
1220820,UnitedHealth Group,Claims Business Process Consultant Senior (External Audit Data / Reporting Analyst) - National Remote,104100,smartsheet,async
1220820,UnitedHealth Group,Claims Business Process Consultant Senior (External Audit Data / Reporting Analyst) - National Remote,104100,monday.com,async
739930,Get It Recruit - Information Technology,Data Analyst,104000,sql,programming
739930,Get It Recruit - Information Technology,Data Analyst,104000,python,programming
739930,Get It Recruit - Information Technology,Data Analyst,104000,r,programming
739930,Get It Recruit - Information Technology,Data Analyst,104000,javascript,programming
739930,Get It Recruit - Information Technology,Data Analyst,104000,c++,programming
739930,Get It Recruit - Information Technology,Data Analyst,104000,snowflake,cloud
739930,Get It Recruit - Information Technology,Data Analyst,104000,tableau,analyst_tools
739930,Get It Recruit - Information Technology,Data Analyst,104000,excel,analyst_tools
739930,Get It Recruit - Information Technology,Data Analyst,104000,looker,analyst_tools
739930,Get It Recruit - Information Technology,Data Analyst,104000,qlik,analyst_tools
739930,Get It Recruit - Information Technology,Data Analyst,104000,powerpoint,analyst_tools
876485,Optum,Program Integrity Data Analyst,104000,sql,programming
876485,Optum,Program Integrity Data Analyst,104000,excel,analyst_tools
876485,Optum,Program Integrity Data Analyst,104000,word,analyst_tools
876485,Optum,Program Integrity Data Analyst,104000,outlook,analyst_tools
980079,Get It Recruit - Information Technology,Data Science/Machine Learning/Data Analyst,104000,python,programming
980079,Get It Recruit - Information Technology,Data Science/Machine Learning/Data Analyst,104000,sas,programming
980079,Get It Recruit - Information Technology,Data Science/Machine Learning/Data Analyst,104000,java,programming
980079,Get It Recruit - Information Technology,Data Science/Machine Learning/Data Analyst,104000,excel,analyst_tools
980079,Get It Recruit - Information Technology,Data Science/Machine Learning/Data Analyst,104000,sas,analyst_tools
1006116,Block,Data Analyst,103650,sql,programming
1006116,Block,Data Analyst,103650,go,programming
1006116,Block,Data Analyst,103650,c,programming
1006116,Block,Data Analyst,103650,tableau,analyst_tools
1006116,Block,Data Analyst,103650,looker,analyst_tools
1006116,Block,Data Analyst,103650,flow,other
912898,Get It Recruit - Information Technology,Data Science Analyst II,103500,sql,programming
912898,Get It Recruit - Information Technology,Data Science Analyst II,103500,python,programming
912898,Get It Recruit - Information Technology,Data Science Analyst II,103500,r,programming
912898,Get It Recruit - Information Technology,Data Science Analyst II,103500,sql server,databases
912898,Get It Recruit - Information Technology,Data Science Analyst II,103500,tableau,analyst_tools
889560,Get It Recruit - Information Technology,Data Science Analyst II,103500,sql,programming
889560,Get It Recruit - Information Technology,Data Science Analyst II,103500,python,programming
889560,Get It Recruit - Information Technology,Data Science Analyst II,103500,r,programming
889560,Get It Recruit - Information Technology,Data Science Analyst II,103500,sql server,databases
889560,Get It Recruit - Information Technology,Data Science Analyst II,103500,tableau,analyst_tools
990864,hims & hers,"Data Analyst, Marketing",103500,sql,programming
990864,hims & hers,"Data Analyst, Marketing",103500,python,programming
990864,hims & hers,"Data Analyst, Marketing",103500,snowflake,cloud
990864,hims & hers,"Data Analyst, Marketing",103500,aws,cloud
990864,hims & hers,"Data Analyst, Marketing",103500,bigquery,cloud
990864,hims & hers,"Data Analyst, Marketing",103500,airflow,libraries
990864,hims & hers,"Data Analyst, Marketing",103500,scikit-learn,libraries
990864,hims & hers,"Data Analyst, Marketing",103500,pandas,libraries
990864,hims & hers,"Data Analyst, Marketing",103500,jupyter,libraries
990864,hims & hers,"Data Analyst, Marketing",103500,tableau,analyst_tools
990864,hims & hers,"Data Analyst, Marketing",103500,looker,analyst_tools
764145,Get It Recruit - Information Technology,Healthcare Data Analyst,103500,sql,programming
784834,Get It Recruit - Information Technology,Data Wrangling and Visualization Manager,103000,sql,programming
784834,Get It Recruit - Information Technology,Data Wrangling and Visualization Manager,103000,python,programming
784834,Get It Recruit - Information Technology,Data Wrangling and Visualization Manager,103000,azure,cloud
784834,Get It Recruit - Information Technology,Data Wrangling and Visualization Manager,103000,databricks,cloud
784834,Get It Recruit - Information Technology,Data Wrangling and Visualization Manager,103000,aws,cloud
784834,Get It Recruit - Information Technology,Data Wrangling and Visualization Manager,103000,spark,libraries
258421,AIDS Healthcare Foundation,Data Integration Analyst,103000,sql,programming
258421,AIDS Healthcare Foundation,Data Integration Analyst,103000,python,programming
258421,AIDS Healthcare Foundation,Data Integration Analyst,103000,r,programming
258421,AIDS Healthcare Foundation,Data Integration Analyst,103000,t-sql,programming
258421,AIDS Healthcare Foundation,Data Integration Analyst,103000,sql server,databases
258421,AIDS Healthcare Foundation,Data Integration Analyst,103000,oracle,cloud
258421,AIDS Healthcare Foundation,Data Integration Analyst,103000,windows,os
258421,AIDS Healthcare Foundation,Data Integration Analyst,103000,unix,os
258421,AIDS Healthcare Foundation,Data Integration Analyst,103000,tableau,analyst_tools
258421,AIDS Healthcare Foundation,Data Integration Analyst,103000,ssis,analyst_tools
258421,AIDS Healthcare Foundation,Data Integration Analyst,103000,ssrs,analyst_tools
718479,Get It Recruit - Information Technology,Epic Chronicles Database Analyst,103000,sql,programming
1224051,Evolent Health,Healthcare Analytics Manager - Value-Based Care,102500,sql,programming
1224051,Evolent Health,Healthcare Analytics Manager - Value-Based Care,102500,python,programming
1224051,Evolent Health,Healthcare Analytics Manager - Value-Based Care,102500,r,programming
1224051,Evolent Health,Healthcare Analytics Manager - Value-Based Care,102500,excel,analyst_tools
1224051,Evolent Health,Healthcare Analytics Manager - Value-Based Care,102500,powerpoint,analyst_tools
801506,Get It Recruit - Information Technology,Lead Data Analyst,102500,ms access,analyst_tools
1224046,Evolent Health,Healthcare Analytics Manager,102500,sql,programming
1224046,Evolent Health,Healthcare Analytics Manager,102500,python,programming
1224046,Evolent Health,Healthcare Analytics Manager,102500,r,programming
1224046,Evolent Health,Healthcare Analytics Manager,102500,excel,analyst_tools
1224046,Evolent Health,Healthcare Analytics Manager,102500,powerpoint,analyst_tools
866194,Get It Recruit - Information Technology,Senior Information Systems and Data Analyst,102500,excel,analyst_tools
866194,Get It Recruit - Information Technology,Senior Information Systems and Data Analyst,102500,power bi,analyst_tools
866194,Get It Recruit - Information Technology,Senior Information Systems and Data Analyst,102500,word,analyst_tools
866194,Get It Recruit - Information Technology,Senior Information Systems and Data Analyst,102500,ms access,analyst_tools
866194,Get It Recruit - Information Technology,Senior Information Systems and Data Analyst,102500,powerpoint,analyst_tools
350590,Insight Global,Data Analyst,102500,sql,programming
350590,Insight Global,Data Analyst,102500,javascript,programming
350590,Insight Global,Data Analyst,102500,tableau,analyst_tools
388871,Get It Recruit - Information Technology,Data Analyst,102500,sql,programming
388871,Get It Recruit - Information Technology,Data Analyst,102500,tableau,analyst_tools
388871,Get It Recruit - Information Technology,Data Analyst,102500,power bi,analyst_tools
234181,Orion Groups,Data Analyst,102500,python,programming
234181,Orion Groups,Data Analyst,102500,bash,programming
234181,Orion Groups,Data Analyst,102500,gcp,cloud
234181,Orion Groups,Data Analyst,102500,spark,libraries
234181,Orion Groups,Data Analyst,102500,hadoop,libraries
234181,Orion Groups,Data Analyst,102500,flow,other
234181,Orion Groups,Data Analyst,102500,github,other
234181,Orion Groups,Data Analyst,102500,jenkins,other
234181,Orion Groups,Data Analyst,102500,jira,async
234181,Orion Groups,Data Analyst,102500,confluence,async
582788,ZipRecruiter,Data Analyst,102250,sql,programming
582788,ZipRecruiter,Data Analyst,102250,python,programming
1006642,CloudWalk,Data Analyst,102250,go,programming
677457,Get It Recruit - Information Technology,Senior System/Data Analyst,102000,sql,programming
677457,Get It Recruit - Information Technology,Senior System/Data Analyst,102000,python,programming
677457,Get It Recruit - Information Technology,Senior System/Data Analyst,102000,oracle,cloud
677457,Get It Recruit - Information Technology,Senior System/Data Analyst,102000,aws,cloud
677457,Get It Recruit - Information Technology,Senior System/Data Analyst,102000,redshift,cloud
677457,Get It Recruit - Information Technology,Senior System/Data Analyst,102000,tableau,analyst_tools
253307,Get It Recruit - Information Technology,Remote Data Analyst III,102000,sql,programming
253307,Get It Recruit - Information Technology,Remote Data Analyst III,102000,excel,analyst_tools
265882,Get It Recruit - Information Technology,Data Analyst - Healthcare Industry (Remote),102000,sql,programming
265882,Get It Recruit - Information Technology,Data Analyst - Healthcare Industry (Remote),102000,excel,analyst_tools
411797,Get It Recruit - Information Technology,Data Analyst,101500,sql,programming
411797,Get It Recruit - Information Technology,Data Analyst,101500,python,programming
411797,Get It Recruit - Information Technology,Data Analyst,101500,r,programming
411797,Get It Recruit - Information Technology,Data Analyst,101500,azure,cloud
418142,Get It Recruit - Information Technology,Data Analyst,101500,sql,programming
418142,Get It Recruit - Information Technology,Data Analyst,101500,hadoop,libraries
418142,Get It Recruit - Information Technology,Data Analyst,101500,tableau,analyst_tools
418142,Get It Recruit - Information Technology,Data Analyst,101500,jira,async
418142,Get It Recruit - Information Technology,Data Analyst,101500,confluence,async
431256,Get It Recruit - Information Technology,Data Analyst - Empowering Insights for a Healthier Future,101500,sql,programming
431256,Get It Recruit - Information Technology,Data Analyst - Empowering Insights for a Healthier Future,101500,excel,analyst_tools
801547,Get It Recruit - Information Technology,Data Analyst,100500,sql,programming
801547,Get It Recruit - Information Technology,Data Analyst,100500,excel,analyst_tools
801547,Get It Recruit - Information Technology,Data Analyst,100500,power bi,analyst_tools
724507,UnitedHealth Group,Healthcare Data Analyst- Hybrid,100400,go,programming
724507,UnitedHealth Group,Healthcare Data Analyst- Hybrid,100400,sas,programming
724507,UnitedHealth Group,Healthcare Data Analyst- Hybrid,100400,sas,analyst_tools
155140,Optum,Data Analyst 2 - Remote,100400,sql,programming
155140,Optum,Data Analyst 2 - Remote,100400,c#,programming
155140,Optum,Data Analyst 2 - Remote,100400,sql server,databases
155140,Optum,Data Analyst 2 - Remote,100400,ssis,analyst_tools
155140,Optum,Data Analyst 2 - Remote,100400,ssrs,analyst_tools
155140,Optum,Data Analyst 2 - Remote,100400,github,other
157310,UnitedHealth Group,Sr Supplemental Data Analyst - Remote,100400,sql,programming
157310,UnitedHealth Group,Sr Supplemental Data Analyst - Remote,100400,visio,analyst_tools
157310,UnitedHealth Group,Sr Supplemental Data Analyst - Remote,100400,excel,analyst_tools
157310,UnitedHealth Group,Sr Supplemental Data Analyst - Remote,100400,word,analyst_tools
157310,UnitedHealth Group,Sr Supplemental Data Analyst - Remote,100400,ms access,analyst_tools
157310,UnitedHealth Group,Sr Supplemental Data Analyst - Remote,100400,powerpoint,analyst_tools
157310,UnitedHealth Group,Sr Supplemental Data Analyst - Remote,100400,outlook,analyst_tools
780385,UnitedHealth Group,Data analyst remote,100400,python,programming
780385,UnitedHealth Group,Data analyst remote,100400,snowflake,cloud
780385,UnitedHealth Group,Data analyst remote,100400,tableau,analyst_tools
780385,UnitedHealth Group,Data analyst remote,100400,excel,analyst_tools
780385,UnitedHealth Group,Data analyst remote,100400,power bi,analyst_tools
780385,UnitedHealth Group,Data analyst remote,100400,alteryx,analyst_tools
299395,SAIC,Tableau Data Analyst,100000.5,sql,programming
299395,SAIC,Tableau Data Analyst,100000.5,java,programming
299395,SAIC,Tableau Data Analyst,100000.5,c++,programming
299395,SAIC,Tableau Data Analyst,100000.5,c#,programming
299395,SAIC,Tableau Data Analyst,100000.5,c,programming
299395,SAIC,Tableau Data Analyst,100000.5,sql server,databases
299395,SAIC,Tableau Data Analyst,100000.5,oracle,cloud
299395,SAIC,Tableau Data Analyst,100000.5,visio,analyst_tools
299395,SAIC,Tableau Data Analyst,100000.5,tableau,analyst_tools
299395,SAIC,Tableau Data Analyst,100000.5,excel,analyst_tools
299395,SAIC,Tableau Data Analyst,100000.5,qlik,analyst_tools
311929,LHH,Data Analyst,100000,sql,programming
311929,LHH,Data Analyst,100000,oracle,cloud
311929,LHH,Data Analyst,100000,tableau,analyst_tools
311929,LHH,Data Analyst,100000,excel,analyst_tools
311929,LHH,Data Analyst,100000,sap,analyst_tools
854167,"Nationwide IT Services, Inc.",Data Analyst,100000,sql,programming
854167,"Nationwide IT Services, Inc.",Data Analyst,100000,python,programming
854167,"Nationwide IT Services, Inc.",Data Analyst,100000,r,programming
854167,"Nationwide IT Services, Inc.",Data Analyst,100000,nosql,programming
854167,"Nationwide IT Services, Inc.",Data Analyst,100000,vba,programming
854167,"Nationwide IT Services, Inc.",Data Analyst,100000,sql server,databases
854167,"Nationwide IT Services, Inc.",Data Analyst,100000,postgresql,databases
854167,"Nationwide IT Services, Inc.",Data Analyst,100000,cassandra,databases
854167,"Nationwide IT Services, Inc.",Data Analyst,100000,azure,cloud
854167,"Nationwide IT Services, Inc.",Data Analyst,100000,plotly,libraries
854167,"Nationwide IT Services, Inc.",Data Analyst,100000,tableau,analyst_tools
854167,"Nationwide IT Services, Inc.",Data Analyst,100000,excel,analyst_tools
854167,"Nationwide IT Services, Inc.",Data Analyst,100000,power bi,analyst_tools
854167,"Nationwide IT Services, Inc.",Data Analyst,100000,github,other
377230,LHH,Marketing Data Analyst,100000,sql,programming
377230,LHH,Marketing Data Analyst,100000,tableau,analyst_tools
377230,LHH,Marketing Data Analyst,100000,excel,analyst_tools
1233273,SynergisticIT,Business/Data Analyst (Remote),100000,python,programming
1233273,SynergisticIT,Business/Data Analyst (Remote),100000,javascript,programming
1233273,SynergisticIT,Business/Data Analyst (Remote),100000,java,programming
1233273,SynergisticIT,Business/Data Analyst (Remote),100000,c++,programming
1233273,SynergisticIT,Business/Data Analyst (Remote),100000,databricks,cloud
1233273,SynergisticIT,Business/Data Analyst (Remote),100000,oracle,cloud
1233273,SynergisticIT,Business/Data Analyst (Remote),100000,tensorflow,libraries
1233273,SynergisticIT,Business/Data Analyst (Remote),100000,spring,libraries
1233273,SynergisticIT,Business/Data Analyst (Remote),100000,tableau,analyst_tools
1233273,SynergisticIT,Business/Data Analyst (Remote),100000,docker,other
1233273,SynergisticIT,Business/Data Analyst (Remote),100000,github,other
1233273,SynergisticIT,Business/Data Analyst (Remote),100000,jenkins,other
239954,InvestM Technology LLC,Data Analyst - Investment Management,100000,sql,programming
239954,InvestM Technology LLC,Data Analyst - Investment Management,100000,python,programming
239954,InvestM Technology LLC,Data Analyst - Investment Management,100000,r,programming
239954,InvestM Technology LLC,Data Analyst - Investment Management,100000,java,programming
239954,InvestM Technology LLC,Data Analyst - Investment Management,100000,tableau,analyst_tools
239954,InvestM Technology LLC,Data Analyst - Investment Management,100000,power bi,analyst_tools
778874,Govcio LLC,Data Analyst,100000,sql,programming
778874,Govcio LLC,Data Analyst,100000,oracle,cloud
778874,Govcio LLC,Data Analyst,100000,atlassian,other
980007,Gryps,Construction Management - Data Analyst,100000,sql,programming
980007,Gryps,Construction Management - Data Analyst,100000,python,programming
980007,Gryps,Construction Management - Data Analyst,100000,jupyter,libraries
980007,Gryps,Construction Management - Data Analyst,100000,tableau,analyst_tools
769745,Get It Recruit - Information Technology,Data Analytics Manager,100000,sql,programming
558472,Robert Half,Lead Data Analyst / SQL Developer,100000,sql,programming
558472,Robert Half,Lead Data Analyst / SQL Developer,100000,python,programming
558472,Robert Half,Lead Data Analyst / SQL Developer,100000,go,programming
558472,Robert Half,Lead Data Analyst / SQL Developer,100000,c,programming
558472,Robert Half,Lead Data Analyst / SQL Developer,100000,sql server,databases
1324248,Talint,SAP Data Analyst,100000,oracle,cloud
1324248,Talint,SAP Data Analyst,100000,excel,analyst_tools
1324248,Talint,SAP Data Analyst,100000,sap,analyst_tools
150063,Hearth,Data Analyst,100000,sql,programming
150063,Hearth,Data Analyst,100000,python,programming
150063,Hearth,Data Analyst,100000,r,programming
150063,Hearth,Data Analyst,100000,tableau,analyst_tools
150063,Hearth,Data Analyst,100000,looker,analyst_tools
69121,InvestM Technology LLC,Data Analyst - Healthcare,100000,sql,programming
69121,InvestM Technology LLC,Data Analyst - Healthcare,100000,python,programming
69121,InvestM Technology LLC,Data Analyst - Healthcare,100000,r,programming
69121,InvestM Technology LLC,Data Analyst - Healthcare,100000,tableau,analyst_tools
69121,InvestM Technology LLC,Data Analyst - Healthcare,100000,power bi,analyst_tools
275807,Insight Global Healthcare,Healthcare Quality Data Analyst,100000,tableau,analyst_tools
275807,Insight Global Healthcare,Healthcare Quality Data Analyst,100000,excel,analyst_tools
275807,Insight Global Healthcare,Healthcare Quality Data Analyst,100000,qlik,analyst_tools
275807,Insight Global Healthcare,Healthcare Quality Data Analyst,100000,powerpoint,analyst_tools
1562438,Herself Health,Healthcare Data Analyst,100000,sql,programming
1562438,Herself Health,Healthcare Data Analyst,100000,python,programming
1562438,Herself Health,Healthcare Data Analyst,100000,snowflake,cloud
1562438,Herself Health,Healthcare Data Analyst,100000,tableau,analyst_tools
1531801,Integral,Technical Specialist – UAS Foreign Military Sales and Technical Data Analyst,100000,sap,analyst_tools
1531801,Integral,Technical Specialist – UAS Foreign Military Sales and Technical Data Analyst,100000,sharepoint,analyst_tools
1558446,Securitas,Data Analyst,100000,azure,cloud
1558446,Securitas,Data Analyst,100000,power bi,analyst_tools
1558446,Securitas,Data Analyst,100000,sharepoint,analyst_tools
1558446,Securitas,Data Analyst,100000,flow,other
863303,BlocPower,Data Analyst,100000,python,programming
863303,BlocPower,Data Analyst,100000,databricks,cloud
863303,BlocPower,Data Analyst,100000,aws,cloud
863303,BlocPower,Data Analyst,100000,redshift,cloud
863303,BlocPower,Data Analyst,100000,spark,libraries
863303,BlocPower,Data Analyst,100000,keras,libraries
863303,BlocPower,Data Analyst,100000,tensorflow,libraries
863303,BlocPower,Data Analyst,100000,kubernetes,other
863303,BlocPower,Data Analyst,100000,docker,other
863303,BlocPower,Data Analyst,100000,git,other
863303,BlocPower,Data Analyst,100000,jenkins,other
928435,CareerBuilder,Data Analyst,100000,sql,programming
928435,CareerBuilder,Data Analyst,100000,python,programming
928435,CareerBuilder,Data Analyst,100000,databricks,cloud
928435,CareerBuilder,Data Analyst,100000,spark,libraries
928435,CareerBuilder,Data Analyst,100000,airflow,libraries
928435,CareerBuilder,Data Analyst,100000,splunk,analyst_tools
928435,CareerBuilder,Data Analyst,100000,kubernetes,other
385639,Insight Global,Data Conversion Analyst,100000,power bi,analyst_tools
318497,Scaleai,Business Data Analyst,100000,sql,programming
318497,Scaleai,Business Data Analyst,100000,python,programming
318497,Scaleai,Business Data Analyst,100000,tableau,analyst_tools
628052,Calbright College,Research Data Analyst,99746.90625,sql,programming
628052,Calbright College,Research Data Analyst,99746.90625,python,programming
628052,Calbright College,Research Data Analyst,99746.90625,r,programming
628052,Calbright College,Research Data Analyst,99746.90625,sas,programming
628052,Calbright College,Research Data Analyst,99746.90625,oracle,cloud
628052,Calbright College,Research Data Analyst,99746.90625,windows,os
628052,Calbright College,Research Data Analyst,99746.90625,excel,analyst_tools
628052,Calbright College,Research Data Analyst,99746.90625,word,analyst_tools
628052,Calbright College,Research Data Analyst,99746.90625,spss,analyst_tools
628052,Calbright College,Research Data Analyst,99746.90625,sas,analyst_tools
628052,Calbright College,Research Data Analyst,99746.90625,sheets,analyst_tools
628052,Calbright College,Research Data Analyst,99746.90625,spreadsheet,analyst_tools
450144,Ogletree Deakins,Legal Project Management Data Analyst,99500,sql,programming
450144,Ogletree Deakins,Legal Project Management Data Analyst,99500,python,programming
450144,Ogletree Deakins,Legal Project Management Data Analyst,99500,r,programming
450144,Ogletree Deakins,Legal Project Management Data Analyst,99500,tableau,analyst_tools
450144,Ogletree Deakins,Legal Project Management Data Analyst,99500,excel,analyst_tools
411792,Get It Recruit - Information Technology,Senior Earth Observation Data Analyst,99500,sql,programming
411792,Get It Recruit - Information Technology,Senior Earth Observation Data Analyst,99500,python,programming
411792,Get It Recruit - Information Technology,Senior Earth Observation Data Analyst,99500,r,programming
411792,Get It Recruit - Information Technology,Senior Earth Observation Data Analyst,99500,java,programming
411792,Get It Recruit - Information Technology,Senior Earth Observation Data Analyst,99500,c++,programming
411792,Get It Recruit - Information Technology,Senior Earth Observation Data Analyst,99500,c#,programming
411792,Get It Recruit - Information Technology,Senior Earth Observation Data Analyst,99500,bash,programming
411792,Get It Recruit - Information Technology,Senior Earth Observation Data Analyst,99500,powershell,programming
411792,Get It Recruit - Information Technology,Senior Earth Observation Data Analyst,99500,aws,cloud
411792,Get It Recruit - Information Technology,Senior Earth Observation Data Analyst,99500,tableau,analyst_tools
873554,Atos,Azure Data Analyst with Synapse,99500,sql,programming
873554,Atos,Azure Data Analyst with Synapse,99500,azure,cloud
169416,Get It Recruit - Technology,Data Analyst III - SQL Analytics - Remote | WFH,99000,sql,programming
169416,Get It Recruit - Technology,Data Analyst III - SQL Analytics - Remote | WFH,99000,excel,analyst_tools
294971,Ad Hoc Team,Research Data Analyst (remote),98800,sql,programming
294971,Ad Hoc Team,Research Data Analyst (remote),98800,python,programming
294971,Ad Hoc Team,Research Data Analyst (remote),98800,r,programming
294971,Ad Hoc Team,Research Data Analyst (remote),98800,tableau,analyst_tools
294971,Ad Hoc Team,Research Data Analyst (remote),98800,looker,analyst_tools
574306,"Goldbelt, Inc.",Data Analyst,98750,sas,programming
574306,"Goldbelt, Inc.",Data Analyst,98750,sas,analyst_tools
574306,"Goldbelt, Inc.",Data Analyst,98750,flow,other
969646,Booz Allen Hamilton,Health Data Analyst,98700,python,programming
969646,Booz Allen Hamilton,Health Data Analyst,98700,aws,cloud
1089895,Get It Recruit - Information Technology,Data Analyst,98500,sql,programming
1089895,Get It Recruit - Information Technology,Data Analyst,98500,python,programming
1089895,Get It Recruit - Information Technology,Data Analyst,98500,c#,programming
1089895,Get It Recruit - Information Technology,Data Analyst,98500,vba,programming
1089895,Get It Recruit - Information Technology,Data Analyst,98500,excel,analyst_tools
1089895,Get It Recruit - Information Technology,Data Analyst,98500,power bi,analyst_tools
156890,Get It Recruit - Technology,Data Analyst IV (Healthcare Analytics) - Remote | WFH,98500,sql,programming
156890,Get It Recruit - Technology,Data Analyst IV (Healthcare Analytics) - Remote | WFH,98500,python,programming
156890,Get It Recruit - Technology,Data Analyst IV (Healthcare Analytics) - Remote | WFH,98500,r,programming
156890,Get It Recruit - Technology,Data Analyst IV (Healthcare Analytics) - Remote | WFH,98500,excel,analyst_tools
1015804,Get It Recruit - Healthcare,Healthcare Data Analyst,97566,sql,programming
1015804,Get It Recruit - Healthcare,Healthcare Data Analyst,97566,sas,programming
1015804,Get It Recruit - Healthcare,Healthcare Data Analyst,97566,sas,analyst_tools
1612885,Cloud and Things Inc,Data Analyst – Medicaid Claims & Encounter Data,97500,sql,programming
1612885,Cloud and Things Inc,Data Analyst – Medicaid Claims & Encounter Data,97500,python,programming
1612885,Cloud and Things Inc,Data Analyst – Medicaid Claims & Encounter Data,97500,r,programming
1612885,Cloud and Things Inc,Data Analyst – Medicaid Claims & Encounter Data,97500,tableau,analyst_tools
1025767,Greenlight Financial Technology,"Data Analyst, Acquisition Marketing",97500,sql,programming
1025767,Greenlight Financial Technology,"Data Analyst, Acquisition Marketing",97500,python,programming
1025767,Greenlight Financial Technology,"Data Analyst, Acquisition Marketing",97500,snowflake,cloud
1025767,Greenlight Financial Technology,"Data Analyst, Acquisition Marketing",97500,tableau,analyst_tools
861238,Quest Diagnostics,Business Data Analyst,97500,tableau,analyst_tools
861238,Quest Diagnostics,Business Data Analyst,97500,excel,analyst_tools
425627,Pop-Up Talent,"Product Data Analyst, NFT/ Web3/ Crypto",97500,sql,programming
425627,Pop-Up Talent,"Product Data Analyst, NFT/ Web3/ Crypto",97500,tableau,analyst_tools
647160,CRED iQ,Quantitative Data Analyst (CRE / CMBS),97500,sql,programming
647160,CRED iQ,Quantitative Data Analyst (CRE / CMBS),97500,python,programming
647160,CRED iQ,Quantitative Data Analyst (CRE / CMBS),97500,go,programming
647160,CRED iQ,Quantitative Data Analyst (CRE / CMBS),97500,rust,programming
647160,CRED iQ,Quantitative Data Analyst (CRE / CMBS),97500,excel,analyst_tools
647160,CRED iQ,Quantitative Data Analyst (CRE / CMBS),97500,word,analyst_tools
647160,CRED iQ,Quantitative Data Analyst (CRE / CMBS),97500,powerpoint,analyst_tools
82704,InvestM Technology LLC,Data Analyst - Healthcare,97500,sql,programming
82704,InvestM Technology LLC,Data Analyst - Healthcare,97500,python,programming
82704,InvestM Technology LLC,Data Analyst - Healthcare,97500,r,programming
82704,InvestM Technology LLC,Data Analyst - Healthcare,97500,tableau,analyst_tools
82704,InvestM Technology LLC,Data Analyst - Healthcare,97500,power bi,analyst_tools
30810,Cognizant Technology Solutions,Privacy Data Analyst- (remote),97500,excel,analyst_tools
30810,Cognizant Technology Solutions,Privacy Data Analyst- (remote),97500,flow,other
335944,Motion Recruitment,Mid-Level Data Analyst - Python/SQL/PowerBI/Tableau,97500,sql,programming
335944,Motion Recruitment,Mid-Level Data Analyst - Python/SQL/PowerBI/Tableau,97500,python,programming
335944,Motion Recruitment,Mid-Level Data Analyst - Python/SQL/PowerBI/Tableau,97500,snowflake,cloud
335944,Motion Recruitment,Mid-Level Data Analyst - Python/SQL/PowerBI/Tableau,97500,azure,cloud
335944,Motion Recruitment,Mid-Level Data Analyst - Python/SQL/PowerBI/Tableau,97500,databricks,cloud
335944,Motion Recruitment,Mid-Level Data Analyst - Python/SQL/PowerBI/Tableau,97500,spark,libraries
335944,Motion Recruitment,Mid-Level Data Analyst - Python/SQL/PowerBI/Tableau,97500,tableau,analyst_tools
335944,Motion Recruitment,Mid-Level Data Analyst - Python/SQL/PowerBI/Tableau,97500,power bi,analyst_tools
774375,Central California Alliance for Health (Remote),Provider Data Configuration Analyst IV,97070.5,sql,programming
305267,Driscoll's,Lead Master Data Analyst (Remote or Onsite),97000,sql,programming
305267,Driscoll's,Lead Master Data Analyst (Remote or Onsite),97000,flow,other
1417591,Lincoln Financial Group,Data Protection Analyst (Remote),97000,express,webframeworks
1086809,Walden University,"Manager, Data Analytics",96433.67969,excel,analyst_tools
1086809,Walden University,"Manager, Data Analytics",96433.67969,power bi,analyst_tools
1086809,Walden University,"Manager, Data Analytics",96433.67969,word,analyst_tools
1086809,Walden University,"Manager, Data Analytics",96433.67969,powerpoint,analyst_tools
1086809,Walden University,"Manager, Data Analytics",96433.67969,outlook,analyst_tools
1086809,Walden University,"Manager, Data Analytics",96433.67969,sharepoint,analyst_tools
383737,Respawn Entertainment,Data Analyst (Apex Legends),96400,sql,programming
383737,Respawn Entertainment,Data Analyst (Apex Legends),96400,power bi,analyst_tools
62241,Booz Allen Hamilton,Data Analyst,95700,sql,programming
62241,Booz Allen Hamilton,Data Analyst,95700,python,programming
62241,Booz Allen Hamilton,Data Analyst,95700,r,programming
62241,Booz Allen Hamilton,Data Analyst,95700,tableau,analyst_tools
62241,Booz Allen Hamilton,Data Analyst,95700,power bi,analyst_tools
62241,Booz Allen Hamilton,Data Analyst,95700,qlik,analyst_tools
62241,Booz Allen Hamilton,Data Analyst,95700,powerpoint,analyst_tools
947219,SAN JOAQUIN COUNTY HEALTH COMMISSION,"Analyst, Corporate Data Intermediate",95695,sql,programming
947219,SAN JOAQUIN COUNTY HEALTH COMMISSION,"Analyst, Corporate Data Intermediate",95695,tableau,analyst_tools
947219,SAN JOAQUIN COUNTY HEALTH COMMISSION,"Analyst, Corporate Data Intermediate",95695,excel,analyst_tools
19522,Insight Global,Data Analyst (QA),95680,excel,analyst_tools
17787,Insight Global,Data Analyst (QA),95680,excel,analyst_tools
536970,Booz Allen Hamilton,"Data Analyst, Mid",95650,python,programming
536970,Booz Allen Hamilton,"Data Analyst, Mid",95650,r,programming
536970,Booz Allen Hamilton,"Data Analyst, Mid",95650,power bi,analyst_tools
536970,Booz Allen Hamilton,"Data Analyst, Mid",95650,powerpoint,analyst_tools
1257421,WEX Inc.,Product Data Analyst,95500,sql,programming
1257421,WEX Inc.,Product Data Analyst,95500,python,programming
1257421,WEX Inc.,Product Data Analyst,95500,r,programming
1257421,WEX Inc.,Product Data Analyst,95500,tableau,analyst_tools
1257421,WEX Inc.,Product Data Analyst,95500,flow,other
904216,Get It Recruit - Information Technology,Data Analyst,95500,sql,programming
904216,Get It Recruit - Information Technology,Data Analyst,95500,python,programming
904216,Get It Recruit - Information Technology,Data Analyst,95500,postgresql,databases
904216,Get It Recruit - Information Technology,Data Analyst,95500,databricks,cloud
904216,Get It Recruit - Information Technology,Data Analyst,95500,tableau,analyst_tools
904216,Get It Recruit - Information Technology,Data Analyst,95500,power bi,analyst_tools
323533,Olympus Corporation of the Americas,Data Analyst Lead - Remote,95500,sql,programming
323533,Olympus Corporation of the Americas,Data Analyst Lead - Remote,95500,python,programming
323533,Olympus Corporation of the Americas,Data Analyst Lead - Remote,95500,vba,programming
323533,Olympus Corporation of the Americas,Data Analyst Lead - Remote,95500,tableau,analyst_tools
323533,Olympus Corporation of the Americas,Data Analyst Lead - Remote,95500,excel,analyst_tools
323533,Olympus Corporation of the Americas,Data Analyst Lead - Remote,95500,unity,other
1250220,Cardinal Health,"Data Analyst, GPO Analytics",95350,excel,analyst_tools
1250220,Cardinal Health,"Data Analyst, GPO Analytics",95350,looker,analyst_tools
1250220,Cardinal Health,"Data Analyst, GPO Analytics",95350,word,analyst_tools
1250220,Cardinal Health,"Data Analyst, GPO Analytics",95350,sap,analyst_tools
1250220,Cardinal Health,"Data Analyst, GPO Analytics",95350,powerpoint,analyst_tools
1250220,Cardinal Health,"Data Analyst, GPO Analytics",95350,outlook,analyst_tools
489361,Get It Recruit - Finance,Data Analyst,95329,sql,programming
489361,Get It Recruit - Finance,Data Analyst,95329,oracle,cloud
489361,Get It Recruit - Finance,Data Analyst,95329,tableau,analyst_tools
489361,Get It Recruit - Finance,Data Analyst,95329,power bi,analyst_tools
1530475,"Mental Health, Office of","Data Analyst 2, Central Office;",95305,tableau,analyst_tools
1530475,"Mental Health, Office of","Data Analyst 2, Central Office;",95305,sharepoint,analyst_tools
1275639,"Mental Health, Office of","Data Analyst 2, Central Office;",95305,tableau,analyst_tools
1275639,"Mental Health, Office of","Data Analyst 2, Central Office;",95305,sharepoint,analyst_tools
1275641,"Mental Health, Office of","Data Analyst 2, Central Office;",95305,tableau,analyst_tools
1275641,"Mental Health, Office of","Data Analyst 2, Central Office;",95305,sharepoint,analyst_tools
611923,"Maximus Services, LLC",Data Analyst - Employee Listening (I/O psychology),95287.5,excel,analyst_tools
453817,CVS Health,Risk Adjustment Data Analytics Lead,95150,sql,programming
453817,CVS Health,Risk Adjustment Data Analytics Lead,95150,sas,programming
453817,CVS Health,Risk Adjustment Data Analytics Lead,95150,excel,analyst_tools
453817,CVS Health,Risk Adjustment Data Analytics Lead,95150,sas,analyst_tools
260073,Insight Global,Data Analyst,95000,crystal,programming
260073,Insight Global,Data Analyst,95000,sas,programming
260073,Insight Global,Data Analyst,95000,tableau,analyst_tools
260073,Insight Global,Data Analyst,95000,excel,analyst_tools
260073,Insight Global,Data Analyst,95000,sas,analyst_tools
260073,Insight Global,Data Analyst,95000,qlik,analyst_tools
1075650,"Woodgrove Solutions, LLC",Business Intelligence Analyst/Data Analyst Remote / Telecommute Jobs,95000,sql,programming
1075650,"Woodgrove Solutions, LLC",Business Intelligence Analyst/Data Analyst Remote / Telecommute Jobs,95000,python,programming
1075650,"Woodgrove Solutions, LLC",Business Intelligence Analyst/Data Analyst Remote / Telecommute Jobs,95000,r,programming
1075650,"Woodgrove Solutions, LLC",Business Intelligence Analyst/Data Analyst Remote / Telecommute Jobs,95000,tableau,analyst_tools
1075650,"Woodgrove Solutions, LLC",Business Intelligence Analyst/Data Analyst Remote / Telecommute Jobs,95000,excel,analyst_tools
1075650,"Woodgrove Solutions, LLC",Business Intelligence Analyst/Data Analyst Remote / Telecommute Jobs,95000,word,analyst_tools
1075650,"Woodgrove Solutions, LLC",Business Intelligence Analyst/Data Analyst Remote / Telecommute Jobs,95000,qlik,analyst_tools
1075650,"Woodgrove Solutions, LLC",Business Intelligence Analyst/Data Analyst Remote / Telecommute Jobs,95000,powerpoint,analyst_tools
1075650,"Woodgrove Solutions, LLC",Business Intelligence Analyst/Data Analyst Remote / Telecommute Jobs,95000,flow,other
667856,Polygence,Data Analyst,95000,sql,programming
667856,Polygence,Data Analyst,95000,python,programming
667856,Polygence,Data Analyst,95000,r,programming
667856,Polygence,Data Analyst,95000,tableau,analyst_tools
667856,Polygence,Data Analyst,95000,excel,analyst_tools
667856,Polygence,Data Analyst,95000,looker,analyst_tools
667856,Polygence,Data Analyst,95000,sheets,analyst_tools
676382,Polygence,Data Analyst,95000,sql,programming
676382,Polygence,Data Analyst,95000,python,programming
676382,Polygence,Data Analyst,95000,r,programming
676382,Polygence,Data Analyst,95000,tableau,analyst_tools
676382,Polygence,Data Analyst,95000,excel,analyst_tools
676382,Polygence,Data Analyst,95000,looker,analyst_tools
676382,Polygence,Data Analyst,95000,sheets,analyst_tools
971544,Collabera LLC,Data Analyst,95000,sql,programming
971544,Collabera LLC,Data Analyst,95000,python,programming
971544,Collabera LLC,Data Analyst,95000,r,programming
971544,Collabera LLC,Data Analyst,95000,tableau,analyst_tools
971544,Collabera LLC,Data Analyst,95000,power bi,analyst_tools
971544,Collabera LLC,Data Analyst,95000,qlik,analyst_tools
971544,Collabera LLC,Data Analyst,95000,dax,analyst_tools
220230,"IDR, Inc.",Informatics Data Analyst II,95000,sql,programming
220230,"IDR, Inc.",Informatics Data Analyst II,95000,python,programming
220230,"IDR, Inc.",Informatics Data Analyst II,95000,r,programming
826827,Get It Recruit - Information Technology,"Manager, Analytics",95000,sql,programming
826827,Get It Recruit - Information Technology,"Manager, Analytics",95000,sql server,databases
826827,Get It Recruit - Information Technology,"Manager, Analytics",95000,excel,analyst_tools
826827,Get It Recruit - Information Technology,"Manager, Analytics",95000,powerpoint,analyst_tools
1210210,Ryder System,Data Analyst III (Remote),95000,azure,cloud
1210210,Ryder System,Data Analyst III (Remote),95000,express,webframeworks
1210210,Ryder System,Data Analyst III (Remote),95000,tableau,analyst_tools
1210210,Ryder System,Data Analyst III (Remote),95000,power bi,analyst_tools
1210210,Ryder System,Data Analyst III (Remote),95000,alteryx,analyst_tools
1322653,IntelePeer,Customer Data Analyst (US Remote),95000,sql,programming
1322653,IntelePeer,Customer Data Analyst (US Remote),95000,gdpr,libraries
1322653,IntelePeer,Customer Data Analyst (US Remote),95000,excel,analyst_tools
1322653,IntelePeer,Customer Data Analyst (US Remote),95000,looker,analyst_tools
806401,Polygence,Data Analyst,95000,sql,programming
806401,Polygence,Data Analyst,95000,python,programming
806401,Polygence,Data Analyst,95000,r,programming
806401,Polygence,Data Analyst,95000,tableau,analyst_tools
806401,Polygence,Data Analyst,95000,excel,analyst_tools
806401,Polygence,Data Analyst,95000,looker,analyst_tools
806401,Polygence,Data Analyst,95000,sheets,analyst_tools
329800,Clark Associates,(Remote) Marketing Data Analyst,95000,sql,programming
329800,Clark Associates,(Remote) Marketing Data Analyst,95000,python,programming
329800,Clark Associates,(Remote) Marketing Data Analyst,95000,looker,analyst_tools
329800,Clark Associates,(Remote) Marketing Data Analyst,95000,power bi,analyst_tools
153245,Motion Recruitment,Data Analyst Role,95000,sql,programming
153245,Motion Recruitment,Data Analyst Role,95000,python,programming
153245,Motion Recruitment,Data Analyst Role,95000,t-sql,programming
153245,Motion Recruitment,Data Analyst Role,95000,powershell,programming
153245,Motion Recruitment,Data Analyst Role,95000,php,programming
153245,Motion Recruitment,Data Analyst Role,95000,mysql,databases
153245,Motion Recruitment,Data Analyst Role,95000,mariadb,databases
153245,Motion Recruitment,Data Analyst Role,95000,ssrs,analyst_tools
149394,Hays,Data Analyst - Looker,95000,sql,programming
149394,Hays,Data Analyst - Looker,95000,mongodb,programming
149394,Hays,Data Analyst - Looker,95000,postgresql,databases
149394,Hays,Data Analyst - Looker,95000,mongodb,databases
149394,Hays,Data Analyst - Looker,95000,looker,analyst_tools
366350,Ryder System,Data Analyst III (REMOTE),95000,python,programming
366350,Ryder System,Data Analyst III (REMOTE),95000,azure,cloud
366350,Ryder System,Data Analyst III (REMOTE),95000,express,webframeworks
366350,Ryder System,Data Analyst III (REMOTE),95000,tableau,analyst_tools
366350,Ryder System,Data Analyst III (REMOTE),95000,power bi,analyst_tools
366350,Ryder System,Data Analyst III (REMOTE),95000,alteryx,analyst_tools
440856,United Site Services,Data Integration Analyst,95000,flow,other
627754,American Red Cross,Data Analyst * Work from home,95000,sql,programming
627754,American Red Cross,Data Analyst * Work from home,95000,python,programming
627754,American Red Cross,Data Analyst * Work from home,95000,r,programming
994905,Equitable,Data Insights Analyst,95000,power bi,analyst_tools
624829,Get It Recruit - Finance,Data Analyst,95000,sql,programming
624829,Get It Recruit - Finance,Data Analyst,95000,oracle,cloud
624829,Get It Recruit - Finance,Data Analyst,95000,tableau,analyst_tools
624829,Get It Recruit - Finance,Data Analyst,95000,power bi,analyst_tools
16392,Jobot,Data Analyst,95000,power bi,analyst_tools
16392,Jobot,Data Analyst,95000,microstrategy,analyst_tools
16392,Jobot,Data Analyst,95000,dax,analyst_tools
72611,Earnest Analytics,"Data Analyst, Financial Services",95000,tableau,analyst_tools
72611,Earnest Analytics,"Data Analyst, Financial Services",95000,excel,analyst_tools
23354,HopSkipDrive,"Data Analyst (Greater LA Area, CA or Remote)",95000,sql,programming
23354,HopSkipDrive,"Data Analyst (Greater LA Area, CA or Remote)",95000,go,programming
23354,HopSkipDrive,"Data Analyst (Greater LA Area, CA or Remote)",95000,tableau,analyst_tools
23354,HopSkipDrive,"Data Analyst (Greater LA Area, CA or Remote)",95000,excel,analyst_tools
23354,HopSkipDrive,"Data Analyst (Greater LA Area, CA or Remote)",95000,sheets,analyst_tools
926224,January AI,Data Analyst,95000,sql,programming
926224,January AI,Data Analyst,95000,python,programming
926224,January AI,Data Analyst,95000,r,programming
926224,January AI,Data Analyst,95000,tableau,analyst_tools
926224,January AI,Data Analyst,95000,power bi,analyst_tools
99042,Technology Ventures,Data Analyst,95000,sql,programming
99042,Technology Ventures,Data Analyst,95000,excel,analyst_tools
99042,Technology Ventures,Data Analyst,95000,power bi,analyst_tools
405410,General Dynamics Information Technology,Program/Data Analyst (Health Services) Remote!,95000,jira,async
1010981,"Tribal Tech - The Digital, Data & AI Specialists",Data Analyst,95000,sql,programming
1010981,"Tribal Tech - The Digital, Data & AI Specialists",Data Analyst,95000,python,programming
1010981,"Tribal Tech - The Digital, Data & AI Specialists",Data Analyst,95000,tableau,analyst_tools
1010981,"Tribal Tech - The Digital, Data & AI Specialists",Data Analyst,95000,power bi,analyst_tools
425639,Insight Global,Data Analyst,95000,tableau,analyst_tools
523379,Protect Democracy,Data Analyst,94871.5,python,programming
523379,Protect Democracy,Data Analyst,94871.5,r,programming
970376,Get It Recruit - Healthcare,Provider Network Reporting Analyst,94699.5,sql,programming
970376,Get It Recruit - Healthcare,Provider Network Reporting Analyst,94699.5,azure,cloud
970376,Get It Recruit - Healthcare,Provider Network Reporting Analyst,94699.5,databricks,cloud
970376,Get It Recruit - Healthcare,Provider Network Reporting Analyst,94699.5,excel,analyst_tools
1443940,"Healthfirst, Inc",Sr. Workforce Effectiveness Data Analyst,94535,sql,programming
1443940,"Healthfirst, Inc",Sr. Workforce Effectiveness Data Analyst,94535,python,programming
1443940,"Healthfirst, Inc",Sr. Workforce Effectiveness Data Analyst,94535,r,programming
1443940,"Healthfirst, Inc",Sr. Workforce Effectiveness Data Analyst,94535,javascript,programming
1443940,"Healthfirst, Inc",Sr. Workforce Effectiveness Data Analyst,94535,aws,cloud
1443940,"Healthfirst, Inc",Sr. Workforce Effectiveness Data Analyst,94535,redshift,cloud
1443940,"Healthfirst, Inc",Sr. Workforce Effectiveness Data Analyst,94535,hadoop,libraries
1443940,"Healthfirst, Inc",Sr. Workforce Effectiveness Data Analyst,94535,tableau,analyst_tools
1443940,"Healthfirst, Inc",Sr. Workforce Effectiveness Data Analyst,94535,excel,analyst_tools
1443940,"Healthfirst, Inc",Sr. Workforce Effectiveness Data Analyst,94535,word,analyst_tools
1443940,"Healthfirst, Inc",Sr. Workforce Effectiveness Data Analyst,94535,alteryx,analyst_tools
553024,The Cigna Group,Sustainability Oversight Data Lead Analyst - Remote,94400,tableau,analyst_tools
553024,The Cigna Group,Sustainability Oversight Data Lead Analyst - Remote,94400,flow,other
1069423,Jane App,Data Analyst,94100,sql,programming
1069423,Jane App,Data Analyst,94100,snowflake,cloud
1069423,Jane App,Data Analyst,94100,tableau,analyst_tools
1069423,Jane App,Data Analyst,94100,looker,analyst_tools
1069423,Jane App,Data Analyst,94100,word,analyst_tools
1069423,Jane App,Data Analyst,94100,slack,sync
370371,Tactis LLC,Business Data Analyst,94000,tableau,analyst_tools
370371,Tactis LLC,Business Data Analyst,94000,excel,analyst_tools
370371,Tactis LLC,Business Data Analyst,94000,jira,async
1112215,Get It Recruit - Information Technology,Healthcare Data Analyst,94000,sql,programming
1112215,Get It Recruit - Information Technology,Healthcare Data Analyst,94000,python,programming
1112215,Get It Recruit - Information Technology,Healthcare Data Analyst,94000,r,programming
1112215,Get It Recruit - Information Technology,Healthcare Data Analyst,94000,arch,os
1053368,Lincoln Financial Group,Product/Data Analyst,94000,sas,programming
1053368,Lincoln Financial Group,Product/Data Analyst,94000,vba,programming
1053368,Lincoln Financial Group,Product/Data Analyst,94000,express,webframeworks
1053368,Lincoln Financial Group,Product/Data Analyst,94000,tableau,analyst_tools
1053368,Lincoln Financial Group,Product/Data Analyst,94000,excel,analyst_tools
1053368,Lincoln Financial Group,Product/Data Analyst,94000,sas,analyst_tools
963924,Rich Products Corporation,"Career Opportunities: Data Analyst, Smart Factory (Remote) (34598)",93700,sql,programming
963924,Rich Products Corporation,"Career Opportunities: Data Analyst, Smart Factory (Remote) (34598)",93700,python,programming
963924,Rich Products Corporation,"Career Opportunities: Data Analyst, Smart Factory (Remote) (34598)",93700,r,programming
963924,Rich Products Corporation,"Career Opportunities: Data Analyst, Smart Factory (Remote) (34598)",93700,power bi,analyst_tools
1089894,Talentify.io,Technical Data Analyst (Remote),93500,python,programming
1089894,Talentify.io,Technical Data Analyst (Remote),93500,windows,os
1089894,Talentify.io,Technical Data Analyst (Remote),93500,tableau,analyst_tools
1089894,Talentify.io,Technical Data Analyst (Remote),93500,microstrategy,analyst_tools
1089894,Talentify.io,Technical Data Analyst (Remote),93500,sharepoint,analyst_tools
1048914,Codecademy (a Skillsoft company),Data Analyst,93500,sql,programming
1048914,Codecademy (a Skillsoft company),Data Analyst,93500,python,programming
1048914,Codecademy (a Skillsoft company),Data Analyst,93500,r,programming
1048914,Codecademy (a Skillsoft company),Data Analyst,93500,snowflake,cloud
1048914,Codecademy (a Skillsoft company),Data Analyst,93500,scikit-learn,libraries
1048914,Codecademy (a Skillsoft company),Data Analyst,93500,pandas,libraries
1048914,Codecademy (a Skillsoft company),Data Analyst,93500,jupyter,libraries
1048914,Codecademy (a Skillsoft company),Data Analyst,93500,tableau,analyst_tools
1048914,Codecademy (a Skillsoft company),Data Analyst,93500,looker,analyst_tools
1048914,Codecademy (a Skillsoft company),Data Analyst,93500,git,other
875712,ID.me,Data Analyst,93000,sql,programming
875712,ID.me,Data Analyst,93000,python,programming
875712,ID.me,Data Analyst,93000,r,programming
875712,ID.me,Data Analyst,93000,tableau,analyst_tools
713778,Get It Recruit - Information Technology,Statistical Data Analyst,93000,sas,programming
713778,Get It Recruit - Information Technology,Statistical Data Analyst,93000,excel,analyst_tools
713778,Get It Recruit - Information Technology,Statistical Data Analyst,93000,word,analyst_tools
713778,Get It Recruit - Information Technology,Statistical Data Analyst,93000,sas,analyst_tools
859003,Get It Recruit - Information Technology,Revenue Cycle Billing Reimbursement Data Analyst,93000,tableau,analyst_tools
859003,Get It Recruit - Information Technology,Revenue Cycle Billing Reimbursement Data Analyst,93000,excel,analyst_tools
859003,Get It Recruit - Information Technology,Revenue Cycle Billing Reimbursement Data Analyst,93000,power bi,analyst_tools
246732,Medidata Solutions,Sr. People Data Analyst,92750,sql,programming
246732,Medidata Solutions,Sr. People Data Analyst,92750,python,programming
246732,Medidata Solutions,Sr. People Data Analyst,92750,r,programming
246732,Medidata Solutions,Sr. People Data Analyst,92750,tableau,analyst_tools
246732,Medidata Solutions,Sr. People Data Analyst,92750,excel,analyst_tools
246732,Medidata Solutions,Sr. People Data Analyst,92750,powerpoint,analyst_tools
317470,Centene Corporation,Data Analyst III (Healthcare Analytics),92550,python,programming
317470,Centene Corporation,Data Analyst III (Healthcare Analytics),92550,r,programming
131140,LeanTaaS,Data Analyst (US REMOTE),92500,sql,programming
131140,LeanTaaS,Data Analyst (US REMOTE),92500,python,programming
131140,LeanTaaS,Data Analyst (US REMOTE),92500,tableau,analyst_tools
131140,LeanTaaS,Data Analyst (US REMOTE),92500,excel,analyst_tools
99637,HopSkipDrive,"Operations Data Analyst (Greater LA Area, CA or Remote)",92500,sql,programming
99637,HopSkipDrive,"Operations Data Analyst (Greater LA Area, CA or Remote)",92500,go,programming
99637,HopSkipDrive,"Operations Data Analyst (Greater LA Area, CA or Remote)",92500,tableau,analyst_tools
99637,HopSkipDrive,"Operations Data Analyst (Greater LA Area, CA or Remote)",92500,excel,analyst_tools
99637,HopSkipDrive,"Operations Data Analyst (Greater LA Area, CA or Remote)",92500,sheets,analyst_tools
152946,0nward Select,Data Analyst [70649],92500,sql,programming
152946,0nward Select,Data Analyst [70649],92500,javascript,programming
152946,0nward Select,Data Analyst [70649],92500,html,programming
152946,0nward Select,Data Analyst [70649],92500,excel,analyst_tools
152946,0nward Select,Data Analyst [70649],92500,sharepoint,analyst_tools
152946,0nward Select,Data Analyst [70649],92500,atlassian,other
152946,0nward Select,Data Analyst [70649],92500,jira,async
152946,0nward Select,Data Analyst [70649],92500,confluence,async
984277,Sika Corporation,SAP Master Data Analyst,92500,sap,analyst_tools
1008573,Get It Recruit - Information Technology,Data Analyst - Remote | WFH,92500,sql,programming
1008573,Get It Recruit - Information Technology,Data Analyst - Remote | WFH,92500,nosql,programming
1008573,Get It Recruit - Information Technology,Data Analyst - Remote | WFH,92500,tableau,analyst_tools
1008573,Get It Recruit - Information Technology,Data Analyst - Remote | WFH,92500,excel,analyst_tools
1008573,Get It Recruit - Information Technology,Data Analyst - Remote | WFH,92500,power bi,analyst_tools
1016502,Get It Recruit - Information Technology,Data Analyst,92500,sql,programming
1016502,Get It Recruit - Information Technology,Data Analyst,92500,nosql,programming
1016502,Get It Recruit - Information Technology,Data Analyst,92500,tableau,analyst_tools
1016502,Get It Recruit - Information Technology,Data Analyst,92500,excel,analyst_tools
1016502,Get It Recruit - Information Technology,Data Analyst,92500,power bi,analyst_tools
1018146,Get It Recruit - Information Technology,Data Analyst,92500,sql,programming
1018146,Get It Recruit - Information Technology,Data Analyst,92500,nosql,programming
1018146,Get It Recruit - Information Technology,Data Analyst,92500,tableau,analyst_tools
1018146,Get It Recruit - Information Technology,Data Analyst,92500,excel,analyst_tools
1018146,Get It Recruit - Information Technology,Data Analyst,92500,power bi,analyst_tools
1262642,HHAeXchange,Data & Business Intelligence Analyst,92500,excel,analyst_tools
1002773,Get It Recruit - Information Technology,Data Analyst,92500,sql,programming
1002773,Get It Recruit - Information Technology,Data Analyst,92500,nosql,programming
1002773,Get It Recruit - Information Technology,Data Analyst,92500,tableau,analyst_tools
1002773,Get It Recruit - Information Technology,Data Analyst,92500,excel,analyst_tools
1002773,Get It Recruit - Information Technology,Data Analyst,92500,power bi,analyst_tools
1095488,Get It Recruit - Information Technology,Data Analyst - Remote | WFH,92500,sql,programming
1095488,Get It Recruit - Information Technology,Data Analyst - Remote | WFH,92500,nosql,programming
1095488,Get It Recruit - Information Technology,Data Analyst - Remote | WFH,92500,tableau,analyst_tools
1095488,Get It Recruit - Information Technology,Data Analyst - Remote | WFH,92500,excel,analyst_tools
1095488,Get It Recruit - Information Technology,Data Analyst - Remote | WFH,92500,power bi,analyst_tools
549705,OUTFITTERY,Data Insights Analyst (all genders) - Remote,92000,sql,programming
549705,OUTFITTERY,Data Insights Analyst (all genders) - Remote,92000,python,programming
549705,OUTFITTERY,Data Insights Analyst (all genders) - Remote,92000,pascal,programming
549705,OUTFITTERY,Data Insights Analyst (all genders) - Remote,92000,tableau,analyst_tools
839338,Get It Recruit - Information Technology,Data Analyst,91500,sql,programming
839338,Get It Recruit - Information Technology,Data Analyst,91500,sql server,databases
839338,Get It Recruit - Information Technology,Data Analyst,91500,tableau,analyst_tools
839338,Get It Recruit - Information Technology,Data Analyst,91500,excel,analyst_tools
839338,Get It Recruit - Information Technology,Data Analyst,91500,power bi,analyst_tools
839338,Get It Recruit - Information Technology,Data Analyst,91500,powerpoint,analyst_tools
1107977,Pantheon Data,Data Analyst,91400,sql,programming
1107977,Pantheon Data,Data Analyst,91400,python,programming
1107977,Pantheon Data,Data Analyst,91400,r,programming
1107977,Pantheon Data,Data Analyst,91400,tableau,analyst_tools
1107977,Pantheon Data,Data Analyst,91400,excel,analyst_tools
1107977,Pantheon Data,Data Analyst,91400,power bi,analyst_tools
1263978,TripleTen,Data Analytics Tutor,91200,sql,programming
1263978,TripleTen,Data Analytics Tutor,91200,python,programming
1263993,TripleTen,Data Analytics Tutor,91200,sql,programming
1263993,TripleTen,Data Analytics Tutor,91200,python,programming
1252839,TripleTen,Data Analytics Tutor,91200,sql,programming
1252839,TripleTen,Data Analytics Tutor,91200,python,programming
1317559,TripleTen,Data Analytics Tutor,91200,sql,programming
1317559,TripleTen,Data Analytics Tutor,91200,python,programming
1252305,TripleTen,Data Analytics Tutor,91200,sql,programming
1252305,TripleTen,Data Analytics Tutor,91200,python,programming
1421686,TripleTen,Data Analytics Tutor,91200,sql,programming
1421686,TripleTen,Data Analytics Tutor,91200,python,programming
1283326,TripleTen,Data Analytics Tutor,91200,sql,programming
1283326,TripleTen,Data Analytics Tutor,91200,python,programming
1103084,Get It Recruit - Transportation,Data Science & Analytics Product Analyst,91000,sql,programming
1103084,Get It Recruit - Transportation,Data Science & Analytics Product Analyst,91000,python,programming
1103084,Get It Recruit - Transportation,Data Science & Analytics Product Analyst,91000,git,other
742569,Get It Recruit - Information Technology,Data Analyst,91000,sql,programming
742569,Get It Recruit - Information Technology,Data Analyst,91000,python,programming
742569,Get It Recruit - Information Technology,Data Analyst,91000,tableau,analyst_tools
742569,Get It Recruit - Information Technology,Data Analyst,91000,powerpoint,analyst_tools
849800,Ohio Shared Information Services Inc,Sr. Data Analyst,90500,sql,programming
849800,Ohio Shared Information Services Inc,Sr. Data Analyst,90500,power bi,analyst_tools
247019,hackajob,Data Analyst,90000,sql,programming
247019,hackajob,Data Analyst,90000,python,programming
247019,hackajob,Data Analyst,90000,r,programming
247019,hackajob,Data Analyst,90000,matlab,programming
247019,hackajob,Data Analyst,90000,java,programming
247019,hackajob,Data Analyst,90000,c++,programming
247019,hackajob,Data Analyst,90000,c#,programming
1035872,Get It Recruit - Finance,Principal Data Analyst,90000,sql,programming
1035872,Get It Recruit - Finance,Principal Data Analyst,90000,python,programming
1035872,Get It Recruit - Finance,Principal Data Analyst,90000,r,programming
1035872,Get It Recruit - Finance,Principal Data Analyst,90000,aws,cloud
1035872,Get It Recruit - Finance,Principal Data Analyst,90000,gcp,cloud
1035872,Get It Recruit - Finance,Principal Data Analyst,90000,kubernetes,other
1035872,Get It Recruit - Finance,Principal Data Analyst,90000,docker,other
984713,Get It Recruit - Finance,Sales Operations Data Analyst,90000,excel,analyst_tools
984713,Get It Recruit - Finance,Sales Operations Data Analyst,90000,sheets,analyst_tools
971866,Get It Recruit - Finance,Junior Data Analyst (Remote),90000,sql,programming
971866,Get It Recruit - Finance,Junior Data Analyst (Remote),90000,python,programming
971866,Get It Recruit - Finance,Junior Data Analyst (Remote),90000,tableau,analyst_tools
282977,Get It Recruit - Finance,Data Analyst,90000,sql,programming
282977,Get It Recruit - Finance,Data Analyst,90000,sas,programming
282977,Get It Recruit - Finance,Data Analyst,90000,vb.net,programming
282977,Get It Recruit - Finance,Data Analyst,90000,oracle,cloud
282977,Get It Recruit - Finance,Data Analyst,90000,sas,analyst_tools
431321,Constant Associates,Health Data Lead Analyst - Fully Remote,90000,sql,programming
431321,Constant Associates,Health Data Lead Analyst - Fully Remote,90000,python,programming
431321,Constant Associates,Health Data Lead Analyst - Fully Remote,90000,r,programming
431321,Constant Associates,Health Data Lead Analyst - Fully Remote,90000,sas,programming
431321,Constant Associates,Health Data Lead Analyst - Fully Remote,90000,excel,analyst_tools
431321,Constant Associates,Health Data Lead Analyst - Fully Remote,90000,sas,analyst_tools
860404,Trustworthy,Data Analyst & AI Developer,90000,sql,programming
860404,Trustworthy,Data Analyst & AI Developer,90000,python,programming
860404,Trustworthy,Data Analyst & AI Developer,90000,postgresql,databases
860404,Trustworthy,Data Analyst & AI Developer,90000,snowflake,cloud
860404,Trustworthy,Data Analyst & AI Developer,90000,redshift,cloud
860404,Trustworthy,Data Analyst & AI Developer,90000,zoom,sync
878933,Trustworthy,Data Analyst,90000,sql,programming
878933,Trustworthy,Data Analyst,90000,python,programming
878933,Trustworthy,Data Analyst,90000,postgresql,databases
878933,Trustworthy,Data Analyst,90000,snowflake,cloud
878933,Trustworthy,Data Analyst,90000,redshift,cloud
878933,Trustworthy,Data Analyst,90000,zoom,sync
585186,"Grant Leading Technology, LLC",Data Analyst,90000,sql,programming
585186,"Grant Leading Technology, LLC",Data Analyst,90000,python,programming
585186,"Grant Leading Technology, LLC",Data Analyst,90000,javascript,programming
585186,"Grant Leading Technology, LLC",Data Analyst,90000,java,programming
585186,"Grant Leading Technology, LLC",Data Analyst,90000,t-sql,programming
585186,"Grant Leading Technology, LLC",Data Analyst,90000,html,programming
585186,"Grant Leading Technology, LLC",Data Analyst,90000,shell,programming
585186,"Grant Leading Technology, LLC",Data Analyst,90000,oracle,cloud
585186,"Grant Leading Technology, LLC",Data Analyst,90000,unix,os
585186,"Grant Leading Technology, LLC",Data Analyst,90000,visio,analyst_tools
585186,"Grant Leading Technology, LLC",Data Analyst,90000,tableau,analyst_tools
585186,"Grant Leading Technology, LLC",Data Analyst,90000,excel,analyst_tools
585186,"Grant Leading Technology, LLC",Data Analyst,90000,power bi,analyst_tools
584930,Get It Recruit - Real Estate,Real Estate Transaction Data Analyst,90000,excel,analyst_tools
584930,Get It Recruit - Real Estate,Real Estate Transaction Data Analyst,90000,word,analyst_tools
584930,Get It Recruit - Real Estate,Real Estate Transaction Data Analyst,90000,powerpoint,analyst_tools
584930,Get It Recruit - Real Estate,Real Estate Transaction Data Analyst,90000,outlook,analyst_tools
564664,Get It Recruit - Real Estate,Data Analyst,90000,sql,programming
564664,Get It Recruit - Real Estate,Data Analyst,90000,bigquery,cloud
564664,Get It Recruit - Real Estate,Data Analyst,90000,tableau,analyst_tools
564664,Get It Recruit - Real Estate,Data Analyst,90000,ssrs,analyst_tools
564663,Get It Recruit - Real Estate,Data Analyst,90000,sql,programming
564663,Get It Recruit - Real Estate,Data Analyst,90000,bigquery,cloud
564663,Get It Recruit - Real Estate,Data Analyst,90000,tableau,analyst_tools
564663,Get It Recruit - Real Estate,Data Analyst,90000,ssrs,analyst_tools
562385,Get It Recruit - Finance,Credit Data Analyst,90000,sql,programming
562385,Get It Recruit - Finance,Credit Data Analyst,90000,python,programming
562385,Get It Recruit - Finance,Credit Data Analyst,90000,tableau,analyst_tools
562385,Get It Recruit - Finance,Credit Data Analyst,90000,looker,analyst_tools
179237,EcoCart,Data Analyst,90000,sql,programming
179237,EcoCart,Data Analyst,90000,python,programming
179237,EcoCart,Data Analyst,90000,aws,cloud
179237,EcoCart,Data Analyst,90000,redshift,cloud
179237,EcoCart,Data Analyst,90000,tableau,analyst_tools
179237,EcoCart,Data Analyst,90000,power bi,analyst_tools
179237,EcoCart,Data Analyst,90000,clickup,async
871207,Get It Recruit - Finance,Data Warehouse Analyst,90000,azure,cloud
333708,Gotely,Data Analyst,90000,sql,programming
333708,Gotely,Data Analyst,90000,python,programming
333708,Gotely,Data Analyst,90000,r,programming
333708,Gotely,Data Analyst,90000,tableau,analyst_tools
333708,Gotely,Data Analyst,90000,power bi,analyst_tools
507403,Angi,Data Analyst,90000,sql,programming
507403,Angi,Data Analyst,90000,python,programming
507403,Angi,Data Analyst,90000,r,programming
507403,Angi,Data Analyst,90000,excel,analyst_tools
1314423,Ryder System,Data Analyst II (Remote),90000,azure,cloud
1314423,Ryder System,Data Analyst II (Remote),90000,express,webframeworks
1314423,Ryder System,Data Analyst II (Remote),90000,tableau,analyst_tools
1314423,Ryder System,Data Analyst II (Remote),90000,power bi,analyst_tools
1314423,Ryder System,Data Analyst II (Remote),90000,alteryx,analyst_tools
1010417,BlueLabs Analytics,Analytics Manager II,90000,sql,programming
1010417,BlueLabs Analytics,Analytics Manager II,90000,python,programming
1010417,BlueLabs Analytics,Analytics Manager II,90000,tableau,analyst_tools
1010417,BlueLabs Analytics,Analytics Manager II,90000,excel,analyst_tools
1010417,BlueLabs Analytics,Analytics Manager II,90000,sheets,analyst_tools
1010417,BlueLabs Analytics,Analytics Manager II,90000,powerpoint,analyst_tools
1010417,BlueLabs Analytics,Analytics Manager II,90000,spreadsheet,analyst_tools
1013643,Get It Recruit - Administrative,Training and Data Analyst,90000,sql,programming
1013643,Get It Recruit - Administrative,Training and Data Analyst,90000,vba,programming
1013643,Get It Recruit - Administrative,Training and Data Analyst,90000,excel,analyst_tools
1013643,Get It Recruit - Administrative,Training and Data Analyst,90000,power bi,analyst_tools
1013643,Get It Recruit - Administrative,Training and Data Analyst,90000,ms access,analyst_tools
1013643,Get It Recruit - Administrative,Training and Data Analyst,90000,powerpoint,analyst_tools
1013643,Get It Recruit - Administrative,Training and Data Analyst,90000,sharepoint,analyst_tools
432302,Axelerate,Telecom Data Analyst,90000,excel,analyst_tools
891986,Jobot,100% REMOTE Data Analyst,90000,sql,programming
891986,Jobot,100% REMOTE Data Analyst,90000,python,programming
891986,Jobot,100% REMOTE Data Analyst,90000,tableau,analyst_tools
891986,Jobot,100% REMOTE Data Analyst,90000,power bi,analyst_tools
624832,Get It Recruit - Finance,Data Analyst,90000,sql,programming
624832,Get It Recruit - Finance,Data Analyst,90000,python,programming
206350,Adaptive Solutions Group,Healthcare Data Analyst,90000,sql,programming
206350,Adaptive Solutions Group,Healthcare Data Analyst,90000,tableau,analyst_tools
206350,Adaptive Solutions Group,Healthcare Data Analyst,90000,excel,analyst_tools
206350,Adaptive Solutions Group,Healthcare Data Analyst,90000,alteryx,analyst_tools
820367,Get It Recruit - Finance,Data Analyst,90000,sql,programming
820367,Get It Recruit - Finance,Data Analyst,90000,python,programming
820367,Get It Recruit - Finance,Data Analyst,90000,r,programming
604218,Get It Recruit - Finance,Healthcare Data Analyst,90000,sql,programming
604218,Get It Recruit - Finance,Healthcare Data Analyst,90000,excel,analyst_tools
1079151,Get It Recruit - Real Estate,Research Analyst II,90000,sql,programming
1079151,Get It Recruit - Real Estate,Research Analyst II,90000,python,programming
1079151,Get It Recruit - Real Estate,Research Analyst II,90000,r,programming
1079151,Get It Recruit - Real Estate,Research Analyst II,90000,vba,programming
1079151,Get It Recruit - Real Estate,Research Analyst II,90000,tableau,analyst_tools
1079151,Get It Recruit - Real Estate,Research Analyst II,90000,excel,analyst_tools
1079151,Get It Recruit - Real Estate,Research Analyst II,90000,power bi,analyst_tools
172082,Preveta,Healthcare Data Analyst,90000,sql,programming
172082,Preveta,Healthcare Data Analyst,90000,tableau,analyst_tools
172082,Preveta,Healthcare Data Analyst,90000,excel,analyst_tools
172082,Preveta,Healthcare Data Analyst,90000,power bi,analyst_tools
172082,Preveta,Healthcare Data Analyst,90000,qlik,analyst_tools
32168,Motion Recruitment,Data Analyst,90000,sql,programming
32168,Motion Recruitment,Data Analyst,90000,python,programming
32168,Motion Recruitment,Data Analyst,90000,r,programming
32168,Motion Recruitment,Data Analyst,90000,tableau,analyst_tools
32168,Motion Recruitment,Data Analyst,90000,looker,analyst_tools
566735,Get It Recruit - Real Estate,Real Estate Data Analyst,90000,bigquery,cloud
566735,Get It Recruit - Real Estate,Real Estate Data Analyst,90000,tableau,analyst_tools
566735,Get It Recruit - Real Estate,Real Estate Data Analyst,90000,ssrs,analyst_tools
973586,Get It Recruit - Finance,Entry-Level Data Analyst,90000,sql,programming
973586,Get It Recruit - Finance,Entry-Level Data Analyst,90000,python,programming
973586,Get It Recruit - Finance,Entry-Level Data Analyst,90000,tableau,analyst_tools
806553,Get It Recruit - Finance,Financial Data Analyst,90000,sql,programming
806553,Get It Recruit - Finance,Financial Data Analyst,90000,python,programming
806553,Get It Recruit - Finance,Financial Data Analyst,90000,r,programming
806553,Get It Recruit - Finance,Financial Data Analyst,90000,sas,programming
806553,Get It Recruit - Finance,Financial Data Analyst,90000,excel,analyst_tools
806553,Get It Recruit - Finance,Financial Data Analyst,90000,spss,analyst_tools
806553,Get It Recruit - Finance,Financial Data Analyst,90000,sas,analyst_tools
806553,Get It Recruit - Finance,Financial Data Analyst,90000,powerpoint,analyst_tools
35522,CVS Health,Data Science Analyst,90000,sql,programming
35522,CVS Health,Data Science Analyst,90000,python,programming
35522,CVS Health,Data Science Analyst,90000,r,programming
1092894,CyberCoders,Data Analyst,90000,sql,programming
1092894,CyberCoders,Data Analyst,90000,python,programming
1092894,CyberCoders,Data Analyst,90000,vba,programming
1092894,CyberCoders,Data Analyst,90000,excel,analyst_tools
486997,Engage Partners Inc.,Clinical Data Analyst,90000,sql,programming
486997,Engage Partners Inc.,Clinical Data Analyst,90000,python,programming
486997,Engage Partners Inc.,Clinical Data Analyst,90000,r,programming
486997,Engage Partners Inc.,Clinical Data Analyst,90000,tableau,analyst_tools
486997,Engage Partners Inc.,Clinical Data Analyst,90000,power bi,analyst_tools
14081,Home Depot / THD,"Data Analyst, Supply Chain (Remote)",90000,sql,programming
14081,Home Depot / THD,"Data Analyst, Supply Chain (Remote)",90000,sql server,databases
14081,Home Depot / THD,"Data Analyst, Supply Chain (Remote)",90000,oracle,cloud
943391,Get It Recruit - Finance,Financial Data Analyst,90000,tableau,analyst_tools
943391,Get It Recruit - Finance,Financial Data Analyst,90000,excel,analyst_tools
943391,Get It Recruit - Finance,Financial Data Analyst,90000,power bi,analyst_tools
917970,Get It Recruit - Finance,Financial Data Analyst,90000,sql,programming
917970,Get It Recruit - Finance,Financial Data Analyst,90000,python,programming
917970,Get It Recruit - Finance,Financial Data Analyst,90000,vba,programming
917970,Get It Recruit - Finance,Financial Data Analyst,90000,tableau,analyst_tools
917970,Get It Recruit - Finance,Financial Data Analyst,90000,excel,analyst_tools
917970,Get It Recruit - Finance,Financial Data Analyst,90000,power bi,analyst_tools
917970,Get It Recruit - Finance,Financial Data Analyst,90000,dax,analyst_tools
996490,Get It Recruit - Finance,Budget Data Analyst,90000,excel,analyst_tools
996490,Get It Recruit - Finance,Budget Data Analyst,90000,sheets,analyst_tools
996490,Get It Recruit - Finance,Budget Data Analyst,90000,powerpoint,analyst_tools
996490,Get It Recruit - Finance,Budget Data Analyst,90000,spreadsheet,analyst_tools
996490,Get It Recruit - Finance,Budget Data Analyst,90000,smartsheet,async
912544,Jobot,Data Analyst - HealthTech,90000,sql,programming
912544,Jobot,Data Analyst - HealthTech,90000,tableau,analyst_tools
1569164,"Cobec, Inc.","Project Scheduler/Data Analyst, Junior – FAA",90000,oracle,cloud
1569164,"Cobec, Inc.","Project Scheduler/Data Analyst, Junior – FAA",90000,excel,analyst_tools
1305392,Ryder System,Data Analyst II (Remote),90000,azure,cloud
1305392,Ryder System,Data Analyst II (Remote),90000,express,webframeworks
1305392,Ryder System,Data Analyst II (Remote),90000,tableau,analyst_tools
1305392,Ryder System,Data Analyst II (Remote),90000,power bi,analyst_tools
1305392,Ryder System,Data Analyst II (Remote),90000,alteryx,analyst_tools
759447,Get It Recruit - Administrative,Data Analyst,90000,excel,analyst_tools
759447,Get It Recruit - Administrative,Data Analyst,90000,powerpoint,analyst_tools
759447,Get It Recruit - Administrative,Data Analyst,90000,microsoft teams,sync
64127,CyberCoders,100% REMOTE Data Analyst,90000,sql,programming
64127,CyberCoders,100% REMOTE Data Analyst,90000,python,programming
64127,CyberCoders,100% REMOTE Data Analyst,90000,aws,cloud
64127,CyberCoders,100% REMOTE Data Analyst,90000,plotly,libraries
64127,CyberCoders,100% REMOTE Data Analyst,90000,numpy,libraries
64127,CyberCoders,100% REMOTE Data Analyst,90000,seaborn,libraries
64127,CyberCoders,100% REMOTE Data Analyst,90000,pandas,libraries
64127,CyberCoders,100% REMOTE Data Analyst,90000,word,analyst_tools
788118,Get It Recruit - Finance,Data Analyst or Data Scientist,90000,sql,programming
788118,Get It Recruit - Finance,Data Analyst or Data Scientist,90000,python,programming
788118,Get It Recruit - Finance,Data Analyst or Data Scientist,90000,r,programming
781851,Get It Recruit - Finance,Strategic Data Analyst,90000,excel,analyst_tools
781851,Get It Recruit - Finance,Strategic Data Analyst,90000,word,analyst_tools
781851,Get It Recruit - Finance,Strategic Data Analyst,90000,powerpoint,analyst_tools
781851,Get It Recruit - Finance,Strategic Data Analyst,90000,planner,async
366596,General Dynamics Information Technology,Data Analyst,90000,python,programming
366596,General Dynamics Information Technology,Data Analyst,90000,javascript,programming
366596,General Dynamics Information Technology,Data Analyst,90000,tableau,analyst_tools
366596,General Dynamics Information Technology,Data Analyst,90000,excel,analyst_tools
366596,General Dynamics Information Technology,Data Analyst,90000,word,analyst_tools
366596,General Dynamics Information Technology,Data Analyst,90000,powerpoint,analyst_tools
366596,General Dynamics Information Technology,Data Analyst,90000,sharepoint,analyst_tools
366596,General Dynamics Information Technology,Data Analyst,90000,jira,async
366596,General Dynamics Information Technology,Data Analyst,90000,confluence,async
1099477,Talentify.io,Data Analyst (Modeling) - Remote/Hybrid,89796,python,programming
1099477,Talentify.io,Data Analyst (Modeling) - Remote/Hybrid,89796,r,programming
289655,Heluna Health,Data Analyst (Modeling) (Remote),89796,r,programming
289655,Heluna Health,Data Analyst (Modeling) (Remote),89796,sas,programming
289655,Heluna Health,Data Analyst (Modeling) (Remote),89796,julia,programming
289655,Heluna Health,Data Analyst (Modeling) (Remote),89796,sas,analyst_tools
396405,Verizon,Mobile Data Analyst,89500,power bi,analyst_tools
909764,Oscar,"Senior Operations, Data Analyst",89375,sql,programming
909764,Oscar,"Senior Operations, Data Analyst",89375,tableau,analyst_tools
909764,Oscar,"Senior Operations, Data Analyst",89375,excel,analyst_tools
909764,Oscar,"Senior Operations, Data Analyst",89375,looker,analyst_tools
909764,Oscar,"Senior Operations, Data Analyst",89375,power bi,analyst_tools
909764,Oscar,"Senior Operations, Data Analyst",89375,sheets,analyst_tools
628976,Get It Recruit - Transportation,Senior Supply Chain Analytics Analyst,89000,python,programming
628976,Get It Recruit - Transportation,Senior Supply Chain Analytics Analyst,89000,r,programming
628976,Get It Recruit - Transportation,Senior Supply Chain Analytics Analyst,89000,tableau,analyst_tools
628976,Get It Recruit - Transportation,Senior Supply Chain Analytics Analyst,89000,alteryx,analyst_tools
465009,World Education Services,Marketing Data Analyst (Remote),89000,sql,programming
465009,World Education Services,Marketing Data Analyst (Remote),89000,python,programming
465009,World Education Services,Marketing Data Analyst (Remote),89000,r,programming
465009,World Education Services,Marketing Data Analyst (Remote),89000,javascript,programming
465009,World Education Services,Marketing Data Analyst (Remote),89000,scala,programming
465009,World Education Services,Marketing Data Analyst (Remote),89000,java,programming
465009,World Education Services,Marketing Data Analyst (Remote),89000,snowflake,cloud
465009,World Education Services,Marketing Data Analyst (Remote),89000,tableau,analyst_tools
465009,World Education Services,Marketing Data Analyst (Remote),89000,jira,async
465009,World Education Services,Marketing Data Analyst (Remote),89000,confluence,async
1096831,dentsu,"Manager, Analytics",89000,sql,programming
1096831,dentsu,"Manager, Analytics",89000,python,programming
1096831,dentsu,"Manager, Analytics",89000,r,programming
1096831,dentsu,"Manager, Analytics",89000,tableau,analyst_tools
1096831,dentsu,"Manager, Analytics",89000,excel,analyst_tools
1096831,dentsu,"Manager, Analytics",89000,powerpoint,analyst_tools
402118,Get It Recruit - Transportation,Supply Chain Data Analyst,88000,excel,analyst_tools
402118,Get It Recruit - Transportation,Supply Chain Data Analyst,88000,word,analyst_tools
402118,Get It Recruit - Transportation,Supply Chain Data Analyst,88000,powerpoint,analyst_tools
402118,Get It Recruit - Transportation,Supply Chain Data Analyst,88000,outlook,analyst_tools
182830,Predictive Data Lab,Data Analyst,87500,sql,programming
182830,Predictive Data Lab,Data Analyst,87500,azure,cloud
284440,Insight Global,Data Analyst,87500,sql,programming
284440,Insight Global,Data Analyst,87500,c#,programming
284440,Insight Global,Data Analyst,87500,sql server,databases
284440,Insight Global,Data Analyst,87500,excel,analyst_tools
284440,Insight Global,Data Analyst,87500,flow,other
391458,Vatica Health,Healthcare Data Analyst,87500,sql,programming
391458,Vatica Health,Healthcare Data Analyst,87500,go,programming
391458,Vatica Health,Healthcare Data Analyst,87500,tableau,analyst_tools
391458,Vatica Health,Healthcare Data Analyst,87500,excel,analyst_tools
391458,Vatica Health,Healthcare Data Analyst,87500,powerpoint,analyst_tools
563353,Get It Recruit - Administrative,Media Data Analyst/Media Coordinator,87500,excel,analyst_tools
563353,Get It Recruit - Administrative,Media Data Analyst/Media Coordinator,87500,word,analyst_tools
563353,Get It Recruit - Administrative,Media Data Analyst/Media Coordinator,87500,sharepoint,analyst_tools
1307315,"Spalding Consulting, Inc.",Functional/Data Analyst,87500,sql,programming
1307315,"Spalding Consulting, Inc.",Functional/Data Analyst,87500,java,programming
1307315,"Spalding Consulting, Inc.",Functional/Data Analyst,87500,oracle,cloud
1307315,"Spalding Consulting, Inc.",Functional/Data Analyst,87500,react,libraries
1307315,"Spalding Consulting, Inc.",Functional/Data Analyst,87500,asp.net,webframeworks
1307315,"Spalding Consulting, Inc.",Functional/Data Analyst,87500,sharepoint,analyst_tools
1307315,"Spalding Consulting, Inc.",Functional/Data Analyst,87500,jira,async
550310,SeatGeek,Data Analyst - New Grad - Remote,87500,sql,programming
550310,SeatGeek,Data Analyst - New Grad - Remote,87500,redshift,cloud
550310,SeatGeek,Data Analyst - New Grad - Remote,87500,spring,libraries
550310,SeatGeek,Data Analyst - New Grad - Remote,87500,looker,analyst_tools
1046957,Talentify.io,Data Analyst (Remote!),87500,snowflake,cloud
1046957,Talentify.io,Data Analyst (Remote!),87500,looker,analyst_tools
1046957,Talentify.io,Data Analyst (Remote!),87500,git,other
902368,The Jacobson Group,Data Analyst (Medicare),87500,sql,programming
902368,The Jacobson Group,Data Analyst (Medicare),87500,sas,programming
902368,The Jacobson Group,Data Analyst (Medicare),87500,excel,analyst_tools
902368,The Jacobson Group,Data Analyst (Medicare),87500,sas,analyst_tools
401439,Oxfam America,Senior Financial and Data Analyst,87500,sql,programming
401439,Oxfam America,Senior Financial and Data Analyst,87500,python,programming
401439,Oxfam America,Senior Financial and Data Analyst,87500,oracle,cloud
401439,Oxfam America,Senior Financial and Data Analyst,87500,tableau,analyst_tools
401439,Oxfam America,Senior Financial and Data Analyst,87500,excel,analyst_tools
401439,Oxfam America,Senior Financial and Data Analyst,87500,power bi,analyst_tools
401439,Oxfam America,Senior Financial and Data Analyst,87500,powerpoint,analyst_tools
401439,Oxfam America,Senior Financial and Data Analyst,87500,planner,async
340661,Get It Recruit - Information Technology,Data Analyst,87500,sql,programming
340661,Get It Recruit - Information Technology,Data Analyst,87500,excel,analyst_tools
340661,Get It Recruit - Information Technology,Data Analyst,87500,power bi,analyst_tools
715850,Get It Recruit - Information Technology,Treasury Data Analyst II,87000,sql,programming
715850,Get It Recruit - Information Technology,Treasury Data Analyst II,87000,python,programming
715850,Get It Recruit - Information Technology,Treasury Data Analyst II,87000,r,programming
715850,Get It Recruit - Information Technology,Treasury Data Analyst II,87000,tableau,analyst_tools
715850,Get It Recruit - Information Technology,Treasury Data Analyst II,87000,power bi,analyst_tools
715850,Get It Recruit - Information Technology,Treasury Data Analyst II,87000,flow,other
749425,Get It Recruit - Information Technology,Treasury Data Analyst II,87000,sql,programming
749425,Get It Recruit - Information Technology,Treasury Data Analyst II,87000,python,programming
749425,Get It Recruit - Information Technology,Treasury Data Analyst II,87000,r,programming
749425,Get It Recruit - Information Technology,Treasury Data Analyst II,87000,tableau,analyst_tools
749425,Get It Recruit - Information Technology,Treasury Data Analyst II,87000,power bi,analyst_tools
984821,Salesloft,Customer Ops Data Analyst,87000,sql,programming
984821,Salesloft,Customer Ops Data Analyst,87000,go,programming
984821,Salesloft,Customer Ops Data Analyst,87000,snowflake,cloud
984821,Salesloft,Customer Ops Data Analyst,87000,tableau,analyst_tools
984821,Salesloft,Customer Ops Data Analyst,87000,looker,analyst_tools
984821,Salesloft,Customer Ops Data Analyst,87000,power bi,analyst_tools
984821,Salesloft,Customer Ops Data Analyst,87000,github,other
984821,Salesloft,Customer Ops Data Analyst,87000,jira,async
1093407,Fors Marsh,Data Analyst at Fors Marsh,86500,sql,programming
1093407,Fors Marsh,Data Analyst at Fors Marsh,86500,r,programming
1093407,Fors Marsh,Data Analyst at Fors Marsh,86500,sas,programming
1093407,Fors Marsh,Data Analyst at Fors Marsh,86500,excel,analyst_tools
1093407,Fors Marsh,Data Analyst at Fors Marsh,86500,word,analyst_tools
1093407,Fors Marsh,Data Analyst at Fors Marsh,86500,spss,analyst_tools
1093407,Fors Marsh,Data Analyst at Fors Marsh,86500,sas,analyst_tools
1093407,Fors Marsh,Data Analyst at Fors Marsh,86500,powerpoint,analyst_tools
255232,Get It Recruit - Information Technology,Remote Data Analyst,86500,sql,programming
255232,Get It Recruit - Information Technology,Remote Data Analyst,86500,oracle,cloud
255147,Get It Recruit - Information Technology,Remote Data Analyst,86500,sql,programming
255147,Get It Recruit - Information Technology,Remote Data Analyst,86500,oracle,cloud
1003549,Correlation One,Data Skills Coach: Data Analytics,86400,sql,programming
1003549,Correlation One,Data Skills Coach: Data Analytics,86400,tableau,analyst_tools
1003549,Correlation One,Data Skills Coach: Data Analytics,86400,outlook,analyst_tools
1003549,Correlation One,Data Skills Coach: Data Analytics,86400,slack,sync
1003549,Correlation One,Data Skills Coach: Data Analytics,86400,zoom,sync
1046959,Talentify.io,Data Analyst - Remote,86150,sql,programming
1046959,Talentify.io,Data Analyst - Remote,86150,python,programming
1046959,Talentify.io,Data Analyst - Remote,86150,r,programming
1046959,Talentify.io,Data Analyst - Remote,86150,sas,programming
1046959,Talentify.io,Data Analyst - Remote,86150,azure,cloud
1046959,Talentify.io,Data Analyst - Remote,86150,databricks,cloud
1046959,Talentify.io,Data Analyst - Remote,86150,aws,cloud
1046959,Talentify.io,Data Analyst - Remote,86150,power bi,analyst_tools
1046959,Talentify.io,Data Analyst - Remote,86150,sas,analyst_tools
1068243,Talentify.io,Data Analyst 1 Remote,86150,sql,programming
1042311,Talentify.io,Data Analyst - Remote,86150,sql,programming
1042311,Talentify.io,Data Analyst - Remote,86150,python,programming
1042311,Talentify.io,Data Analyst - Remote,86150,r,programming
1042311,Talentify.io,Data Analyst - Remote,86150,sas,programming
1042311,Talentify.io,Data Analyst - Remote,86150,azure,cloud
1042311,Talentify.io,Data Analyst - Remote,86150,databricks,cloud
1042311,Talentify.io,Data Analyst - Remote,86150,aws,cloud
1042311,Talentify.io,Data Analyst - Remote,86150,power bi,analyst_tools
1042311,Talentify.io,Data Analyst - Remote,86150,sas,analyst_tools
970075,Get It Recruit - Information Technology,Remote Data Analyst/Data Analytics Professional,86000,sql,programming
970075,Get It Recruit - Information Technology,Remote Data Analyst/Data Analytics Professional,86000,sql server,databases
970075,Get It Recruit - Information Technology,Remote Data Analyst/Data Analytics Professional,86000,power bi,analyst_tools
958543,Get It Recruit - Information Technology,Data Analyst/Engineer,86000,sql,programming
958543,Get It Recruit - Information Technology,Data Analyst/Engineer,86000,python,programming
958543,Get It Recruit - Information Technology,Data Analyst/Engineer,86000,r,programming
958543,Get It Recruit - Information Technology,Data Analyst/Engineer,86000,sql server,databases
958543,Get It Recruit - Information Technology,Data Analyst/Engineer,86000,pyspark,libraries
958543,Get It Recruit - Information Technology,Data Analyst/Engineer,86000,pandas,libraries
958543,Get It Recruit - Information Technology,Data Analyst/Engineer,86000,phoenix,webframeworks
958543,Get It Recruit - Information Technology,Data Analyst/Engineer,86000,tableau,analyst_tools
958543,Get It Recruit - Information Technology,Data Analyst/Engineer,86000,excel,analyst_tools
958543,Get It Recruit - Information Technology,Data Analyst/Engineer,86000,power bi,analyst_tools
265895,Get It Recruit - Information Technology,Telecom Data Analyst,86000,sql,programming
265895,Get It Recruit - Information Technology,Telecom Data Analyst,86000,python,programming
265895,Get It Recruit - Information Technology,Telecom Data Analyst,86000,sheets,analyst_tools
1048427,The Johns Hopkins University,Career Opportunities: Sr. Statistical Programmer Analyst and Data...,85650,r,programming
1048427,The Johns Hopkins University,Career Opportunities: Sr. Statistical Programmer Analyst and Data...,85650,sas,programming
1048427,The Johns Hopkins University,Career Opportunities: Sr. Statistical Programmer Analyst and Data...,85650,linux,os
1048427,The Johns Hopkins University,Career Opportunities: Sr. Statistical Programmer Analyst and Data...,85650,unix,os
1048427,The Johns Hopkins University,Career Opportunities: Sr. Statistical Programmer Analyst and Data...,85650,sas,analyst_tools
1048427,The Johns Hopkins University,Career Opportunities: Sr. Statistical Programmer Analyst and Data...,85650,github,other
967665,Get It Recruit - Information Technology,Construction Data Analyst,85500,excel,analyst_tools
953354,Get It Recruit - Information Technology,Data Analyst Team Lead for Water Resource Management Company in Texas,85500,sql,programming
953354,Get It Recruit - Information Technology,Data Analyst Team Lead for Water Resource Management Company in Texas,85500,power bi,analyst_tools
947450,Get It Recruit - Information Technology,Construction Data Analyst,85500,excel,analyst_tools
940945,Get It Recruit - Information Technology,Data Analyst Team Lead,85500,sql,programming
940945,Get It Recruit - Information Technology,Data Analyst Team Lead,85500,power bi,analyst_tools
1209744,Get It Recruit - Transportation,Early Career Product Analyst in Healthcare,85485,sql,programming
1209744,Get It Recruit - Transportation,Early Career Product Analyst in Healthcare,85485,tableau,analyst_tools
1209744,Get It Recruit - Transportation,Early Career Product Analyst in Healthcare,85485,looker,analyst_tools
1616972,Genuine Foods,Financial Data Analysis- Food Management,85000,sql,programming
1616972,Genuine Foods,Financial Data Analysis- Food Management,85000,python,programming
1616972,Genuine Foods,Financial Data Analysis- Food Management,85000,r,programming
1616972,Genuine Foods,Financial Data Analysis- Food Management,85000,excel,analyst_tools
190871,SimioCloud,Predictive Data Analyst,85000,sql,programming
190871,SimioCloud,Predictive Data Analyst,85000,python,programming
190871,SimioCloud,Predictive Data Analyst,85000,r,programming
190871,SimioCloud,Predictive Data Analyst,85000,alteryx,analyst_tools
232381,Impact Genome,Data Analyst & Dashboard Developer,85000,tableau,analyst_tools
232381,Impact Genome,Data Analyst & Dashboard Developer,85000,terminal,other
321779,Impact Genome,Data Analyst & Dashboard Developer,85000,tableau,analyst_tools
321779,Impact Genome,Data Analyst & Dashboard Developer,85000,terminal,other
576982,DeepIntent,Data Analyst (Remote),85000,sql,programming
576982,DeepIntent,Data Analyst (Remote),85000,r,programming
576982,DeepIntent,Data Analyst (Remote),85000,excel,analyst_tools
576982,DeepIntent,Data Analyst (Remote),85000,powerpoint,analyst_tools
700168,Redwood Strategy Group,Data Analyst - DHS Clearance Required Remote / Telecommute Jobs,85000,sql,programming
700168,Redwood Strategy Group,Data Analyst - DHS Clearance Required Remote / Telecommute Jobs,85000,python,programming
700168,Redwood Strategy Group,Data Analyst - DHS Clearance Required Remote / Telecommute Jobs,85000,r,programming
700168,Redwood Strategy Group,Data Analyst - DHS Clearance Required Remote / Telecommute Jobs,85000,visio,analyst_tools
700168,Redwood Strategy Group,Data Analyst - DHS Clearance Required Remote / Telecommute Jobs,85000,tableau,analyst_tools
700168,Redwood Strategy Group,Data Analyst - DHS Clearance Required Remote / Telecommute Jobs,85000,excel,analyst_tools
700168,Redwood Strategy Group,Data Analyst - DHS Clearance Required Remote / Telecommute Jobs,85000,word,analyst_tools
700168,Redwood Strategy Group,Data Analyst - DHS Clearance Required Remote / Telecommute Jobs,85000,powerpoint,analyst_tools
700168,Redwood Strategy Group,Data Analyst - DHS Clearance Required Remote / Telecommute Jobs,85000,outlook,analyst_tools
770760,"QSE7, LLC",Data Analyst / Software Developer,85000,vba,programming
770760,"QSE7, LLC",Data Analyst / Software Developer,85000,tableau,analyst_tools
770760,"QSE7, LLC",Data Analyst / Software Developer,85000,excel,analyst_tools
770760,"QSE7, LLC",Data Analyst / Software Developer,85000,power bi,analyst_tools
770760,"QSE7, LLC",Data Analyst / Software Developer,85000,sharepoint,analyst_tools
989004,augmentjobs,Business Data Analyst,85000,sql,programming
989004,augmentjobs,Business Data Analyst,85000,python,programming
989004,augmentjobs,Business Data Analyst,85000,r,programming
1076826,Get It Recruit - Administrative,Remote Virtual Data Analyst,85000,sql,programming
1076826,Get It Recruit - Administrative,Remote Virtual Data Analyst,85000,python,programming
1076826,Get It Recruit - Administrative,Remote Virtual Data Analyst,85000,r,programming
1076826,Get It Recruit - Administrative,Remote Virtual Data Analyst,85000,tableau,analyst_tools
1076826,Get It Recruit - Administrative,Remote Virtual Data Analyst,85000,power bi,analyst_tools
1570409,AlphaSense,"Data Analyst, Research Strategy",85000,sql,programming
1570409,AlphaSense,"Data Analyst, Research Strategy",85000,python,programming
1570409,AlphaSense,"Data Analyst, Research Strategy",85000,r,programming
1570409,AlphaSense,"Data Analyst, Research Strategy",85000,vba,programming
1570409,AlphaSense,"Data Analyst, Research Strategy",85000,snowflake,cloud
1570409,AlphaSense,"Data Analyst, Research Strategy",85000,bigquery,cloud
1570409,AlphaSense,"Data Analyst, Research Strategy",85000,excel,analyst_tools
593023,Prime Team Partners,Healthcare Data Analyst,85000,sql,programming
593023,Prime Team Partners,Healthcare Data Analyst,85000,tableau,analyst_tools
593023,Prime Team Partners,Healthcare Data Analyst,85000,excel,analyst_tools
593023,Prime Team Partners,Healthcare Data Analyst,85000,word,analyst_tools
593023,Prime Team Partners,Healthcare Data Analyst,85000,powerpoint,analyst_tools
1241016,A Thinking Ape,Game Data Analyst,85000,sql,programming
1241016,A Thinking Ape,Game Data Analyst,85000,python,programming
1241016,A Thinking Ape,Game Data Analyst,85000,r,programming
1241016,A Thinking Ape,Game Data Analyst,85000,tableau,analyst_tools
1241016,A Thinking Ape,Game Data Analyst,85000,looker,analyst_tools
1241016,A Thinking Ape,Game Data Analyst,85000,power bi,analyst_tools
988655,BlueLabs Analytics,Senior Data Analyst II,85000,sql,programming
988655,BlueLabs Analytics,Senior Data Analyst II,85000,python,programming
988655,BlueLabs Analytics,Senior Data Analyst II,85000,redshift,cloud
988655,BlueLabs Analytics,Senior Data Analyst II,85000,git,other
1018315,Get It Recruit - Administrative,Data Analyst,85000,sql,programming
1018315,Get It Recruit - Administrative,Data Analyst,85000,python,programming
1018315,Get It Recruit - Administrative,Data Analyst,85000,excel,analyst_tools
217809,Envision Staffing Solutions,Data Mining Analyst,85000,excel,analyst_tools
217809,Envision Staffing Solutions,Data Mining Analyst,85000,word,analyst_tools
217809,Envision Staffing Solutions,Data Mining Analyst,85000,powerpoint,analyst_tools
217809,Envision Staffing Solutions,Data Mining Analyst,85000,spreadsheet,analyst_tools
104816,Mint Mobile,PPM Data Analyst - Remote,85000,express,webframeworks
104816,Mint Mobile,PPM Data Analyst - Remote,85000,excel,analyst_tools
104816,Mint Mobile,PPM Data Analyst - Remote,85000,atlassian,other
104816,Mint Mobile,PPM Data Analyst - Remote,85000,flow,other
104816,Mint Mobile,PPM Data Analyst - Remote,85000,chef,other
530660,"BlueLabs Analytics, Inc.",Senior Data Analyst II,85000,sql,programming
530660,"BlueLabs Analytics, Inc.",Senior Data Analyst II,85000,python,programming
530660,"BlueLabs Analytics, Inc.",Senior Data Analyst II,85000,snowflake,cloud
530660,"BlueLabs Analytics, Inc.",Senior Data Analyst II,85000,tableau,analyst_tools
44908,FocusKPI Inc.,Marketing Data Analyst,85000,sql,programming
44908,FocusKPI Inc.,Marketing Data Analyst,85000,python,programming
44908,FocusKPI Inc.,Marketing Data Analyst,85000,excel,analyst_tools
44908,FocusKPI Inc.,Marketing Data Analyst,85000,powerpoint,analyst_tools
937923,Get It Recruit - Information Technology,Data Analyst,85000,sql,programming
937923,Get It Recruit - Information Technology,Data Analyst,85000,nosql,programming
937923,Get It Recruit - Information Technology,Data Analyst,85000,tableau,analyst_tools
937923,Get It Recruit - Information Technology,Data Analyst,85000,excel,analyst_tools
937923,Get It Recruit - Information Technology,Data Analyst,85000,power bi,analyst_tools
1569530,Global Fishing Watch,Data Quality Analyst,85000,sql,programming
1569530,Global Fishing Watch,Data Quality Analyst,85000,python,programming
1569530,Global Fishing Watch,Data Quality Analyst,85000,r,programming
1569530,Global Fishing Watch,Data Quality Analyst,85000,bigquery,cloud
1569530,Global Fishing Watch,Data Quality Analyst,85000,matplotlib,libraries
1569530,Global Fishing Watch,Data Quality Analyst,85000,plotly,libraries
1569530,Global Fishing Watch,Data Quality Analyst,85000,ggplot2,libraries
1569530,Global Fishing Watch,Data Quality Analyst,85000,looker,analyst_tools
1569530,Global Fishing Watch,Data Quality Analyst,85000,power bi,analyst_tools
1569530,Global Fishing Watch,Data Quality Analyst,85000,jira,async
1102090,Eclaro,Data Analyst,85000,sql,programming
1102090,Eclaro,Data Analyst,85000,vba,programming
1102090,Eclaro,Data Analyst,85000,visual basic,programming
1102090,Eclaro,Data Analyst,85000,sql server,databases
1102090,Eclaro,Data Analyst,85000,excel,analyst_tools
977196,Get It Recruit - Administrative,Data Analyst,85000,sql,programming
977196,Get It Recruit - Administrative,Data Analyst,85000,mysql,databases
977196,Get It Recruit - Administrative,Data Analyst,85000,redshift,cloud
977196,Get It Recruit - Administrative,Data Analyst,85000,excel,analyst_tools
937085,News Revenue Hub,Data Analyst,85000,sql,programming
937085,News Revenue Hub,Data Analyst,85000,python,programming
937085,News Revenue Hub,Data Analyst,85000,excel,analyst_tools
937085,News Revenue Hub,Data Analyst,85000,word,analyst_tools
937085,News Revenue Hub,Data Analyst,85000,sheets,analyst_tools
448908,Motion Recruitment,Data Analyst,85000,sql,programming
448908,Motion Recruitment,Data Analyst,85000,sql server,databases
448908,Motion Recruitment,Data Analyst,85000,mysql,databases
448908,Motion Recruitment,Data Analyst,85000,azure,cloud
448908,Motion Recruitment,Data Analyst,85000,jira,async
701612,Get It Recruit - Information Technology,Data Analyst,85000,r,programming
701612,Get It Recruit - Information Technology,Data Analyst,85000,tableau,analyst_tools
701619,Get It Recruit - Information Technology,Growth Data Analyst,85000,sql,programming
701619,Get It Recruit - Information Technology,Growth Data Analyst,85000,tableau,analyst_tools
701619,Get It Recruit - Information Technology,Growth Data Analyst,85000,excel,analyst_tools
701619,Get It Recruit - Information Technology,Growth Data Analyst,85000,looker,analyst_tools
701619,Get It Recruit - Information Technology,Growth Data Analyst,85000,sheets,analyst_tools
185296,Impact Genome,Data Analyst & Dashboard Developer,85000,tableau,analyst_tools
185296,Impact Genome,Data Analyst & Dashboard Developer,85000,terminal,other
1508219,Samsung SDS America,Logistics Data Analyst (EM6934),85000,sql,programming
1508219,Samsung SDS America,Logistics Data Analyst (EM6934),85000,python,programming
1508219,Samsung SDS America,Logistics Data Analyst (EM6934),85000,tableau,analyst_tools
1508219,Samsung SDS America,Logistics Data Analyst (EM6934),85000,excel,analyst_tools
1508219,Samsung SDS America,Logistics Data Analyst (EM6934),85000,power bi,analyst_tools
1508219,Samsung SDS America,Logistics Data Analyst (EM6934),85000,qlik,analyst_tools
750345,Get It Recruit - Healthcare,Healthcare Data Analyst,84950,sql,programming
750345,Get It Recruit - Healthcare,Healthcare Data Analyst,84950,db2,databases
750345,Get It Recruit - Healthcare,Healthcare Data Analyst,84950,tableau,analyst_tools
750345,Get It Recruit - Healthcare,Healthcare Data Analyst,84950,alteryx,analyst_tools
628363,Get It Recruit - Information Technology,Marketing Data Analyst,84500,sql,programming
628363,Get It Recruit - Information Technology,Marketing Data Analyst,84500,python,programming
628363,Get It Recruit - Information Technology,Marketing Data Analyst,84500,r,programming
628363,Get It Recruit - Information Technology,Marketing Data Analyst,84500,sql server,databases
628363,Get It Recruit - Information Technology,Marketing Data Analyst,84500,tableau,analyst_tools
628363,Get It Recruit - Information Technology,Marketing Data Analyst,84500,excel,analyst_tools
628363,Get It Recruit - Information Technology,Marketing Data Analyst,84500,looker,analyst_tools
628363,Get It Recruit - Information Technology,Marketing Data Analyst,84500,power bi,analyst_tools
628363,Get It Recruit - Information Technology,Marketing Data Analyst,84500,sheets,analyst_tools
727750,Get It Recruit - Information Technology,Financial Data Analyst,84500,excel,analyst_tools
727745,Get It Recruit - Information Technology,Data Platform Analyst,84500,sql,programming
727745,Get It Recruit - Information Technology,Data Platform Analyst,84500,python,programming
727745,Get It Recruit - Information Technology,Data Platform Analyst,84500,r,programming
665200,Get It Recruit - Information Technology,Experienced Data Analyst,84500,sql,programming
665200,Get It Recruit - Information Technology,Experienced Data Analyst,84500,sql server,databases
665200,Get It Recruit - Information Technology,Experienced Data Analyst,84500,snowflake,cloud
665200,Get It Recruit - Information Technology,Experienced Data Analyst,84500,azure,cloud
665200,Get It Recruit - Information Technology,Experienced Data Analyst,84500,aws,cloud
665200,Get It Recruit - Information Technology,Experienced Data Analyst,84500,redshift,cloud
665200,Get It Recruit - Information Technology,Experienced Data Analyst,84500,tableau,analyst_tools
665200,Get It Recruit - Information Technology,Experienced Data Analyst,84500,looker,analyst_tools
665200,Get It Recruit - Information Technology,Experienced Data Analyst,84500,ssis,analyst_tools
707903,Get It Recruit - Finance,Pricing Data Analyst,84500,excel,analyst_tools
707903,Get It Recruit - Finance,Pricing Data Analyst,84500,sap,analyst_tools
680291,Get It Recruit - Information Technology,Asset Verification Data Analyst,84500,excel,analyst_tools
680203,Get It Recruit - Information Technology,Data Analyst,84500,sql,programming
680203,Get It Recruit - Information Technology,Data Analyst,84500,jenkins,other
730333,Get It Recruit - Information Technology,Data Analyst,84500,sql,programming
730333,Get It Recruit - Information Technology,Data Analyst,84500,python,programming
730333,Get It Recruit - Information Technology,Data Analyst,84500,r,programming
730333,Get It Recruit - Information Technology,Data Analyst,84500,javascript,programming
730333,Get It Recruit - Information Technology,Data Analyst,84500,sas,programming
730333,Get It Recruit - Information Technology,Data Analyst,84500,tableau,analyst_tools
730333,Get It Recruit - Information Technology,Data Analyst,84500,excel,analyst_tools
730333,Get It Recruit - Information Technology,Data Analyst,84500,looker,analyst_tools
730333,Get It Recruit - Information Technology,Data Analyst,84500,spss,analyst_tools
730333,Get It Recruit - Information Technology,Data Analyst,84500,sas,analyst_tools
680198,Get It Recruit - Information Technology,Data Analyst,84500,windows,os
680198,Get It Recruit - Information Technology,Data Analyst,84500,sharepoint,analyst_tools
680198,Get It Recruit - Information Technology,Data Analyst,84500,webex,sync
666348,Get It Recruit - Information Technology,Data Analyst,84500,sql,programming
666348,Get It Recruit - Information Technology,Data Analyst,84500,python,programming
666348,Get It Recruit - Information Technology,Data Analyst,84500,r,programming
666348,Get It Recruit - Information Technology,Data Analyst,84500,javascript,programming
666348,Get It Recruit - Information Technology,Data Analyst,84500,sas,programming
666348,Get It Recruit - Information Technology,Data Analyst,84500,tableau,analyst_tools
666348,Get It Recruit - Information Technology,Data Analyst,84500,excel,analyst_tools
666348,Get It Recruit - Information Technology,Data Analyst,84500,looker,analyst_tools
666348,Get It Recruit - Information Technology,Data Analyst,84500,spss,analyst_tools
666348,Get It Recruit - Information Technology,Data Analyst,84500,sas,analyst_tools
780586,Get It Recruit - Information Technology,Data Analyst,84000,sql,programming
780586,Get It Recruit - Information Technology,Data Analyst,84000,tableau,analyst_tools
780586,Get It Recruit - Information Technology,Data Analyst,84000,excel,analyst_tools
780586,Get It Recruit - Information Technology,Data Analyst,84000,flow,other
692072,Get It Recruit - Information Technology,Remote Data Analyst,84000,sql,programming
692072,Get It Recruit - Information Technology,Remote Data Analyst,84000,sql server,databases
692072,Get It Recruit - Information Technology,Remote Data Analyst,84000,tableau,analyst_tools
692072,Get It Recruit - Information Technology,Remote Data Analyst,84000,ssrs,analyst_tools
788113,Get It Recruit - Information Technology,Data Analyst,84000,sql,programming
788113,Get It Recruit - Information Technology,Data Analyst,84000,javascript,programming
788113,Get It Recruit - Information Technology,Data Analyst,84000,sas,programming
788113,Get It Recruit - Information Technology,Data Analyst,84000,tableau,analyst_tools
788113,Get It Recruit - Information Technology,Data Analyst,84000,excel,analyst_tools
788113,Get It Recruit - Information Technology,Data Analyst,84000,looker,analyst_tools
788113,Get It Recruit - Information Technology,Data Analyst,84000,spss,analyst_tools
788113,Get It Recruit - Information Technology,Data Analyst,84000,sas,analyst_tools
817218,Get It Recruit - Information Technology,Data Analyst,84000,sql,programming
817218,Get It Recruit - Information Technology,Data Analyst,84000,tableau,analyst_tools
817218,Get It Recruit - Information Technology,Data Analyst,84000,excel,analyst_tools
817218,Get It Recruit - Information Technology,Data Analyst,84000,powerpoint,analyst_tools
817218,Get It Recruit - Information Technology,Data Analyst,84000,flow,other
607146,Get It Recruit - Information Technology,Healthcare Data Analyst,84000,excel,analyst_tools
607146,Get It Recruit - Information Technology,Healthcare Data Analyst,84000,powerpoint,analyst_tools
794133,Get It Recruit - Information Technology,Metric and Data Analyst,84000,tableau,analyst_tools
794133,Get It Recruit - Information Technology,Metric and Data Analyst,84000,excel,analyst_tools
794133,Get It Recruit - Information Technology,Metric and Data Analyst,84000,sap,analyst_tools
796100,Get It Recruit - Information Technology,Data Analyst,84000,tableau,analyst_tools
769746,Get It Recruit - Information Technology,Early Career Data Analyst,84000,sql,programming
769746,Get It Recruit - Information Technology,Early Career Data Analyst,84000,python,programming
769746,Get It Recruit - Information Technology,Early Career Data Analyst,84000,r,programming
769746,Get It Recruit - Information Technology,Early Career Data Analyst,84000,nosql,programming
769746,Get It Recruit - Information Technology,Early Career Data Analyst,84000,tableau,analyst_tools
769747,Get It Recruit - Information Technology,Data Analyst- Early Career Quality Engineer,84000,sql,programming
769747,Get It Recruit - Information Technology,Data Analyst- Early Career Quality Engineer,84000,python,programming
769747,Get It Recruit - Information Technology,Data Analyst- Early Career Quality Engineer,84000,javascript,programming
769747,Get It Recruit - Information Technology,Data Analyst- Early Career Quality Engineer,84000,java,programming
769747,Get It Recruit - Information Technology,Data Analyst- Early Career Quality Engineer,84000,c#,programming
769747,Get It Recruit - Information Technology,Data Analyst- Early Career Quality Engineer,84000,html,programming
769747,Get It Recruit - Information Technology,Data Analyst- Early Career Quality Engineer,84000,tableau,analyst_tools
620715,Get It Recruit - Information Technology,Data Analyst,84000,sql,programming
620715,Get It Recruit - Information Technology,Data Analyst,84000,azure,cloud
620715,Get It Recruit - Information Technology,Data Analyst,84000,power bi,analyst_tools
620715,Get It Recruit - Information Technology,Data Analyst,84000,dax,analyst_tools
809889,Get It Recruit - Information Technology,Data Quality Analyst,84000,sql,programming
809889,Get It Recruit - Information Technology,Data Quality Analyst,84000,python,programming
805306,Get It Recruit - Information Technology,Data Analyst,84000,sql,programming
805306,Get It Recruit - Information Technology,Data Analyst,84000,tableau,analyst_tools
805306,Get It Recruit - Information Technology,Data Analyst,84000,looker,analyst_tools
805306,Get It Recruit - Information Technology,Data Analyst,84000,wire,sync
585815,Get It Recruit - Information Technology,Marketing Data Analyst,84000,sql,programming
585815,Get It Recruit - Information Technology,Marketing Data Analyst,84000,python,programming
585815,Get It Recruit - Information Technology,Marketing Data Analyst,84000,r,programming
585815,Get It Recruit - Information Technology,Marketing Data Analyst,84000,sql server,databases
585815,Get It Recruit - Information Technology,Marketing Data Analyst,84000,bigquery,cloud
585815,Get It Recruit - Information Technology,Marketing Data Analyst,84000,tableau,analyst_tools
585815,Get It Recruit - Information Technology,Marketing Data Analyst,84000,excel,analyst_tools
585815,Get It Recruit - Information Technology,Marketing Data Analyst,84000,looker,analyst_tools
585815,Get It Recruit - Information Technology,Marketing Data Analyst,84000,power bi,analyst_tools
585815,Get It Recruit - Information Technology,Marketing Data Analyst,84000,sheets,analyst_tools
780584,Get It Recruit - Information Technology,Business Data Analyst,84000,tableau,analyst_tools
826856,Get It Recruit - Information Technology,Healthcare Data Analyst,84000,sql,programming
826856,Get It Recruit - Information Technology,Healthcare Data Analyst,84000,visio,analyst_tools
826856,Get It Recruit - Information Technology,Healthcare Data Analyst,84000,word,analyst_tools
781686,Get It Recruit - Information Technology,Data Analyst Intern,84000,sql,programming
781686,Get It Recruit - Information Technology,Data Analyst Intern,84000,python,programming
781686,Get It Recruit - Information Technology,Data Analyst Intern,84000,r,programming
781686,Get It Recruit - Information Technology,Data Analyst Intern,84000,sas,programming
781686,Get It Recruit - Information Technology,Data Analyst Intern,84000,tableau,analyst_tools
781686,Get It Recruit - Information Technology,Data Analyst Intern,84000,sas,analyst_tools
753517,Get It Recruit - Information Technology,Data Analyst,84000,sql,programming
753517,Get It Recruit - Information Technology,Data Analyst,84000,python,programming
753517,Get It Recruit - Information Technology,Data Analyst,84000,r,programming
761785,Get It Recruit - Information Technology,Data Analyst,84000,arch,os
761785,Get It Recruit - Information Technology,Data Analyst,84000,word,analyst_tools
830089,Get It Recruit - Information Technology,Data Governance Analyst,84000,sql,programming
830089,Get It Recruit - Information Technology,Data Governance Analyst,84000,python,programming
830089,Get It Recruit - Information Technology,Data Governance Analyst,84000,r,programming
830089,Get It Recruit - Information Technology,Data Governance Analyst,84000,visio,analyst_tools
830089,Get It Recruit - Information Technology,Data Governance Analyst,84000,tableau,analyst_tools
830089,Get It Recruit - Information Technology,Data Governance Analyst,84000,excel,analyst_tools
830089,Get It Recruit - Information Technology,Data Governance Analyst,84000,word,analyst_tools
830089,Get It Recruit - Information Technology,Data Governance Analyst,84000,powerpoint,analyst_tools
830089,Get It Recruit - Information Technology,Data Governance Analyst,84000,outlook,analyst_tools
926723,MaintainX,Data Analyst Product,83750,c,programming
926723,MaintainX,Data Analyst Product,83750,shell,programming
926723,MaintainX,Data Analyst Product,83750,twilio,sync
575780,Get It Recruit - Information Technology,Data Quality Analyst,83500,sql,programming
575780,Get It Recruit - Information Technology,Data Quality Analyst,83500,python,programming
575780,Get It Recruit - Information Technology,Data Quality Analyst,83500,aws,cloud
837459,Get It Recruit - Information Technology,Experienced Data Analyst,83500,sql,programming
571040,Get It Recruit - Information Technology,Data Analyst,83500,javascript,programming
571040,Get It Recruit - Information Technology,Data Analyst,83500,node.js,webframeworks
306926,Insight Global,Data Analyst,83500,sql,programming
306926,Insight Global,Data Analyst,83500,excel,analyst_tools
563352,Get It Recruit - Information Technology,Data Analyst,83500,looker,analyst_tools
516695,Get It Recruit - Information Technology,Data Analyst with PowerBI expertise,83500,sql,programming
516695,Get It Recruit - Information Technology,Data Analyst with PowerBI expertise,83500,python,programming
516695,Get It Recruit - Information Technology,Data Analyst with PowerBI expertise,83500,excel,analyst_tools
504037,Get It Recruit - Information Technology,Data Analyst,83500,r,programming
504037,Get It Recruit - Information Technology,Data Analyst,83500,tableau,analyst_tools
328028,Robert Half,Accountant/Data Analyst,83500,go,programming
328028,Robert Half,Accountant/Data Analyst,83500,excel,analyst_tools
1058207,Monza,Data Analyst,83250,tableau,analyst_tools
1058207,Monza,Data Analyst,83250,power bi,analyst_tools
585274,Memorial Sloan Kettering Cancer Center,"Data Analyst - Part Time (Greater NYC Area, NY or Remote)",83200,sql,programming
585274,Memorial Sloan Kettering Cancer Center,"Data Analyst - Part Time (Greater NYC Area, NY or Remote)",83200,go,programming
477836,Get It Recruit - Information Technology,Data Governance Project Data Analyst,83000,sql,programming
477836,Get It Recruit - Information Technology,Data Governance Project Data Analyst,83000,python,programming
379108,General Dynamics Information Technology,Budget Data Analyst (Power BI/Excel/VBA expert),83000,sql,programming
379108,General Dynamics Information Technology,Budget Data Analyst (Power BI/Excel/VBA expert),83000,vba,programming
379108,General Dynamics Information Technology,Budget Data Analyst (Power BI/Excel/VBA expert),83000,excel,analyst_tools
379108,General Dynamics Information Technology,Budget Data Analyst (Power BI/Excel/VBA expert),83000,power bi,analyst_tools
379108,General Dynamics Information Technology,Budget Data Analyst (Power BI/Excel/VBA expert),83000,word,analyst_tools
379108,General Dynamics Information Technology,Budget Data Analyst (Power BI/Excel/VBA expert),83000,flow,other
799098,Center for Popular Democracy,Mapping and Data Analyst,83000,sql,programming
799098,Center for Popular Democracy,Mapping and Data Analyst,83000,python,programming
799098,Center for Popular Democracy,Mapping and Data Analyst,83000,bigquery,cloud
799098,Center for Popular Democracy,Mapping and Data Analyst,83000,looker,analyst_tools
1031269,Selective Insurance Group,Personal Lines Agency Data Analyst/Sr. Personal Lines Agency Data...,83000,excel,analyst_tools
1031269,Selective Insurance Group,Personal Lines Agency Data Analyst/Sr. Personal Lines Agency Data...,83000,power bi,analyst_tools
1031269,Selective Insurance Group,Personal Lines Agency Data Analyst/Sr. Personal Lines Agency Data...,83000,sharepoint,analyst_tools
209901,Alameda Health Consortium/Community Health Center Network,Data Analyst,83000,sql,programming
209901,Alameda Health Consortium/Community Health Center Network,Data Analyst,83000,sas,programming
209901,Alameda Health Consortium/Community Health Center Network,Data Analyst,83000,tableau,analyst_tools
209901,Alameda Health Consortium/Community Health Center Network,Data Analyst,83000,excel,analyst_tools
209901,Alameda Health Consortium/Community Health Center Network,Data Analyst,83000,sas,analyst_tools
493012,Get It Recruit - Information Technology,Data Analyst,83000,sql,programming
493012,Get It Recruit - Information Technology,Data Analyst,83000,python,programming
493012,Get It Recruit - Information Technology,Data Analyst,83000,snowflake,cloud
493012,Get It Recruit - Information Technology,Data Analyst,83000,redshift,cloud
493012,Get It Recruit - Information Technology,Data Analyst,83000,matplotlib,libraries
493012,Get It Recruit - Information Technology,Data Analyst,83000,pandas,libraries
493012,Get It Recruit - Information Technology,Data Analyst,83000,qlik,analyst_tools
994219,Verus RX LLC,Pharmacy Data Analyst,82500,sql,programming
994219,Verus RX LLC,Pharmacy Data Analyst,82500,python,programming
994219,Verus RX LLC,Pharmacy Data Analyst,82500,r,programming
994219,Verus RX LLC,Pharmacy Data Analyst,82500,sas,programming
994219,Verus RX LLC,Pharmacy Data Analyst,82500,sas,analyst_tools
1034214,Infusion For Health,Data Analyst,82500,sql,programming
1034214,Infusion For Health,Data Analyst,82500,c#,programming
1034214,Infusion For Health,Data Analyst,82500,power bi,analyst_tools
1028310,Emotive.io,Data Analyst,82500,sql,programming
1028310,Emotive.io,Data Analyst,82500,python,programming
1028310,Emotive.io,Data Analyst,82500,tableau,analyst_tools
1028310,Emotive.io,Data Analyst,82500,looker,analyst_tools
707052,Get It Recruit - Information Technology,Data Delivery Analyst,82500,sql,programming
707052,Get It Recruit - Information Technology,Data Delivery Analyst,82500,python,programming
707052,Get It Recruit - Information Technology,Data Delivery Analyst,82500,r,programming
92605,CyberCoders,Data Analysts- Capital Markets Team,82500,sql,programming
92605,CyberCoders,Data Analysts- Capital Markets Team,82500,excel,analyst_tools
92605,CyberCoders,Data Analysts- Capital Markets Team,82500,word,analyst_tools
437008,Get It Recruit - Information Technology,Data Analyst,82500,sas,programming
437008,Get It Recruit - Information Technology,Data Analyst,82500,excel,analyst_tools
437008,Get It Recruit - Information Technology,Data Analyst,82500,spss,analyst_tools
437008,Get It Recruit - Information Technology,Data Analyst,82500,sas,analyst_tools
1025107,Talentify.io,Domo Data Analyst (Remote),82500,sql,programming
43817,Confidential,Accounting / Data Analyst,82500,oracle,cloud
43817,Confidential,Accounting / Data Analyst,82500,sap,analyst_tools
616020,Vitalief Inc.,Clinical Research Data Programmer Analyst,82500,r,programming
616020,Vitalief Inc.,Clinical Research Data Programmer Analyst,82500,sas,programming
616020,Vitalief Inc.,Clinical Research Data Programmer Analyst,82500,excel,analyst_tools
616020,Vitalief Inc.,Clinical Research Data Programmer Analyst,82500,sas,analyst_tools
616020,Vitalief Inc.,Clinical Research Data Programmer Analyst,82500,ms access,analyst_tools
458791,Get It Recruit - Information Technology,Technical/Data Analyst,82500,sql,programming
458791,Get It Recruit - Information Technology,Technical/Data Analyst,82500,python,programming
458791,Get It Recruit - Information Technology,Technical/Data Analyst,82500,c#,programming
458791,Get It Recruit - Information Technology,Technical/Data Analyst,82500,vba,programming
458791,Get It Recruit - Information Technology,Technical/Data Analyst,82500,excel,analyst_tools
561597,Complete HR Solutions,Healthcare Data Analyst - Remote in RI,82500,sql,programming
1034879,Phoenix LiDAR Systems,LiDAR Data Analyst II,82500,phoenix,webframeworks
559750,Customer Value Partners,Data Analyst (Tableau),82500,python,programming
559750,Customer Value Partners,Data Analyst (Tableau),82500,plotly,libraries
559750,Customer Value Partners,Data Analyst (Tableau),82500,tableau,analyst_tools
559750,Customer Value Partners,Data Analyst (Tableau),82500,excel,analyst_tools
559750,Customer Value Partners,Data Analyst (Tableau),82500,power bi,analyst_tools
431259,Get It Recruit - Information Technology,Data Insight Analyst,82500,sql,programming
431259,Get It Recruit - Information Technology,Data Insight Analyst,82500,tableau,analyst_tools
431259,Get It Recruit - Information Technology,Data Insight Analyst,82500,excel,analyst_tools
876932,Everlight Solar,Domo Data Analyst (REMOTE),82500,sql,programming
876932,Everlight Solar,Domo Data Analyst (REMOTE),82500,macos,os
825409,Two Point Consulting,Data Analyst,82500,excel,analyst_tools
383971,Emotive,Data Analyst,82500,sql,programming
383971,Emotive,Data Analyst,82500,python,programming
383971,Emotive,Data Analyst,82500,tableau,analyst_tools
383971,Emotive,Data Analyst,82500,looker,analyst_tools
449353,Get It Recruit - Information Technology,Data Analyst,82500,sql,programming
449353,Get It Recruit - Information Technology,Data Analyst,82500,excel,analyst_tools
449353,Get It Recruit - Information Technology,Data Analyst,82500,sheets,analyst_tools
449354,Get It Recruit - Information Technology,Data Analyst with PowerBI Dashboards Experience,82500,sql,programming
449354,Get It Recruit - Information Technology,Data Analyst with PowerBI Dashboards Experience,82500,python,programming
449354,Get It Recruit - Information Technology,Data Analyst with PowerBI Dashboards Experience,82500,excel,analyst_tools
908796,Everlight Solar,Data Analyst (REMOTE),82500,sql,programming
908796,Everlight Solar,Data Analyst (REMOTE),82500,macos,os
409566,Get It Recruit - Information Technology,Data Analyst,82500,sql,programming
409566,Get It Recruit - Information Technology,Data Analyst,82500,tableau,analyst_tools
409566,Get It Recruit - Information Technology,Data Analyst,82500,looker,analyst_tools
409566,Get It Recruit - Information Technology,Data Analyst,82500,power bi,analyst_tools
1353959,Nithio,Data Analyst Intern,82500,python,programming
1353959,Nithio,Data Analyst Intern,82500,r,programming
445496,Village Care,SQL Data Analyst - Healthcare,82350.5,sql,programming
445496,Village Care,SQL Data Analyst - Healthcare,82350.5,python,programming
445496,Village Care,SQL Data Analyst - Healthcare,82350.5,r,programming
445496,Village Care,SQL Data Analyst - Healthcare,82350.5,tableau,analyst_tools
445496,Village Care,SQL Data Analyst - Healthcare,82350.5,excel,analyst_tools
1557889,Walgreens,"Analyst, Data Analytics (Remote)",82050,sql,programming
1557889,Walgreens,"Analyst, Data Analytics (Remote)",82050,python,programming
1557889,Walgreens,"Analyst, Data Analytics (Remote)",82050,sas,programming
1557889,Walgreens,"Analyst, Data Analytics (Remote)",82050,c++,programming
1557889,Walgreens,"Analyst, Data Analytics (Remote)",82050,snowflake,cloud
1557889,Walgreens,"Analyst, Data Analytics (Remote)",82050,databricks,cloud
1557889,Walgreens,"Analyst, Data Analytics (Remote)",82050,excel,analyst_tools
1557889,Walgreens,"Analyst, Data Analytics (Remote)",82050,word,analyst_tools
1557889,Walgreens,"Analyst, Data Analytics (Remote)",82050,sas,analyst_tools
1557889,Walgreens,"Analyst, Data Analytics (Remote)",82050,powerpoint,analyst_tools
1557889,Walgreens,"Analyst, Data Analytics (Remote)",82050,sharepoint,analyst_tools
388901,Get It Recruit - Information Technology,Data Analyst (Junior/Mid/Senior) - Remote - Defense Manpower Data...,82000,sql,programming
388901,Get It Recruit - Information Technology,Data Analyst (Junior/Mid/Senior) - Remote - Defense Manpower Data...,82000,t-sql,programming
388901,Get It Recruit - Information Technology,Data Analyst (Junior/Mid/Senior) - Remote - Defense Manpower Data...,82000,oracle,cloud
380117,Get It Recruit - Information Technology,Data Analyst - Ad Tech and Google Ad Manager Experience (Remote),82000,sql,programming
380117,Get It Recruit - Information Technology,Data Analyst - Ad Tech and Google Ad Manager Experience (Remote),82000,python,programming
380117,Get It Recruit - Information Technology,Data Analyst - Ad Tech and Google Ad Manager Experience (Remote),82000,r,programming
380117,Get It Recruit - Information Technology,Data Analyst - Ad Tech and Google Ad Manager Experience (Remote),82000,go,programming
380117,Get It Recruit - Information Technology,Data Analyst - Ad Tech and Google Ad Manager Experience (Remote),82000,snowflake,cloud
380117,Get It Recruit - Information Technology,Data Analyst - Ad Tech and Google Ad Manager Experience (Remote),82000,redshift,cloud
380117,Get It Recruit - Information Technology,Data Analyst - Ad Tech and Google Ad Manager Experience (Remote),82000,tableau,analyst_tools
380117,Get It Recruit - Information Technology,Data Analyst - Ad Tech and Google Ad Manager Experience (Remote),82000,looker,analyst_tools
374548,Get It Recruit - Information Technology,Research Data Analyst I,82000,sql,programming
374548,Get It Recruit - Information Technology,Research Data Analyst I,82000,tableau,analyst_tools
374548,Get It Recruit - Information Technology,Research Data Analyst I,82000,excel,analyst_tools
374538,Get It Recruit - Information Technology,Data Analyst,82000,sql,programming
374538,Get It Recruit - Information Technology,Data Analyst,82000,excel,analyst_tools
374538,Get It Recruit - Information Technology,Data Analyst,82000,power bi,analyst_tools
390872,Get It Recruit - Information Technology,Business Data Analyst II,82000,sql,programming
390872,Get It Recruit - Information Technology,Business Data Analyst II,82000,tableau,analyst_tools
447764,Get It Recruit - Information Technology,Data Analyst,82000,sql,programming
447764,Get It Recruit - Information Technology,Data Analyst,82000,python,programming
447764,Get It Recruit - Information Technology,Data Analyst,82000,r,programming
447764,Get It Recruit - Information Technology,Data Analyst,82000,tableau,analyst_tools
447764,Get It Recruit - Information Technology,Data Analyst,82000,excel,analyst_tools
1104203,Blue Orange Digital,Data Analyst at Blue Orange Digital,81600,azure,cloud
1104203,Blue Orange Digital,Data Analyst at Blue Orange Digital,81600,databricks,cloud
1104203,Blue Orange Digital,Data Analyst at Blue Orange Digital,81600,power bi,analyst_tools
1104203,Blue Orange Digital,Data Analyst at Blue Orange Digital,81600,dax,analyst_tools
1237972,Heluna Health,Epidemiologist / Data Analyst (Modeling),81600,python,programming
1237972,Heluna Health,Epidemiologist / Data Analyst (Modeling),81600,r,programming
1237972,Heluna Health,Epidemiologist / Data Analyst (Modeling),81600,excel,analyst_tools
1237972,Heluna Health,Epidemiologist / Data Analyst (Modeling),81600,word,analyst_tools
1237972,Heluna Health,Epidemiologist / Data Analyst (Modeling),81600,outlook,analyst_tools
1593646,"Universal Technical Resource Services, Inc.",ACC Fighter MFOQA Flight Data Analyst,81550,go,programming
365766,Get It Recruit - Information Technology,Pharmacy Data Analyst,81500,sql,programming
365766,Get It Recruit - Information Technology,Pharmacy Data Analyst,81500,sql server,databases
365766,Get It Recruit - Information Technology,Pharmacy Data Analyst,81500,arch,os
365766,Get It Recruit - Information Technology,Pharmacy Data Analyst,81500,tableau,analyst_tools
365766,Get It Recruit - Information Technology,Pharmacy Data Analyst,81500,excel,analyst_tools
365766,Get It Recruit - Information Technology,Pharmacy Data Analyst,81500,power bi,analyst_tools
365766,Get It Recruit - Information Technology,Pharmacy Data Analyst,81500,word,analyst_tools
365766,Get It Recruit - Information Technology,Pharmacy Data Analyst,81500,ssrs,analyst_tools
365766,Get It Recruit - Information Technology,Pharmacy Data Analyst,81500,outlook,analyst_tools
365753,Get It Recruit - Information Technology,Lead Data Analyst - Looker Studio Expert,81500,sql,programming
365753,Get It Recruit - Information Technology,Lead Data Analyst - Looker Studio Expert,81500,looker,analyst_tools
104328,New York State Office of the Attorney General,"Data Analyst, Mortgage Enforcement Unit, Remote Opportunity",81047,r,programming
104328,New York State Office of the Attorney General,"Data Analyst, Mortgage Enforcement Unit, Remote Opportunity",81047,excel,analyst_tools
561660,Get It Recruit - Information Technology,Data Analytics and Reporting Analyst,81000,sql,programming
561660,Get It Recruit - Information Technology,Data Analytics and Reporting Analyst,81000,sql server,databases
561660,Get It Recruit - Information Technology,Data Analytics and Reporting Analyst,81000,snowflake,cloud
561660,Get It Recruit - Information Technology,Data Analytics and Reporting Analyst,81000,tableau,analyst_tools
561660,Get It Recruit - Information Technology,Data Analytics and Reporting Analyst,81000,ssrs,analyst_tools
349802,Get It Recruit - Information Technology,Data Analyst,81000,sql,programming
349802,Get It Recruit - Information Technology,Data Analyst,81000,python,programming
349802,Get It Recruit - Information Technology,Data Analyst,81000,tableau,analyst_tools
311229,Get It Recruit - Information Technology,Data Analyst,81000,sql,programming
311229,Get It Recruit - Information Technology,Data Analyst,81000,python,programming
311229,Get It Recruit - Information Technology,Data Analyst,81000,r,programming
311229,Get It Recruit - Information Technology,Data Analyst,81000,matlab,programming
311229,Get It Recruit - Information Technology,Data Analyst,81000,scala,programming
311229,Get It Recruit - Information Technology,Data Analyst,81000,excel,analyst_tools
319920,Get It Recruit - Information Technology,Data Analyst,81000,sql,programming
319920,Get It Recruit - Information Technology,Data Analyst,81000,python,programming
319920,Get It Recruit - Information Technology,Data Analyst,81000,tableau,analyst_tools
1232502,Prime Therapeutics,Internal Audit Data Analytics Analyst,80900,sql,programming
1232502,Prime Therapeutics,Internal Audit Data Analytics Analyst,80900,sas,programming
1232502,Prime Therapeutics,Internal Audit Data Analytics Analyst,80900,excel,analyst_tools
1232502,Prime Therapeutics,Internal Audit Data Analytics Analyst,80900,word,analyst_tools
1232502,Prime Therapeutics,Internal Audit Data Analytics Analyst,80900,spss,analyst_tools
1232502,Prime Therapeutics,Internal Audit Data Analytics Analyst,80900,sas,analyst_tools
1232502,Prime Therapeutics,Internal Audit Data Analytics Analyst,80900,powerpoint,analyst_tools
722701,InsideHigherEd,Research Data Analyst-,80740,python,programming
722701,InsideHigherEd,Research Data Analyst-,80740,r,programming
722701,InsideHigherEd,Research Data Analyst-,80740,sas,programming
722701,InsideHigherEd,Research Data Analyst-,80740,sas,analyst_tools
722701,InsideHigherEd,Research Data Analyst-,80740,zoom,sync
541928,Get It Recruit - Finance,Data Analyst,80500,sql,programming
541928,Get It Recruit - Finance,Data Analyst,80500,excel,analyst_tools
1022432,Cox Automotive Inc.,Data Analyst II,80300,sql,programming
1022432,Cox Automotive Inc.,Data Analyst II,80300,python,programming
1022432,Cox Automotive Inc.,Data Analyst II,80300,r,programming
1022432,Cox Automotive Inc.,Data Analyst II,80300,tableau,analyst_tools
1022432,Cox Automotive Inc.,Data Analyst II,80300,alteryx,analyst_tools
226014,Automobile Club of Southern California,Data Analyst - Underwriting,80250,sql,programming
226014,Automobile Club of Southern California,Data Analyst - Underwriting,80250,python,programming
226014,Automobile Club of Southern California,Data Analyst - Underwriting,80250,java,programming
226014,Automobile Club of Southern California,Data Analyst - Underwriting,80250,bash,programming
226014,Automobile Club of Southern California,Data Analyst - Underwriting,80250,vba,programming
226014,Automobile Club of Southern California,Data Analyst - Underwriting,80250,tableau,analyst_tools
472640,Coders Data,Data Analyst,80000,sql,programming
472640,Coders Data,Data Analyst,80000,python,programming
472640,Coders Data,Data Analyst,80000,r,programming
472640,Coders Data,Data Analyst,80000,tableau,analyst_tools
472640,Coders Data,Data Analyst,80000,excel,analyst_tools
472640,Coders Data,Data Analyst,80000,power bi,analyst_tools
472640,Coders Data,Data Analyst,80000,sharepoint,analyst_tools
472640,Coders Data,Data Analyst,80000,jira,async
472640,Coders Data,Data Analyst,80000,confluence,async
1546762,Innovative Emergency Management,Data Analyst & Reporting Specialist,80000,sql,programming
1546762,Innovative Emergency Management,Data Analyst & Reporting Specialist,80000,python,programming
1546762,Innovative Emergency Management,Data Analyst & Reporting Specialist,80000,r,programming
1546762,Innovative Emergency Management,Data Analyst & Reporting Specialist,80000,oracle,cloud
1546762,Innovative Emergency Management,Data Analyst & Reporting Specialist,80000,excel,analyst_tools
377544,Motion Recruitment,Junior Data Analyst,80000,python,programming
873162,Vespa Group LLC,Data Analyst Healthcare,80000,sql,programming
873162,Vespa Group LLC,Data Analyst Healthcare,80000,visio,analyst_tools
873162,Vespa Group LLC,Data Analyst Healthcare,80000,excel,analyst_tools
1085417,SoundCloud,Data Analyst,80000,sql,programming
1085417,SoundCloud,Data Analyst,80000,aws,cloud
1085417,SoundCloud,Data Analyst,80000,gcp,cloud
1085417,SoundCloud,Data Analyst,80000,bigquery,cloud
1085417,SoundCloud,Data Analyst,80000,airflow,libraries
1085417,SoundCloud,Data Analyst,80000,tableau,analyst_tools
1085417,SoundCloud,Data Analyst,80000,looker,analyst_tools
1085417,SoundCloud,Data Analyst,80000,power bi,analyst_tools
1085417,SoundCloud,Data Analyst,80000,flow,other
1224050,Evolent Health,Senior Client Analytics Analyst in Healthcare,80000,sql,programming
1224050,Evolent Health,Senior Client Analytics Analyst in Healthcare,80000,sas,programming
1224050,Evolent Health,Senior Client Analytics Analyst in Healthcare,80000,excel,analyst_tools
1224050,Evolent Health,Senior Client Analytics Analyst in Healthcare,80000,sas,analyst_tools
1224045,Evolent Health,Senior Client Analytics Analyst in Healthcare,80000,sql,programming
1224045,Evolent Health,Senior Client Analytics Analyst in Healthcare,80000,python,programming
1224045,Evolent Health,Senior Client Analytics Analyst in Healthcare,80000,sas,programming
1224045,Evolent Health,Senior Client Analytics Analyst in Healthcare,80000,excel,analyst_tools
1224045,Evolent Health,Senior Client Analytics Analyst in Healthcare,80000,sas,analyst_tools
1224045,Evolent Health,Senior Client Analytics Analyst in Healthcare,80000,powerpoint,analyst_tools
472404,FutureNET,Data Analytics Consultant,80000,r,programming
472404,FutureNET,Data Analytics Consultant,80000,tableau,analyst_tools
472404,FutureNET,Data Analytics Consultant,80000,powerpoint,analyst_tools
472404,FutureNET,Data Analytics Consultant,80000,cognos,analyst_tools
459532,Medix Technology,Claims Data Analyst - 208554,80000,sql,programming
459532,Medix Technology,Claims Data Analyst - 208554,80000,tableau,analyst_tools
459532,Medix Technology,Claims Data Analyst - 208554,80000,power bi,analyst_tools
459532,Medix Technology,Claims Data Analyst - 208554,80000,alteryx,analyst_tools
856676,General Dynamics Information Technology,Data Analyst,80000,sql,programming
856676,General Dynamics Information Technology,Data Analyst,80000,t-sql,programming
856676,General Dynamics Information Technology,Data Analyst,80000,oracle,cloud
380890,CBRE,Sr. Business Analyst/Data Analyst,80000,excel,analyst_tools
380890,CBRE,Sr. Business Analyst/Data Analyst,80000,power bi,analyst_tools
380890,CBRE,Sr. Business Analyst/Data Analyst,80000,alteryx,analyst_tools
1437563,IEM International Inc,Data Analyst & Reporting Specialist,80000,sql,programming
1437563,IEM International Inc,Data Analyst & Reporting Specialist,80000,python,programming
1437563,IEM International Inc,Data Analyst & Reporting Specialist,80000,r,programming
1437563,IEM International Inc,Data Analyst & Reporting Specialist,80000,oracle,cloud
1437563,IEM International Inc,Data Analyst & Reporting Specialist,80000,excel,analyst_tools
159026,Peraton,Data Analyst,80000,sql,programming
159026,Peraton,Data Analyst,80000,python,programming
159026,Peraton,Data Analyst,80000,sas,programming
159026,Peraton,Data Analyst,80000,aws,cloud
159026,Peraton,Data Analyst,80000,sas,analyst_tools
159026,Peraton,Data Analyst,80000,qlik,analyst_tools
1245164,Evolent Health,"Senior Analyst, Client Analytics - 2+ years SQL & Healthcare Experience Needed",80000,sql,programming
1245164,Evolent Health,"Senior Analyst, Client Analytics - 2+ years SQL & Healthcare Experience Needed",80000,python,programming
1245164,Evolent Health,"Senior Analyst, Client Analytics - 2+ years SQL & Healthcare Experience Needed",80000,sas,programming
1245164,Evolent Health,"Senior Analyst, Client Analytics - 2+ years SQL & Healthcare Experience Needed",80000,excel,analyst_tools
1245164,Evolent Health,"Senior Analyst, Client Analytics - 2+ years SQL & Healthcare Experience Needed",80000,sas,analyst_tools
1245164,Evolent Health,"Senior Analyst, Client Analytics - 2+ years SQL & Healthcare Experience Needed",80000,powerpoint,analyst_tools
677464,Get It Recruit - Information Technology,AI-focused Data Analyst/Tableau Developer,80000,java,programming
677464,Get It Recruit - Information Technology,AI-focused Data Analyst/Tableau Developer,80000,tableau,analyst_tools
677464,Get It Recruit - Information Technology,AI-focused Data Analyst/Tableau Developer,80000,excel,analyst_tools
677464,Get It Recruit - Information Technology,AI-focused Data Analyst/Tableau Developer,80000,power bi,analyst_tools
480718,Coders Data,Data Analyst,80000,excel,analyst_tools
480718,Coders Data,Data Analyst,80000,word,analyst_tools
480718,Coders Data,Data Analyst,80000,ms access,analyst_tools
480718,Coders Data,Data Analyst,80000,powerpoint,analyst_tools
480718,Coders Data,Data Analyst,80000,outlook,analyst_tools
462622,Get It Recruit - Information Technology,Data Analyst,80000,sql,programming
462622,Get It Recruit - Information Technology,Data Analyst,80000,excel,analyst_tools
462622,Get It Recruit - Information Technology,Data Analyst,80000,sheets,analyst_tools
158413,EUCON AMERICAS LLC,Data Analyst,80000,sql,programming
158413,EUCON AMERICAS LLC,Data Analyst,80000,sas,programming
158413,EUCON AMERICAS LLC,Data Analyst,80000,excel,analyst_tools
158413,EUCON AMERICAS LLC,Data Analyst,80000,spss,analyst_tools
158413,EUCON AMERICAS LLC,Data Analyst,80000,sas,analyst_tools
158413,EUCON AMERICAS LLC,Data Analyst,80000,powerpoint,analyst_tools
573595,CrowdStrike,Data Analyst (Remote),80000,sql,programming
573595,CrowdStrike,Data Analyst (Remote),80000,python,programming
573595,CrowdStrike,Data Analyst (Remote),80000,snowflake,cloud
627732,Itemize Corp.,Data Analytics Manager,80000,sql,programming
627732,Itemize Corp.,Data Analytics Manager,80000,mysql,databases
627732,Itemize Corp.,Data Analytics Manager,80000,aws,cloud
23492,New World Now LLC,Data Analyst,80000,sql,programming
440996,Get It Recruit - Information Technology,Data Analyst,80000,sql,programming
440996,Get It Recruit - Information Technology,Data Analyst,80000,tableau,analyst_tools
440996,Get It Recruit - Information Technology,Data Analyst,80000,power bi,analyst_tools
230029,Gravy Analytics,Data Analyst,80000,sql,programming
230029,Gravy Analytics,Data Analyst,80000,python,programming
230029,Gravy Analytics,Data Analyst,80000,r,programming
230029,Gravy Analytics,Data Analyst,80000,javascript,programming
230029,Gravy Analytics,Data Analyst,80000,snowflake,cloud
230029,Gravy Analytics,Data Analyst,80000,aws,cloud
230029,Gravy Analytics,Data Analyst,80000,tableau,analyst_tools
230029,Gravy Analytics,Data Analyst,80000,excel,analyst_tools
1539023,Innovative Emergency Management,Data Analyst & Reporting Specialist,80000,sql,programming
1539023,Innovative Emergency Management,Data Analyst & Reporting Specialist,80000,python,programming
1539023,Innovative Emergency Management,Data Analyst & Reporting Specialist,80000,r,programming
1539023,Innovative Emergency Management,Data Analyst & Reporting Specialist,80000,oracle,cloud
1539023,Innovative Emergency Management,Data Analyst & Reporting Specialist,80000,excel,analyst_tools
622214,Coders Data,Junior Data Analyst,80000,sql,programming
622214,Coders Data,Junior Data Analyst,80000,python,programming
622214,Coders Data,Junior Data Analyst,80000,r,programming
622214,Coders Data,Junior Data Analyst,80000,tableau,analyst_tools
622214,Coders Data,Junior Data Analyst,80000,excel,analyst_tools
622214,Coders Data,Junior Data Analyst,80000,sharepoint,analyst_tools
622214,Coders Data,Junior Data Analyst,80000,jira,async
622214,Coders Data,Junior Data Analyst,80000,confluence,async
935146,Acquco,Operations & Data Analyst,80000,excel,analyst_tools
935146,Acquco,Operations & Data Analyst,80000,sheets,analyst_tools
935146,Acquco,Operations & Data Analyst,80000,planner,async
935146,Acquco,Operations & Data Analyst,80000,asana,async
377322,HighGround,Data Analyst- Power BI (Remote),80000,sql,programming
377322,HighGround,Data Analyst- Power BI (Remote),80000,azure,cloud
377322,HighGround,Data Analyst- Power BI (Remote),80000,excel,analyst_tools
377322,HighGround,Data Analyst- Power BI (Remote),80000,spreadsheet,analyst_tools
595586,ATR International,Manufacturing Data Analyst,80000,sql,programming
595586,ATR International,Manufacturing Data Analyst,80000,python,programming
595586,ATR International,Manufacturing Data Analyst,80000,r,programming
595586,ATR International,Manufacturing Data Analyst,80000,matplotlib,libraries
595586,ATR International,Manufacturing Data Analyst,80000,tableau,analyst_tools
595586,ATR International,Manufacturing Data Analyst,80000,excel,analyst_tools
145089,Get It Recruit - Technology,Data Analyst - Remote | WFH,79968,sql,programming
145089,Get It Recruit - Technology,Data Analyst - Remote | WFH,79968,python,programming
145089,Get It Recruit - Technology,Data Analyst - Remote | WFH,79968,r,programming
145089,Get It Recruit - Technology,Data Analyst - Remote | WFH,79968,snowflake,cloud
145089,Get It Recruit - Technology,Data Analyst - Remote | WFH,79968,redshift,cloud
145089,Get It Recruit - Technology,Data Analyst - Remote | WFH,79968,tableau,analyst_tools
145089,Get It Recruit - Technology,Data Analyst - Remote | WFH,79968,looker,analyst_tools
800868,Texas Workforce Commission,Data Analyst (Remote),79415.5,sql,programming
800868,Texas Workforce Commission,Data Analyst (Remote),79415.5,python,programming
800868,Texas Workforce Commission,Data Analyst (Remote),79415.5,r,programming
800868,Texas Workforce Commission,Data Analyst (Remote),79415.5,go,programming
800868,Texas Workforce Commission,Data Analyst (Remote),79415.5,sas,programming
800868,Texas Workforce Commission,Data Analyst (Remote),79415.5,tableau,analyst_tools
800868,Texas Workforce Commission,Data Analyst (Remote),79415.5,power bi,analyst_tools
800868,Texas Workforce Commission,Data Analyst (Remote),79415.5,spss,analyst_tools
800868,Texas Workforce Commission,Data Analyst (Remote),79415.5,sas,analyst_tools
800868,Texas Workforce Commission,Data Analyst (Remote),79415.5,microsoft teams,sync
739108,Texas Workforce Commission,Data Analyst (Remote),79415.5,sql,programming
739108,Texas Workforce Commission,Data Analyst (Remote),79415.5,python,programming
739108,Texas Workforce Commission,Data Analyst (Remote),79415.5,r,programming
739108,Texas Workforce Commission,Data Analyst (Remote),79415.5,go,programming
739108,Texas Workforce Commission,Data Analyst (Remote),79415.5,sas,programming
739108,Texas Workforce Commission,Data Analyst (Remote),79415.5,tableau,analyst_tools
739108,Texas Workforce Commission,Data Analyst (Remote),79415.5,power bi,analyst_tools
739108,Texas Workforce Commission,Data Analyst (Remote),79415.5,spss,analyst_tools
739108,Texas Workforce Commission,Data Analyst (Remote),79415.5,sas,analyst_tools
739108,Texas Workforce Commission,Data Analyst (Remote),79415.5,microsoft teams,sync
851717,Texas Workforce Commission,Data Analyst (Remote),79415.5,sql,programming
851717,Texas Workforce Commission,Data Analyst (Remote),79415.5,python,programming
851717,Texas Workforce Commission,Data Analyst (Remote),79415.5,r,programming
851717,Texas Workforce Commission,Data Analyst (Remote),79415.5,go,programming
851717,Texas Workforce Commission,Data Analyst (Remote),79415.5,sas,programming
851717,Texas Workforce Commission,Data Analyst (Remote),79415.5,tableau,analyst_tools
851717,Texas Workforce Commission,Data Analyst (Remote),79415.5,power bi,analyst_tools
851717,Texas Workforce Commission,Data Analyst (Remote),79415.5,spss,analyst_tools
851717,Texas Workforce Commission,Data Analyst (Remote),79415.5,sas,analyst_tools
851717,Texas Workforce Commission,Data Analyst (Remote),79415.5,microsoft teams,sync
686982,Teacher Retirement System of Texas,Health Data Analyst - Hybrid,79060.5,sql,programming
686982,Teacher Retirement System of Texas,Health Data Analyst - Hybrid,79060.5,python,programming
686982,Teacher Retirement System of Texas,Health Data Analyst - Hybrid,79060.5,r,programming
144630,Apex Systems,Remote - Data Analyst - Permanent - W2,79000,sql,programming
144630,Apex Systems,Remote - Data Analyst - Permanent - W2,79000,python,programming
144630,Apex Systems,Remote - Data Analyst - Permanent - W2,79000,c++,programming
144630,Apex Systems,Remote - Data Analyst - Permanent - W2,79000,c#,programming
187683,"Visual Connections, LLC",Data Analyst,78000,sql,programming
187683,"Visual Connections, LLC",Data Analyst,78000,python,programming
187683,"Visual Connections, LLC",Data Analyst,78000,r,programming
187683,"Visual Connections, LLC",Data Analyst,78000,sas,programming
187683,"Visual Connections, LLC",Data Analyst,78000,excel,analyst_tools
187683,"Visual Connections, LLC",Data Analyst,78000,word,analyst_tools
187683,"Visual Connections, LLC",Data Analyst,78000,sas,analyst_tools
187683,"Visual Connections, LLC",Data Analyst,78000,powerpoint,analyst_tools
187683,"Visual Connections, LLC",Data Analyst,78000,cognos,analyst_tools
187683,"Visual Connections, LLC",Data Analyst,78000,webex,sync
1080939,Get It Recruit - Hospitality,Research Data Analyst,78000,r,programming
1080939,Get It Recruit - Hospitality,Research Data Analyst,78000,sas,programming
1080939,Get It Recruit - Hospitality,Research Data Analyst,78000,sas,analyst_tools
938877,Get It Recruit - Information Technology,Healthcare Data Analyst,78000,sql,programming
938877,Get It Recruit - Information Technology,Healthcare Data Analyst,78000,python,programming
938877,Get It Recruit - Information Technology,Healthcare Data Analyst,78000,r,programming
938877,Get It Recruit - Information Technology,Healthcare Data Analyst,78000,sas,programming
938877,Get It Recruit - Information Technology,Healthcare Data Analyst,78000,tableau,analyst_tools
938877,Get It Recruit - Information Technology,Healthcare Data Analyst,78000,power bi,analyst_tools
938877,Get It Recruit - Information Technology,Healthcare Data Analyst,78000,spss,analyst_tools
938877,Get It Recruit - Information Technology,Healthcare Data Analyst,78000,sas,analyst_tools
928840,Get It Recruit - Information Technology,Healthcare Data Analyst,78000,sql,programming
928840,Get It Recruit - Information Technology,Healthcare Data Analyst,78000,python,programming
928840,Get It Recruit - Information Technology,Healthcare Data Analyst,78000,r,programming
928840,Get It Recruit - Information Technology,Healthcare Data Analyst,78000,sas,programming
928840,Get It Recruit - Information Technology,Healthcare Data Analyst,78000,tableau,analyst_tools
928840,Get It Recruit - Information Technology,Healthcare Data Analyst,78000,power bi,analyst_tools
928840,Get It Recruit - Information Technology,Healthcare Data Analyst,78000,spss,analyst_tools
928840,Get It Recruit - Information Technology,Healthcare Data Analyst,78000,sas,analyst_tools
1225376,State of Iowa,Data Analyst 1,77958.39844,looker,analyst_tools
1054389,ICF,Data Analyst (Remote),77945,power bi,analyst_tools
1054389,ICF,Data Analyst (Remote),77945,sharepoint,analyst_tools
1054389,ICF,Data Analyst (Remote),77945,jira,async
985967,ICF,Research Data Analyst- Early Education- REMOTE,77945,excel,analyst_tools
985967,ICF,Research Data Analyst- Early Education- REMOTE,77945,smartsheet,async
806342,Kaiko,Block chain engineer,77625,solidity,programming
806342,Kaiko,Block chain engineer,77625,golang,programming
806342,Kaiko,Block chain engineer,77625,node,webframeworks
806342,Kaiko,Block chain engineer,77625,word,analyst_tools
504186,Get It Recruit - Administrative,Northeast Territory Data Analyst,77500,excel,analyst_tools
504186,Get It Recruit - Administrative,Northeast Territory Data Analyst,77500,power bi,analyst_tools
504186,Get It Recruit - Administrative,Northeast Territory Data Analyst,77500,smartsheet,async
827610,Get It Recruit - Information Technology,Data Analyst,77500,sql,programming
827610,Get It Recruit - Information Technology,Data Analyst,77500,python,programming
827610,Get It Recruit - Information Technology,Data Analyst,77500,r,programming
827610,Get It Recruit - Information Technology,Data Analyst,77500,tableau,analyst_tools
827610,Get It Recruit - Information Technology,Data Analyst,77500,excel,analyst_tools
465195,Coders Data,Data Analyst,77500,sql,programming
465195,Coders Data,Data Analyst,77500,python,programming
465195,Coders Data,Data Analyst,77500,mysql,databases
465195,Coders Data,Data Analyst,77500,tableau,analyst_tools
465195,Coders Data,Data Analyst,77500,excel,analyst_tools
763525,JDC,Data Analyst,77500,excel,analyst_tools
99638,NBCUniversal,Product Specialist (Data Analytics) (Remote),77500,sql,programming
99638,NBCUniversal,Product Specialist (Data Analytics) (Remote),77500,excel,analyst_tools
99638,NBCUniversal,Product Specialist (Data Analytics) (Remote),77500,power bi,analyst_tools
99638,NBCUniversal,Product Specialist (Data Analytics) (Remote),77500,dax,analyst_tools
99638,NBCUniversal,Product Specialist (Data Analytics) (Remote),77500,jira,async
806255,Robert Half,Data Analyst,77500,sql,programming
806255,Robert Half,Data Analyst,77500,python,programming
806255,Robert Half,Data Analyst,77500,r,programming
806255,Robert Half,Data Analyst,77500,sql server,databases
806255,Robert Half,Data Analyst,77500,power bi,analyst_tools
806255,Robert Half,Data Analyst,77500,flow,other
621068,Simplex.,Data Analyst,77500,sql,programming
621068,Simplex.,Data Analyst,77500,python,programming
621068,Simplex.,Data Analyst,77500,sqlite,databases
621068,Simplex.,Data Analyst,77500,snowflake,cloud
621068,Simplex.,Data Analyst,77500,azure,cloud
1002309,JLL,Reliability Data Analyst,77500,spark,libraries
793452,Coders Data,Data analyst remote,77500,sql,programming
793452,Coders Data,Data analyst remote,77500,python,programming
793452,Coders Data,Data analyst remote,77500,power bi,analyst_tools
874734,Mission Valley Bank,Data Analyst - Hybrid,77500,sql,programming
874734,Mission Valley Bank,Data Analyst - Hybrid,77500,excel,analyst_tools
687197,Get It Recruit - Information Technology,Data Analyst,77500,sql,programming
687197,Get It Recruit - Information Technology,Data Analyst,77500,python,programming
686039,Simplex,Data Analyst,77500,sql,programming
686039,Simplex,Data Analyst,77500,python,programming
686039,Simplex,Data Analyst,77500,sqlite,databases
686039,Simplex,Data Analyst,77500,snowflake,cloud
686039,Simplex,Data Analyst,77500,azure,cloud
1038973,Demandbase,Data Analyst DSP,77500,sql,programming
1038973,Demandbase,Data Analyst DSP,77500,go,programming
1038973,Demandbase,Data Analyst DSP,77500,looker,analyst_tools
1038973,Demandbase,Data Analyst DSP,77500,word,analyst_tools
613034,Get It Recruit - Information Technology,Data Analysis and Production Support Analyst,77500,python,programming
613034,Get It Recruit - Information Technology,Data Analysis and Production Support Analyst,77500,jupyter,libraries
1316336,Sisters of Mary World Villages for Children,Raiser’s Edge Database Administrator,77500,go,programming
1316336,Sisters of Mary World Villages for Children,Raiser’s Edge Database Administrator,77500,excel,analyst_tools
405060,Wilbur-Ellis Company,"Data Analyst - CropSights, a Precision Ag Platform (Remote - Must...",77350,sql,programming
405060,Wilbur-Ellis Company,"Data Analyst - CropSights, a Precision Ag Platform (Remote - Must...",77350,python,programming
405060,Wilbur-Ellis Company,"Data Analyst - CropSights, a Precision Ag Platform (Remote - Must...",77350,r,programming
405060,Wilbur-Ellis Company,"Data Analyst - CropSights, a Precision Ag Platform (Remote - Must...",77350,excel,analyst_tools
1322652,Centene,Data Analyst II,77050,python,programming
1322652,Centene,Data Analyst II,77050,r,programming
937927,Get It Recruit - Information Technology,Healthcare Data Analyst,77000,sql,programming
937927,Get It Recruit - Information Technology,Healthcare Data Analyst,77000,excel,analyst_tools
937927,Get It Recruit - Information Technology,Healthcare Data Analyst,77000,microstrategy,analyst_tools
937927,Get It Recruit - Information Technology,Healthcare Data Analyst,77000,qlik,analyst_tools
1076424,Sicuro Data Analytics,Data Analyst Assistant,77000,r,programming
826240,Get It Recruit - Information Technology,Statistical Data Analyst,77000,sas,programming
826240,Get It Recruit - Information Technology,Statistical Data Analyst,77000,excel,analyst_tools
826240,Get It Recruit - Information Technology,Statistical Data Analyst,77000,sas,analyst_tools
927378,Get It Recruit - Information Technology,Healthcare Data Analyst,77000,sql,programming
927378,Get It Recruit - Information Technology,Healthcare Data Analyst,77000,excel,analyst_tools
927378,Get It Recruit - Information Technology,Healthcare Data Analyst,77000,microstrategy,analyst_tools
927378,Get It Recruit - Information Technology,Healthcare Data Analyst,77000,qlik,analyst_tools
933123,Offered.ai,Data Analyst,77000,r,programming
933123,Offered.ai,Data Analyst,77000,excel,analyst_tools
907647,mangrove,Data Analyst,77000,r,programming
907647,mangrove,Data Analyst,77000,excel,analyst_tools
195790,Get It Recruit - Information Technology,Information Protection Data Analyst - Remote | WFH,77000,sql,programming
195790,Get It Recruit - Information Technology,Information Protection Data Analyst - Remote | WFH,77000,python,programming
195790,Get It Recruit - Information Technology,Information Protection Data Analyst - Remote | WFH,77000,powershell,programming
195790,Get It Recruit - Information Technology,Information Protection Data Analyst - Remote | WFH,77000,sql server,databases
195790,Get It Recruit - Information Technology,Information Protection Data Analyst - Remote | WFH,77000,azure,cloud
195790,Get It Recruit - Information Technology,Information Protection Data Analyst - Remote | WFH,77000,excel,analyst_tools
195790,Get It Recruit - Information Technology,Information Protection Data Analyst - Remote | WFH,77000,powerpoint,analyst_tools
195790,Get It Recruit - Information Technology,Information Protection Data Analyst - Remote | WFH,77000,outlook,analyst_tools
742792,Get It Recruit - Healthcare,Data Analyst,76842,sql,programming
742792,Get It Recruit - Healthcare,Data Analyst,76842,sas,programming
742792,Get It Recruit - Healthcare,Data Analyst,76842,tableau,analyst_tools
742792,Get It Recruit - Healthcare,Data Analyst,76842,excel,analyst_tools
742792,Get It Recruit - Healthcare,Data Analyst,76842,alteryx,analyst_tools
742792,Get It Recruit - Healthcare,Data Analyst,76842,sas,analyst_tools
572821,Get It Recruit - Healthcare,Data Analyst,76783,sql,programming
975274,Missouri S&T,DATA ANALYST II (REMOTE),76600,sql,programming
975274,Missouri S&T,DATA ANALYST II (REMOTE),76600,python,programming
975274,Missouri S&T,DATA ANALYST II (REMOTE),76600,numpy,libraries
975274,Missouri S&T,DATA ANALYST II (REMOTE),76600,pandas,libraries
975274,Missouri S&T,DATA ANALYST II (REMOTE),76600,selenium,libraries
975274,Missouri S&T,DATA ANALYST II (REMOTE),76600,power bi,analyst_tools
1106311,Second Harvest Food Bank of Orange County,Data Analyst: Research & Impact,76599.5,go,programming
1106311,Second Harvest Food Bank of Orange County,Data Analyst: Research & Impact,76599.5,excel,analyst_tools
250363,Invitae,Data Analyst,76500,sql,programming
250363,Invitae,Data Analyst,76500,spring,libraries
250363,Invitae,Data Analyst,76500,tableau,analyst_tools
250363,Invitae,Data Analyst,76500,excel,analyst_tools
250363,Invitae,Data Analyst,76500,looker,analyst_tools
250363,Invitae,Data Analyst,76500,sheets,analyst_tools
358069,Stride inc,Data Analyst (Remote),76364.5,sql,programming
358069,Stride inc,Data Analyst (Remote),76364.5,vba,programming
358069,Stride inc,Data Analyst (Remote),76364.5,c,programming
358069,Stride inc,Data Analyst (Remote),76364.5,excel,analyst_tools
358069,Stride inc,Data Analyst (Remote),76364.5,word,analyst_tools
358069,Stride inc,Data Analyst (Remote),76364.5,powerpoint,analyst_tools
358069,Stride inc,Data Analyst (Remote),76364.5,sharepoint,analyst_tools
471924,Get It Recruit - Healthcare,Data Analyst,76007,sql,programming
471924,Get It Recruit - Healthcare,Data Analyst,76007,python,programming
471924,Get It Recruit - Healthcare,Data Analyst,76007,r,programming
471924,Get It Recruit - Healthcare,Data Analyst,76007,sas,programming
471924,Get It Recruit - Healthcare,Data Analyst,76007,matplotlib,libraries
471924,Get It Recruit - Healthcare,Data Analyst,76007,tableau,analyst_tools
471924,Get It Recruit - Healthcare,Data Analyst,76007,power bi,analyst_tools
471924,Get It Recruit - Healthcare,Data Analyst,76007,sas,analyst_tools
476443,Get It Recruit - Healthcare,Data Analyst,76007,excel,analyst_tools
1014059,Community Sponsorship Hub,Data Analyst,76000,sql,programming
1014059,Community Sponsorship Hub,Data Analyst,76000,python,programming
1014059,Community Sponsorship Hub,Data Analyst,76000,r,programming
1014059,Community Sponsorship Hub,Data Analyst,76000,tableau,analyst_tools
1014059,Community Sponsorship Hub,Data Analyst,76000,excel,analyst_tools
1014059,Community Sponsorship Hub,Data Analyst,76000,looker,analyst_tools
1014059,Community Sponsorship Hub,Data Analyst,76000,power bi,analyst_tools
1014059,Community Sponsorship Hub,Data Analyst,76000,sheets,analyst_tools
76407,UiPath,GTM Revenue Operations Data Analyst,76000,go,programming
76407,UiPath,GTM Revenue Operations Data Analyst,76000,tableau,analyst_tools
76407,UiPath,GTM Revenue Operations Data Analyst,76000,excel,analyst_tools
76407,UiPath,GTM Revenue Operations Data Analyst,76000,powerpoint,analyst_tools
793114,Get It Recruit - Administrative,Junior Data Analyst-Junior Data Analysts,76000,spring,libraries
793117,Get It Recruit - Administrative,Data Analyst,76000,sql,programming
793117,Get It Recruit - Administrative,Data Analyst,76000,python,programming
793117,Get It Recruit - Administrative,Data Analyst,76000,tableau,analyst_tools
793117,Get It Recruit - Administrative,Data Analyst,76000,excel,analyst_tools
475351,Get It Recruit - Transportation,Data Analyst,76000,sql,programming
475351,Get It Recruit - Transportation,Data Analyst,76000,excel,analyst_tools
877510,Get It Recruit - Transportation,Data Analyst,76000,excel,analyst_tools
837256,Get It Recruit - Transportation,Data Analyst,76000,sql,programming
877509,Get It Recruit - Transportation,Data Analyst,76000,excel,analyst_tools
819104,Get It Recruit - Transportation,Data Analyst,76000,sql,programming
819104,Get It Recruit - Transportation,Data Analyst,76000,vba,programming
819104,Get It Recruit - Transportation,Data Analyst,76000,excel,analyst_tools
584807,Get It Recruit - Marketing,Data Analyst,75566,sql,programming
584807,Get It Recruit - Marketing,Data Analyst,75566,tableau,analyst_tools
584807,Get It Recruit - Marketing,Data Analyst,75566,looker,analyst_tools
584807,Get It Recruit - Marketing,Data Analyst,75566,power bi,analyst_tools
105357,ServiceTitan,Data Analyst (Remote),75500,sql,programming
105357,ServiceTitan,Data Analyst (Remote),75500,snowflake,cloud
105357,ServiceTitan,Data Analyst (Remote),75500,azure,cloud
105357,ServiceTitan,Data Analyst (Remote),75500,aws,cloud
105357,ServiceTitan,Data Analyst (Remote),75500,tableau,analyst_tools
105357,ServiceTitan,Data Analyst (Remote),75500,flow,other
460475,Teacher Retirement System of Texas,Health Data Analyst - Remote,75296,sql,programming
460475,Teacher Retirement System of Texas,Health Data Analyst - Remote,75296,python,programming
460475,Teacher Retirement System of Texas,Health Data Analyst - Remote,75296,r,programming
600859,Memorial Sloan Kettering Cancer Center,"Data Analyst - Department of Surgery/JRSC (Greater NYC Area, NY or...",75250,sql,programming
600859,Memorial Sloan Kettering Cancer Center,"Data Analyst - Department of Surgery/JRSC (Greater NYC Area, NY or...",75250,r,programming
600859,Memorial Sloan Kettering Cancer Center,"Data Analyst - Department of Surgery/JRSC (Greater NYC Area, NY or...",75250,go,programming
600859,Memorial Sloan Kettering Cancer Center,"Data Analyst - Department of Surgery/JRSC (Greater NYC Area, NY or...",75250,tableau,analyst_tools
600859,Memorial Sloan Kettering Cancer Center,"Data Analyst - Department of Surgery/JRSC (Greater NYC Area, NY or...",75250,excel,analyst_tools
722229,Get It Recruit - Hospitality,Data Analyst,75000,excel,analyst_tools
722229,Get It Recruit - Hospitality,Data Analyst,75000,powerpoint,analyst_tools
1079630,Get It Recruit - Administrative,Entry-Level Remote Data Analyst,75000,sql,programming
1079630,Get It Recruit - Administrative,Entry-Level Remote Data Analyst,75000,python,programming
1079630,Get It Recruit - Administrative,Entry-Level Remote Data Analyst,75000,r,programming
1079630,Get It Recruit - Administrative,Entry-Level Remote Data Analyst,75000,tableau,analyst_tools
1079630,Get It Recruit - Administrative,Entry-Level Remote Data Analyst,75000,power bi,analyst_tools
453304,Patterned Learning AI,Junior Data Analyst,75000,sql,programming
453304,Patterned Learning AI,Junior Data Analyst,75000,excel,analyst_tools
453304,Patterned Learning AI,Junior Data Analyst,75000,sheets,analyst_tools
1079376,Get It Recruit - Administrative,Entry/Junior Data Analyst,75000,python,programming
1079376,Get It Recruit - Administrative,Entry/Junior Data Analyst,75000,java,programming
1079376,Get It Recruit - Administrative,Entry/Junior Data Analyst,75000,databricks,cloud
1079376,Get It Recruit - Administrative,Entry/Junior Data Analyst,75000,tensorflow,libraries
1079376,Get It Recruit - Administrative,Entry/Junior Data Analyst,75000,tableau,analyst_tools
450884,Patterned Learning AI,Junior Data Analyst - US/Canada,75000,sql,programming
450884,Patterned Learning AI,Junior Data Analyst - US/Canada,75000,excel,analyst_tools
450884,Patterned Learning AI,Junior Data Analyst - US/Canada,75000,sheets,analyst_tools
115321,Zunch Staffing,"DATA ANALYST - We offer career advancement, a work-life balance...",75000,sql,programming
115321,Zunch Staffing,"DATA ANALYST - We offer career advancement, a work-life balance...",75000,sas,programming
115321,Zunch Staffing,"DATA ANALYST - We offer career advancement, a work-life balance...",75000,spss,analyst_tools
115321,Zunch Staffing,"DATA ANALYST - We offer career advancement, a work-life balance...",75000,sas,analyst_tools
1060130,Get It Recruit - Transportation,Supply Chain Data Analyst,75000,sql,programming
1060130,Get It Recruit - Transportation,Supply Chain Data Analyst,75000,tableau,analyst_tools
1060130,Get It Recruit - Transportation,Supply Chain Data Analyst,75000,excel,analyst_tools
1060130,Get It Recruit - Transportation,Supply Chain Data Analyst,75000,power bi,analyst_tools
1060130,Get It Recruit - Transportation,Supply Chain Data Analyst,75000,planner,async
1058677,Get It Recruit - Administrative,Virtual Data Analyst,75000,sql,programming
1058677,Get It Recruit - Administrative,Virtual Data Analyst,75000,python,programming
1058677,Get It Recruit - Administrative,Virtual Data Analyst,75000,r,programming
1058677,Get It Recruit - Administrative,Virtual Data Analyst,75000,tableau,analyst_tools
1058677,Get It Recruit - Administrative,Virtual Data Analyst,75000,power bi,analyst_tools
826242,Get It Recruit - Information Technology,Business Data Analyst,75000,sql,programming
826242,Get It Recruit - Information Technology,Business Data Analyst,75000,python,programming
826242,Get It Recruit - Information Technology,Business Data Analyst,75000,r,programming
826242,Get It Recruit - Information Technology,Business Data Analyst,75000,sas,programming
826242,Get It Recruit - Information Technology,Business Data Analyst,75000,snowflake,cloud
826242,Get It Recruit - Information Technology,Business Data Analyst,75000,tableau,analyst_tools
826242,Get It Recruit - Information Technology,Business Data Analyst,75000,sas,analyst_tools
920688,University of Georgia,Data Analyst II,75000,sql,programming
920688,University of Georgia,Data Analyst II,75000,python,programming
920688,University of Georgia,Data Analyst II,75000,r,programming
920688,University of Georgia,Data Analyst II,75000,sas,programming
920688,University of Georgia,Data Analyst II,75000,tableau,analyst_tools
920688,University of Georgia,Data Analyst II,75000,power bi,analyst_tools
920688,University of Georgia,Data Analyst II,75000,sas,analyst_tools
43617,In Technology Group Inc (US),Data Analyst,75000,sql,programming
43617,In Technology Group Inc (US),Data Analyst,75000,python,programming
43617,In Technology Group Inc (US),Data Analyst,75000,snowflake,cloud
43617,In Technology Group Inc (US),Data Analyst,75000,tableau,analyst_tools
43617,In Technology Group Inc (US),Data Analyst,75000,excel,analyst_tools
43617,In Technology Group Inc (US),Data Analyst,75000,power bi,analyst_tools
839883,CoMetrics,Data Analyst,75000,sql,programming
839883,CoMetrics,Data Analyst,75000,python,programming
839883,CoMetrics,Data Analyst,75000,r,programming
839883,CoMetrics,Data Analyst,75000,excel,analyst_tools
839883,CoMetrics,Data Analyst,75000,power bi,analyst_tools
839883,CoMetrics,Data Analyst,75000,powerpoint,analyst_tools
1028398,Get It Recruit - Information Technology,Associate Research Analyst - Aviation Operational Data Analyst,75000,sql,programming
1028398,Get It Recruit - Information Technology,Associate Research Analyst - Aviation Operational Data Analyst,75000,python,programming
1028398,Get It Recruit - Information Technology,Associate Research Analyst - Aviation Operational Data Analyst,75000,r,programming
1028398,Get It Recruit - Information Technology,Associate Research Analyst - Aviation Operational Data Analyst,75000,powerpoint,analyst_tools
222722,Chicken of the Sea,HR Jr. Data Analyst,75000,spark,libraries
222722,Chicken of the Sea,HR Jr. Data Analyst,75000,excel,analyst_tools
222722,Chicken of the Sea,HR Jr. Data Analyst,75000,powerpoint,analyst_tools
234598,hackajob,Data Analyst,75000,sql,programming
234598,hackajob,Data Analyst,75000,python,programming
234598,hackajob,Data Analyst,75000,r,programming
234598,hackajob,Data Analyst,75000,matlab,programming
234598,hackajob,Data Analyst,75000,java,programming
234598,hackajob,Data Analyst,75000,c++,programming
234598,hackajob,Data Analyst,75000,c#,programming
82233,Chicken of the Sea,HR Data Analyst,75000,spark,libraries
82233,Chicken of the Sea,HR Data Analyst,75000,excel,analyst_tools
82233,Chicken of the Sea,HR Data Analyst,75000,powerpoint,analyst_tools
1025369,Get It Recruit - Executive,Data Analyst,75000,excel,analyst_tools
420766,Beyond 12,Associate Data Analyst,75000,sql,programming
420766,Beyond 12,Associate Data Analyst,75000,python,programming
420766,Beyond 12,Associate Data Analyst,75000,excel,analyst_tools
420766,Beyond 12,Associate Data Analyst,75000,looker,analyst_tools
1068166,Get It Recruit - Administrative,Entry-Level Remote Virtual Data Analyst,75000,sql,programming
1068166,Get It Recruit - Administrative,Entry-Level Remote Virtual Data Analyst,75000,python,programming
1068166,Get It Recruit - Administrative,Entry-Level Remote Virtual Data Analyst,75000,r,programming
1068166,Get It Recruit - Administrative,Entry-Level Remote Virtual Data Analyst,75000,tableau,analyst_tools
1068166,Get It Recruit - Administrative,Entry-Level Remote Virtual Data Analyst,75000,power bi,analyst_tools
502134,Health Choice Network,Research Data Analyst,75000,sql,programming
502134,Health Choice Network,Research Data Analyst,75000,sql server,databases
502134,Health Choice Network,Research Data Analyst,75000,word,analyst_tools
718476,MaryRuth's,"Data Analyst, Category Management & Demand Planning",75000,excel,analyst_tools
718476,MaryRuth's,"Data Analyst, Category Management & Demand Planning",75000,sap,analyst_tools
718476,MaryRuth's,"Data Analyst, Category Management & Demand Planning",75000,flow,other
456061,Patterned Learning AI,Junior Data BI Analyst,75000,sql,programming
456061,Patterned Learning AI,Junior Data BI Analyst,75000,nosql,programming
456061,Patterned Learning AI,Junior Data BI Analyst,75000,vba,programming
456061,Patterned Learning AI,Junior Data BI Analyst,75000,oracle,cloud
456061,Patterned Learning AI,Junior Data BI Analyst,75000,hadoop,libraries
456061,Patterned Learning AI,Junior Data BI Analyst,75000,tableau,analyst_tools
456061,Patterned Learning AI,Junior Data BI Analyst,75000,excel,analyst_tools
515129,Health Choice Network,Research Data Analyst,75000,sql,programming
515129,Health Choice Network,Research Data Analyst,75000,sql server,databases
515129,Health Choice Network,Research Data Analyst,75000,word,analyst_tools
721149,Get It Recruit - Information Technology,Data Analyst,75000,excel,analyst_tools
721149,Get It Recruit - Information Technology,Data Analyst,75000,powerpoint,analyst_tools
434030,KodeKloud,Data Analyst - SaaS - EdTech,75000,sql,programming
434030,KodeKloud,Data Analyst - SaaS - EdTech,75000,hadoop,libraries
434030,KodeKloud,Data Analyst - SaaS - EdTech,75000,tableau,analyst_tools
434030,KodeKloud,Data Analyst - SaaS - EdTech,75000,power bi,analyst_tools
507938,Get It Recruit - Transportation,Supply Chain Data Analyst,75000,excel,analyst_tools
507938,Get It Recruit - Transportation,Supply Chain Data Analyst,75000,power bi,analyst_tools
539859,Engage Partners Inc.,Data Analyst/Epic Cogito,75000,sql,programming
539859,Engage Partners Inc.,Data Analyst/Epic Cogito,75000,tableau,analyst_tools
176643,CyberCoders,"Data Analyst - ggplot2, R, SQL, Python- Remote",75000,sql,programming
176643,CyberCoders,"Data Analyst - ggplot2, R, SQL, Python- Remote",75000,python,programming
176643,CyberCoders,"Data Analyst - ggplot2, R, SQL, Python- Remote",75000,r,programming
176643,CyberCoders,"Data Analyst - ggplot2, R, SQL, Python- Remote",75000,ggplot2,libraries
176643,CyberCoders,"Data Analyst - ggplot2, R, SQL, Python- Remote",75000,word,analyst_tools
498996,Southern California University,Research Data Analyst,74500,r,programming
498996,Southern California University,Research Data Analyst,74500,sas,programming
498996,Southern California University,Research Data Analyst,74500,tableau,analyst_tools
498996,Southern California University,Research Data Analyst,74500,excel,analyst_tools
498996,Southern California University,Research Data Analyst,74500,word,analyst_tools
498996,Southern California University,Research Data Analyst,74500,spss,analyst_tools
498996,Southern California University,Research Data Analyst,74500,sas,analyst_tools
498996,Southern California University,Research Data Analyst,74500,powerpoint,analyst_tools
1296381,Milliman,Healthcare Data Analyst (MedInsight),74500,sql,programming
1296381,Milliman,Healthcare Data Analyst (MedInsight),74500,python,programming
308991,NCUA,Data Scientist/Financial Data Analyst,74224.5,python,programming
308991,NCUA,Data Scientist/Financial Data Analyst,74224.5,r,programming
308991,NCUA,Data Scientist/Financial Data Analyst,74224.5,c,programming
924437,Get It Recruit - Healthcare,Healthcare Data Analyst,74169,sql,programming
924437,Get It Recruit - Healthcare,Healthcare Data Analyst,74169,python,programming
924437,Get It Recruit - Healthcare,Healthcare Data Analyst,74169,tableau,analyst_tools
1486357,Johns Hopkins University,Business Intelligence Data Analyst,74100,sql,programming
1486357,Johns Hopkins University,Business Intelligence Data Analyst,74100,python,programming
1486357,Johns Hopkins University,Business Intelligence Data Analyst,74100,r,programming
1486357,Johns Hopkins University,Business Intelligence Data Analyst,74100,sql server,databases
1486357,Johns Hopkins University,Business Intelligence Data Analyst,74100,snowflake,cloud
1486357,Johns Hopkins University,Business Intelligence Data Analyst,74100,azure,cloud
1486357,Johns Hopkins University,Business Intelligence Data Analyst,74100,windows,os
1486357,Johns Hopkins University,Business Intelligence Data Analyst,74100,tableau,analyst_tools
1486357,Johns Hopkins University,Business Intelligence Data Analyst,74100,power bi,analyst_tools
896411,Centene Corporation,Data Analyst I (Healthcare Analytics),74050,python,programming
896411,Centene Corporation,Data Analyst I (Healthcare Analytics),74050,r,programming
859010,Centene Corporation,Data Analyst I (Healthcare Analytics),74050,python,programming
859010,Centene Corporation,Data Analyst I (Healthcare Analytics),74050,r,programming
743330,Get It Recruit - Healthcare,Healthcare Data Analyst,74049,sql,programming
743330,Get It Recruit - Healthcare,Healthcare Data Analyst,74049,python,programming
743330,Get It Recruit - Healthcare,Healthcare Data Analyst,74049,r,programming
743330,Get It Recruit - Healthcare,Healthcare Data Analyst,74049,sas,programming
743330,Get It Recruit - Healthcare,Healthcare Data Analyst,74049,sas,analyst_tools
743330,Get It Recruit - Healthcare,Healthcare Data Analyst,74049,jira,async
1048394,Get It Recruit - Transportation,Exciting Opportunity: Supply Chain Data Analyst,74000,tableau,analyst_tools
1048394,Get It Recruit - Transportation,Exciting Opportunity: Supply Chain Data Analyst,74000,excel,analyst_tools
1048394,Get It Recruit - Transportation,Exciting Opportunity: Supply Chain Data Analyst,74000,alteryx,analyst_tools
1048393,Get It Recruit - Transportation,Supply Chain Data Analyst,74000,tableau,analyst_tools
1048393,Get It Recruit - Transportation,Supply Chain Data Analyst,74000,excel,analyst_tools
1048393,Get It Recruit - Transportation,Supply Chain Data Analyst,74000,power bi,analyst_tools
1048393,Get It Recruit - Transportation,Supply Chain Data Analyst,74000,qlik,analyst_tools
426902,Applied Engineering Management Corporation,Data Analyst,74000,python,programming
426902,Applied Engineering Management Corporation,Data Analyst,74000,r,programming
426902,Applied Engineering Management Corporation,Data Analyst,74000,sas,programming
426902,Applied Engineering Management Corporation,Data Analyst,74000,excel,analyst_tools
426902,Applied Engineering Management Corporation,Data Analyst,74000,sas,analyst_tools
195062,Retriever Medial Dental Payments LLC,Data Analyst (Remote),74000,sql,programming
195062,Retriever Medial Dental Payments LLC,Data Analyst (Remote),74000,python,programming
195062,Retriever Medial Dental Payments LLC,Data Analyst (Remote),74000,r,programming
195062,Retriever Medial Dental Payments LLC,Data Analyst (Remote),74000,vba,programming
195062,Retriever Medial Dental Payments LLC,Data Analyst (Remote),74000,sql server,databases
195062,Retriever Medial Dental Payments LLC,Data Analyst (Remote),74000,tableau,analyst_tools
195062,Retriever Medial Dental Payments LLC,Data Analyst (Remote),74000,excel,analyst_tools
1087311,Get It Recruit - Transportation,"Supply Chain Analyst in Plano, TX - Data Analysis and Forecasting...",74000,excel,analyst_tools
952352,"FocusKPI, Inc.",Junior Data Analyst,73920,sql,programming
952352,"FocusKPI, Inc.",Junior Data Analyst,73920,python,programming
952352,"FocusKPI, Inc.",Junior Data Analyst,73920,tableau,analyst_tools
668751,Get It Recruit - Healthcare,Data Insight Analyst,73696,sql,programming
668751,Get It Recruit - Healthcare,Data Insight Analyst,73696,tableau,analyst_tools
668751,Get It Recruit - Healthcare,Data Insight Analyst,73696,excel,analyst_tools
1025738,Talentify.io,Data Analyst with Swagger/API exp - REMOTE,73692,sql,programming
1025738,Talentify.io,Data Analyst with Swagger/API exp - REMOTE,73692,python,programming
1025738,Talentify.io,Data Analyst with Swagger/API exp - REMOTE,73692,aws,cloud
1051751,Talentify.io,Data Analyst with MDM experience - REMOTE,73692,snowflake,cloud
1051751,Talentify.io,Data Analyst with MDM experience - REMOTE,73692,bigquery,cloud
737745,Get It Recruit - Healthcare,Medicare Compliance Data Analyst,73631,sql,programming
737745,Get It Recruit - Healthcare,Medicare Compliance Data Analyst,73631,excel,analyst_tools
737745,Get It Recruit - Healthcare,Medicare Compliance Data Analyst,73631,alteryx,analyst_tools
737745,Get It Recruit - Healthcare,Medicare Compliance Data Analyst,73631,powerpoint,analyst_tools
986223,F5,Data Quality Analyst I,73590,python,programming
986223,F5,Data Quality Analyst I,73590,snowflake,cloud
986223,F5,Data Quality Analyst I,73590,excel,analyst_tools
780075,Get It Recruit - Finance,Financial Data Analyst,73000,sql,programming
780075,Get It Recruit - Finance,Financial Data Analyst,73000,python,programming
780075,Get It Recruit - Finance,Financial Data Analyst,73000,vba,programming
780075,Get It Recruit - Finance,Financial Data Analyst,73000,tableau,analyst_tools
780075,Get It Recruit - Finance,Financial Data Analyst,73000,excel,analyst_tools
780075,Get It Recruit - Finance,Financial Data Analyst,73000,power bi,analyst_tools
780075,Get It Recruit - Finance,Financial Data Analyst,73000,dax,analyst_tools
100264,Center for Open Science,Research Scientist (Remote),73000,r,programming
769083,Get It Recruit - Information Technology,Pricing Data Analyst,72500,excel,analyst_tools
769083,Get It Recruit - Information Technology,Pricing Data Analyst,72500,sap,analyst_tools
950135,hackajob,Data Analyst,72500,sql,programming
950135,hackajob,Data Analyst,72500,python,programming
346232,CyberCoders,Digital Marketing Data Analyst,72500,sql,programming
346232,CyberCoders,Digital Marketing Data Analyst,72500,tableau,analyst_tools
346232,CyberCoders,Digital Marketing Data Analyst,72500,excel,analyst_tools
346232,CyberCoders,Digital Marketing Data Analyst,72500,looker,analyst_tools
346232,CyberCoders,Digital Marketing Data Analyst,72500,power bi,analyst_tools
263559,"Global Healthcare Exchange, Inc.",Data Analyst III,72500,sql,programming
263559,"Global Healthcare Exchange, Inc.",Data Analyst III,72500,python,programming
263559,"Global Healthcare Exchange, Inc.",Data Analyst III,72500,r,programming
263559,"Global Healthcare Exchange, Inc.",Data Analyst III,72500,excel,analyst_tools
263559,"Global Healthcare Exchange, Inc.",Data Analyst III,72500,gitlab,other
616781,CharterUP,Contact Center Data Analyst,72500,erlang,programming
616781,CharterUP,Contact Center Data Analyst,72500,express,webframeworks
616781,CharterUP,Contact Center Data Analyst,72500,tableau,analyst_tools
616781,CharterUP,Contact Center Data Analyst,72500,excel,analyst_tools
616781,CharterUP,Contact Center Data Analyst,72500,power bi,analyst_tools
616781,CharterUP,Contact Center Data Analyst,72500,sheets,analyst_tools
110378,Insight Global,Data Analyst,72500,sql,programming
110378,Insight Global,Data Analyst,72500,excel,analyst_tools
483128,Bluesight,Data Analyst,72500,sql,programming
483128,Bluesight,Data Analyst,72500,python,programming
483128,Bluesight,Data Analyst,72500,r,programming
483128,Bluesight,Data Analyst,72500,ruby,programming
483128,Bluesight,Data Analyst,72500,ruby,webframeworks
483128,Bluesight,Data Analyst,72500,excel,analyst_tools
483128,Bluesight,Data Analyst,72500,sheets,analyst_tools
855676,Get It Recruit - Administrative,Data Quality Analyst,72500,sql,programming
217627,Every Body Texas,Data Analyst,72500,sql,programming
217627,Every Body Texas,Data Analyst,72500,r,programming
217627,Every Body Texas,Data Analyst,72500,azure,cloud
217627,Every Body Texas,Data Analyst,72500,power bi,analyst_tools
217627,Every Body Texas,Data Analyst,72500,spss,analyst_tools
92847,Coda Staffing,Data Analyst Marketing,72500,sql,programming
92847,Coda Staffing,Data Analyst Marketing,72500,python,programming
92847,Coda Staffing,Data Analyst Marketing,72500,r,programming
92847,Coda Staffing,Data Analyst Marketing,72500,sas,programming
92847,Coda Staffing,Data Analyst Marketing,72500,matplotlib,libraries
92847,Coda Staffing,Data Analyst Marketing,72500,plotly,libraries
92847,Coda Staffing,Data Analyst Marketing,72500,seaborn,libraries
92847,Coda Staffing,Data Analyst Marketing,72500,spss,analyst_tools
92847,Coda Staffing,Data Analyst Marketing,72500,sas,analyst_tools
458794,Get It Recruit - Transportation,Junior Business/Data Analyst,72000,sql,programming
458794,Get It Recruit - Transportation,Junior Business/Data Analyst,72000,nosql,programming
904213,Get It Recruit - Finance,Healthcare Data Analyst,72000,sql,programming
38905,CVS Health,Data Analyst,71850,sql,programming
38905,CVS Health,Data Analyst,71850,python,programming
38905,CVS Health,Data Analyst,71850,r,programming
38905,CVS Health,Data Analyst,71850,phoenix,webframeworks
38905,CVS Health,Data Analyst,71850,tableau,analyst_tools
253243,CVS Health,Financial Data Analyst,71850,sql,programming
1414214,Kano,Intermediate Game Data Analyst,71500,sql,programming
1414214,Kano,Intermediate Game Data Analyst,71500,python,programming
1414214,Kano,Intermediate Game Data Analyst,71500,r,programming
1414214,Kano,Intermediate Game Data Analyst,71500,snowflake,cloud
1414214,Kano,Intermediate Game Data Analyst,71500,azure,cloud
1414214,Kano,Intermediate Game Data Analyst,71500,aws,cloud
1414214,Kano,Intermediate Game Data Analyst,71500,gcp,cloud
1414214,Kano,Intermediate Game Data Analyst,71500,redshift,cloud
1414214,Kano,Intermediate Game Data Analyst,71500,bigquery,cloud
1414214,Kano,Intermediate Game Data Analyst,71500,pytorch,libraries
1414214,Kano,Intermediate Game Data Analyst,71500,keras,libraries
1414214,Kano,Intermediate Game Data Analyst,71500,matplotlib,libraries
1414214,Kano,Intermediate Game Data Analyst,71500,numpy,libraries
1414214,Kano,Intermediate Game Data Analyst,71500,tensorflow,libraries
1414214,Kano,Intermediate Game Data Analyst,71500,pandas,libraries
1414214,Kano,Intermediate Game Data Analyst,71500,tableau,analyst_tools
1414214,Kano,Intermediate Game Data Analyst,71500,power bi,analyst_tools
1398715,Kano,Intermediate Game Data Analyst,71500,sql,programming
1398715,Kano,Intermediate Game Data Analyst,71500,python,programming
1398715,Kano,Intermediate Game Data Analyst,71500,r,programming
1398715,Kano,Intermediate Game Data Analyst,71500,snowflake,cloud
1398715,Kano,Intermediate Game Data Analyst,71500,azure,cloud
1398715,Kano,Intermediate Game Data Analyst,71500,aws,cloud
1398715,Kano,Intermediate Game Data Analyst,71500,gcp,cloud
1398715,Kano,Intermediate Game Data Analyst,71500,redshift,cloud
1398715,Kano,Intermediate Game Data Analyst,71500,bigquery,cloud
1398715,Kano,Intermediate Game Data Analyst,71500,pytorch,libraries
1398715,Kano,Intermediate Game Data Analyst,71500,keras,libraries
1398715,Kano,Intermediate Game Data Analyst,71500,matplotlib,libraries
1398715,Kano,Intermediate Game Data Analyst,71500,numpy,libraries
1398715,Kano,Intermediate Game Data Analyst,71500,tensorflow,libraries
1398715,Kano,Intermediate Game Data Analyst,71500,pandas,libraries
1398715,Kano,Intermediate Game Data Analyst,71500,tableau,analyst_tools
1398715,Kano,Intermediate Game Data Analyst,71500,power bi,analyst_tools
1372521,Kano,Intermediate Game Data Analyst,71500,sql,programming
1372521,Kano,Intermediate Game Data Analyst,71500,python,programming
1372521,Kano,Intermediate Game Data Analyst,71500,r,programming
1372521,Kano,Intermediate Game Data Analyst,71500,snowflake,cloud
1372521,Kano,Intermediate Game Data Analyst,71500,azure,cloud
1372521,Kano,Intermediate Game Data Analyst,71500,aws,cloud
1372521,Kano,Intermediate Game Data Analyst,71500,gcp,cloud
1372521,Kano,Intermediate Game Data Analyst,71500,redshift,cloud
1372521,Kano,Intermediate Game Data Analyst,71500,bigquery,cloud
1372521,Kano,Intermediate Game Data Analyst,71500,pytorch,libraries
1372521,Kano,Intermediate Game Data Analyst,71500,keras,libraries
1372521,Kano,Intermediate Game Data Analyst,71500,matplotlib,libraries
1372521,Kano,Intermediate Game Data Analyst,71500,numpy,libraries
1372521,Kano,Intermediate Game Data Analyst,71500,tensorflow,libraries
1372521,Kano,Intermediate Game Data Analyst,71500,pandas,libraries
1372521,Kano,Intermediate Game Data Analyst,71500,tableau,analyst_tools
1372521,Kano,Intermediate Game Data Analyst,71500,power bi,analyst_tools
1408453,Kano,Intermediate Game Data Analyst,71500,sql,programming
1408453,Kano,Intermediate Game Data Analyst,71500,python,programming
1408453,Kano,Intermediate Game Data Analyst,71500,r,programming
1408453,Kano,Intermediate Game Data Analyst,71500,snowflake,cloud
1408453,Kano,Intermediate Game Data Analyst,71500,azure,cloud
1408453,Kano,Intermediate Game Data Analyst,71500,aws,cloud
1408453,Kano,Intermediate Game Data Analyst,71500,gcp,cloud
1408453,Kano,Intermediate Game Data Analyst,71500,redshift,cloud
1408453,Kano,Intermediate Game Data Analyst,71500,bigquery,cloud
1408453,Kano,Intermediate Game Data Analyst,71500,pytorch,libraries
1408453,Kano,Intermediate Game Data Analyst,71500,keras,libraries
1408453,Kano,Intermediate Game Data Analyst,71500,matplotlib,libraries
1408453,Kano,Intermediate Game Data Analyst,71500,numpy,libraries
1408453,Kano,Intermediate Game Data Analyst,71500,tensorflow,libraries
1408453,Kano,Intermediate Game Data Analyst,71500,pandas,libraries
1408453,Kano,Intermediate Game Data Analyst,71500,tableau,analyst_tools
1408453,Kano,Intermediate Game Data Analyst,71500,power bi,analyst_tools
1384214,Kano,Intermediate Game Data Analyst,71500,sql,programming
1384214,Kano,Intermediate Game Data Analyst,71500,python,programming
1384214,Kano,Intermediate Game Data Analyst,71500,r,programming
1384214,Kano,Intermediate Game Data Analyst,71500,snowflake,cloud
1384214,Kano,Intermediate Game Data Analyst,71500,azure,cloud
1384214,Kano,Intermediate Game Data Analyst,71500,aws,cloud
1384214,Kano,Intermediate Game Data Analyst,71500,gcp,cloud
1384214,Kano,Intermediate Game Data Analyst,71500,redshift,cloud
1384214,Kano,Intermediate Game Data Analyst,71500,bigquery,cloud
1384214,Kano,Intermediate Game Data Analyst,71500,pytorch,libraries
1384214,Kano,Intermediate Game Data Analyst,71500,keras,libraries
1384214,Kano,Intermediate Game Data Analyst,71500,matplotlib,libraries
1384214,Kano,Intermediate Game Data Analyst,71500,numpy,libraries
1384214,Kano,Intermediate Game Data Analyst,71500,tensorflow,libraries
1384214,Kano,Intermediate Game Data Analyst,71500,pandas,libraries
1384214,Kano,Intermediate Game Data Analyst,71500,tableau,analyst_tools
1384214,Kano,Intermediate Game Data Analyst,71500,power bi,analyst_tools
1389344,Kano,Intermediate Game Data Analyst,71500,sql,programming
1389344,Kano,Intermediate Game Data Analyst,71500,python,programming
1389344,Kano,Intermediate Game Data Analyst,71500,r,programming
1389344,Kano,Intermediate Game Data Analyst,71500,snowflake,cloud
1389344,Kano,Intermediate Game Data Analyst,71500,azure,cloud
1389344,Kano,Intermediate Game Data Analyst,71500,aws,cloud
1389344,Kano,Intermediate Game Data Analyst,71500,gcp,cloud
1389344,Kano,Intermediate Game Data Analyst,71500,redshift,cloud
1389344,Kano,Intermediate Game Data Analyst,71500,bigquery,cloud
1389344,Kano,Intermediate Game Data Analyst,71500,pytorch,libraries
1389344,Kano,Intermediate Game Data Analyst,71500,keras,libraries
1389344,Kano,Intermediate Game Data Analyst,71500,matplotlib,libraries
1389344,Kano,Intermediate Game Data Analyst,71500,numpy,libraries
1389344,Kano,Intermediate Game Data Analyst,71500,tensorflow,libraries
1389344,Kano,Intermediate Game Data Analyst,71500,pandas,libraries
1389344,Kano,Intermediate Game Data Analyst,71500,tableau,analyst_tools
1389344,Kano,Intermediate Game Data Analyst,71500,power bi,analyst_tools
1392261,Kano,Intermediate Game Data Analyst,71500,sql,programming
1392261,Kano,Intermediate Game Data Analyst,71500,python,programming
1392261,Kano,Intermediate Game Data Analyst,71500,r,programming
1392261,Kano,Intermediate Game Data Analyst,71500,snowflake,cloud
1392261,Kano,Intermediate Game Data Analyst,71500,azure,cloud
1392261,Kano,Intermediate Game Data Analyst,71500,aws,cloud
1392261,Kano,Intermediate Game Data Analyst,71500,gcp,cloud
1392261,Kano,Intermediate Game Data Analyst,71500,redshift,cloud
1392261,Kano,Intermediate Game Data Analyst,71500,bigquery,cloud
1392261,Kano,Intermediate Game Data Analyst,71500,pytorch,libraries
1392261,Kano,Intermediate Game Data Analyst,71500,keras,libraries
1392261,Kano,Intermediate Game Data Analyst,71500,matplotlib,libraries
1392261,Kano,Intermediate Game Data Analyst,71500,numpy,libraries
1392261,Kano,Intermediate Game Data Analyst,71500,tensorflow,libraries
1392261,Kano,Intermediate Game Data Analyst,71500,pandas,libraries
1392261,Kano,Intermediate Game Data Analyst,71500,tableau,analyst_tools
1392261,Kano,Intermediate Game Data Analyst,71500,power bi,analyst_tools
1395122,Kano,Intermediate Game Data Analyst,71500,sql,programming
1395122,Kano,Intermediate Game Data Analyst,71500,python,programming
1395122,Kano,Intermediate Game Data Analyst,71500,r,programming
1395122,Kano,Intermediate Game Data Analyst,71500,snowflake,cloud
1395122,Kano,Intermediate Game Data Analyst,71500,azure,cloud
1395122,Kano,Intermediate Game Data Analyst,71500,aws,cloud
1395122,Kano,Intermediate Game Data Analyst,71500,gcp,cloud
1395122,Kano,Intermediate Game Data Analyst,71500,redshift,cloud
1395122,Kano,Intermediate Game Data Analyst,71500,bigquery,cloud
1395122,Kano,Intermediate Game Data Analyst,71500,pytorch,libraries
1395122,Kano,Intermediate Game Data Analyst,71500,keras,libraries
1395122,Kano,Intermediate Game Data Analyst,71500,matplotlib,libraries
1395122,Kano,Intermediate Game Data Analyst,71500,numpy,libraries
1395122,Kano,Intermediate Game Data Analyst,71500,tensorflow,libraries
1395122,Kano,Intermediate Game Data Analyst,71500,pandas,libraries
1395122,Kano,Intermediate Game Data Analyst,71500,tableau,analyst_tools
1395122,Kano,Intermediate Game Data Analyst,71500,power bi,analyst_tools
1411102,Kano,Intermediate Game Data Analyst,71500,sql,programming
1411102,Kano,Intermediate Game Data Analyst,71500,python,programming
1411102,Kano,Intermediate Game Data Analyst,71500,r,programming
1411102,Kano,Intermediate Game Data Analyst,71500,snowflake,cloud
1411102,Kano,Intermediate Game Data Analyst,71500,azure,cloud
1411102,Kano,Intermediate Game Data Analyst,71500,aws,cloud
1411102,Kano,Intermediate Game Data Analyst,71500,gcp,cloud
1411102,Kano,Intermediate Game Data Analyst,71500,redshift,cloud
1411102,Kano,Intermediate Game Data Analyst,71500,bigquery,cloud
1411102,Kano,Intermediate Game Data Analyst,71500,pytorch,libraries
1411102,Kano,Intermediate Game Data Analyst,71500,keras,libraries
1411102,Kano,Intermediate Game Data Analyst,71500,matplotlib,libraries
1411102,Kano,Intermediate Game Data Analyst,71500,numpy,libraries
1411102,Kano,Intermediate Game Data Analyst,71500,tensorflow,libraries
1411102,Kano,Intermediate Game Data Analyst,71500,pandas,libraries
1411102,Kano,Intermediate Game Data Analyst,71500,tableau,analyst_tools
1411102,Kano,Intermediate Game Data Analyst,71500,power bi,analyst_tools
1386854,Kano,Intermediate Game Data Analyst,71500,sql,programming
1386854,Kano,Intermediate Game Data Analyst,71500,python,programming
1386854,Kano,Intermediate Game Data Analyst,71500,r,programming
1386854,Kano,Intermediate Game Data Analyst,71500,snowflake,cloud
1386854,Kano,Intermediate Game Data Analyst,71500,azure,cloud
1386854,Kano,Intermediate Game Data Analyst,71500,aws,cloud
1386854,Kano,Intermediate Game Data Analyst,71500,gcp,cloud
1386854,Kano,Intermediate Game Data Analyst,71500,redshift,cloud
1386854,Kano,Intermediate Game Data Analyst,71500,bigquery,cloud
1386854,Kano,Intermediate Game Data Analyst,71500,pytorch,libraries
1386854,Kano,Intermediate Game Data Analyst,71500,keras,libraries
1386854,Kano,Intermediate Game Data Analyst,71500,matplotlib,libraries
1386854,Kano,Intermediate Game Data Analyst,71500,numpy,libraries
1386854,Kano,Intermediate Game Data Analyst,71500,tensorflow,libraries
1386854,Kano,Intermediate Game Data Analyst,71500,pandas,libraries
1386854,Kano,Intermediate Game Data Analyst,71500,tableau,analyst_tools
1386854,Kano,Intermediate Game Data Analyst,71500,power bi,analyst_tools
1378201,Kano,Intermediate Game Data Analyst,71500,sql,programming
1378201,Kano,Intermediate Game Data Analyst,71500,python,programming
1378201,Kano,Intermediate Game Data Analyst,71500,r,programming
1378201,Kano,Intermediate Game Data Analyst,71500,snowflake,cloud
1378201,Kano,Intermediate Game Data Analyst,71500,azure,cloud
1378201,Kano,Intermediate Game Data Analyst,71500,aws,cloud
1378201,Kano,Intermediate Game Data Analyst,71500,gcp,cloud
1378201,Kano,Intermediate Game Data Analyst,71500,redshift,cloud
1378201,Kano,Intermediate Game Data Analyst,71500,bigquery,cloud
1378201,Kano,Intermediate Game Data Analyst,71500,pytorch,libraries
1378201,Kano,Intermediate Game Data Analyst,71500,keras,libraries
1378201,Kano,Intermediate Game Data Analyst,71500,matplotlib,libraries
1378201,Kano,Intermediate Game Data Analyst,71500,numpy,libraries
1378201,Kano,Intermediate Game Data Analyst,71500,tensorflow,libraries
1378201,Kano,Intermediate Game Data Analyst,71500,pandas,libraries
1378201,Kano,Intermediate Game Data Analyst,71500,tableau,analyst_tools
1378201,Kano,Intermediate Game Data Analyst,71500,power bi,analyst_tools
1375220,Kano,Intermediate Game Data Analyst,71500,sql,programming
1375220,Kano,Intermediate Game Data Analyst,71500,python,programming
1375220,Kano,Intermediate Game Data Analyst,71500,r,programming
1375220,Kano,Intermediate Game Data Analyst,71500,snowflake,cloud
1375220,Kano,Intermediate Game Data Analyst,71500,azure,cloud
1375220,Kano,Intermediate Game Data Analyst,71500,aws,cloud
1375220,Kano,Intermediate Game Data Analyst,71500,gcp,cloud
1375220,Kano,Intermediate Game Data Analyst,71500,redshift,cloud
1375220,Kano,Intermediate Game Data Analyst,71500,bigquery,cloud
1375220,Kano,Intermediate Game Data Analyst,71500,pytorch,libraries
1375220,Kano,Intermediate Game Data Analyst,71500,keras,libraries
1375220,Kano,Intermediate Game Data Analyst,71500,matplotlib,libraries
1375220,Kano,Intermediate Game Data Analyst,71500,numpy,libraries
1375220,Kano,Intermediate Game Data Analyst,71500,tensorflow,libraries
1375220,Kano,Intermediate Game Data Analyst,71500,pandas,libraries
1375220,Kano,Intermediate Game Data Analyst,71500,tableau,analyst_tools
1375220,Kano,Intermediate Game Data Analyst,71500,power bi,analyst_tools
1405715,Kano,Intermediate Game Data Analyst,71500,sql,programming
1405715,Kano,Intermediate Game Data Analyst,71500,python,programming
1405715,Kano,Intermediate Game Data Analyst,71500,r,programming
1405715,Kano,Intermediate Game Data Analyst,71500,snowflake,cloud
1405715,Kano,Intermediate Game Data Analyst,71500,azure,cloud
1405715,Kano,Intermediate Game Data Analyst,71500,aws,cloud
1405715,Kano,Intermediate Game Data Analyst,71500,gcp,cloud
1405715,Kano,Intermediate Game Data Analyst,71500,redshift,cloud
1405715,Kano,Intermediate Game Data Analyst,71500,bigquery,cloud
1405715,Kano,Intermediate Game Data Analyst,71500,pytorch,libraries
1405715,Kano,Intermediate Game Data Analyst,71500,keras,libraries
1405715,Kano,Intermediate Game Data Analyst,71500,matplotlib,libraries
1405715,Kano,Intermediate Game Data Analyst,71500,numpy,libraries
1405715,Kano,Intermediate Game Data Analyst,71500,tensorflow,libraries
1405715,Kano,Intermediate Game Data Analyst,71500,pandas,libraries
1405715,Kano,Intermediate Game Data Analyst,71500,tableau,analyst_tools
1405715,Kano,Intermediate Game Data Analyst,71500,power bi,analyst_tools
1369908,Kano,Intermediate Game Data Analyst,71500,sql,programming
1369908,Kano,Intermediate Game Data Analyst,71500,python,programming
1369908,Kano,Intermediate Game Data Analyst,71500,r,programming
1369908,Kano,Intermediate Game Data Analyst,71500,snowflake,cloud
1369908,Kano,Intermediate Game Data Analyst,71500,azure,cloud
1369908,Kano,Intermediate Game Data Analyst,71500,aws,cloud
1369908,Kano,Intermediate Game Data Analyst,71500,gcp,cloud
1369908,Kano,Intermediate Game Data Analyst,71500,redshift,cloud
1369908,Kano,Intermediate Game Data Analyst,71500,bigquery,cloud
1369908,Kano,Intermediate Game Data Analyst,71500,pytorch,libraries
1369908,Kano,Intermediate Game Data Analyst,71500,keras,libraries
1369908,Kano,Intermediate Game Data Analyst,71500,matplotlib,libraries
1369908,Kano,Intermediate Game Data Analyst,71500,numpy,libraries
1369908,Kano,Intermediate Game Data Analyst,71500,tensorflow,libraries
1369908,Kano,Intermediate Game Data Analyst,71500,pandas,libraries
1369908,Kano,Intermediate Game Data Analyst,71500,tableau,analyst_tools
1369908,Kano,Intermediate Game Data Analyst,71500,power bi,analyst_tools
1381609,Kano,Intermediate Game Data Analyst,71500,sql,programming
1381609,Kano,Intermediate Game Data Analyst,71500,python,programming
1381609,Kano,Intermediate Game Data Analyst,71500,r,programming
1381609,Kano,Intermediate Game Data Analyst,71500,snowflake,cloud
1381609,Kano,Intermediate Game Data Analyst,71500,azure,cloud
1381609,Kano,Intermediate Game Data Analyst,71500,aws,cloud
1381609,Kano,Intermediate Game Data Analyst,71500,gcp,cloud
1381609,Kano,Intermediate Game Data Analyst,71500,redshift,cloud
1381609,Kano,Intermediate Game Data Analyst,71500,bigquery,cloud
1381609,Kano,Intermediate Game Data Analyst,71500,pytorch,libraries
1381609,Kano,Intermediate Game Data Analyst,71500,keras,libraries
1381609,Kano,Intermediate Game Data Analyst,71500,matplotlib,libraries
1381609,Kano,Intermediate Game Data Analyst,71500,numpy,libraries
1381609,Kano,Intermediate Game Data Analyst,71500,tensorflow,libraries
1381609,Kano,Intermediate Game Data Analyst,71500,pandas,libraries
1381609,Kano,Intermediate Game Data Analyst,71500,tableau,analyst_tools
1381609,Kano,Intermediate Game Data Analyst,71500,power bi,analyst_tools
1353437,Kano,Intermediate Game Data Analyst,71500,sql,programming
1353437,Kano,Intermediate Game Data Analyst,71500,python,programming
1353437,Kano,Intermediate Game Data Analyst,71500,r,programming
1353437,Kano,Intermediate Game Data Analyst,71500,snowflake,cloud
1353437,Kano,Intermediate Game Data Analyst,71500,azure,cloud
1353437,Kano,Intermediate Game Data Analyst,71500,aws,cloud
1353437,Kano,Intermediate Game Data Analyst,71500,gcp,cloud
1353437,Kano,Intermediate Game Data Analyst,71500,redshift,cloud
1353437,Kano,Intermediate Game Data Analyst,71500,bigquery,cloud
1353437,Kano,Intermediate Game Data Analyst,71500,pytorch,libraries
1353437,Kano,Intermediate Game Data Analyst,71500,keras,libraries
1353437,Kano,Intermediate Game Data Analyst,71500,matplotlib,libraries
1353437,Kano,Intermediate Game Data Analyst,71500,numpy,libraries
1353437,Kano,Intermediate Game Data Analyst,71500,tensorflow,libraries
1353437,Kano,Intermediate Game Data Analyst,71500,pandas,libraries
1353437,Kano,Intermediate Game Data Analyst,71500,tableau,analyst_tools
1353437,Kano,Intermediate Game Data Analyst,71500,power bi,analyst_tools
1402777,Kano,Intermediate Game Data Analyst,71500,sql,programming
1402777,Kano,Intermediate Game Data Analyst,71500,python,programming
1402777,Kano,Intermediate Game Data Analyst,71500,r,programming
1402777,Kano,Intermediate Game Data Analyst,71500,snowflake,cloud
1402777,Kano,Intermediate Game Data Analyst,71500,azure,cloud
1402777,Kano,Intermediate Game Data Analyst,71500,aws,cloud
1402777,Kano,Intermediate Game Data Analyst,71500,gcp,cloud
1402777,Kano,Intermediate Game Data Analyst,71500,redshift,cloud
1402777,Kano,Intermediate Game Data Analyst,71500,bigquery,cloud
1402777,Kano,Intermediate Game Data Analyst,71500,pytorch,libraries
1402777,Kano,Intermediate Game Data Analyst,71500,keras,libraries
1402777,Kano,Intermediate Game Data Analyst,71500,matplotlib,libraries
1402777,Kano,Intermediate Game Data Analyst,71500,numpy,libraries
1402777,Kano,Intermediate Game Data Analyst,71500,tensorflow,libraries
1402777,Kano,Intermediate Game Data Analyst,71500,pandas,libraries
1402777,Kano,Intermediate Game Data Analyst,71500,tableau,analyst_tools
1402777,Kano,Intermediate Game Data Analyst,71500,power bi,analyst_tools
739928,Get It Recruit - Information Technology,Data Analyst Intern,71000,sql,programming
739928,Get It Recruit - Information Technology,Data Analyst Intern,71000,python,programming
739928,Get It Recruit - Information Technology,Data Analyst Intern,71000,looker,analyst_tools
293829,Get It Recruit - Information Technology,Investment Operations Data Analyst,70500,sql,programming
1083922,Paylocity,Data Analyst,70447,sql,programming
1083922,Paylocity,Data Analyst,70447,r,programming
1083922,Paylocity,Data Analyst,70447,sas,programming
1083922,Paylocity,Data Analyst,70447,oracle,cloud
1083922,Paylocity,Data Analyst,70447,excel,analyst_tools
1083922,Paylocity,Data Analyst,70447,power bi,analyst_tools
1083922,Paylocity,Data Analyst,70447,sas,analyst_tools
1083922,Paylocity,Data Analyst,70447,monday.com,async
1250296,Humana,Data and Reporting Professional,70300,sql,programming
1250296,Humana,Data and Reporting Professional,70300,sas,programming
1250296,Humana,Data and Reporting Professional,70300,tableau,analyst_tools
1250296,Humana,Data and Reporting Professional,70300,excel,analyst_tools
1250296,Humana,Data and Reporting Professional,70300,power bi,analyst_tools
1250296,Humana,Data and Reporting Professional,70300,word,analyst_tools
1250296,Humana,Data and Reporting Professional,70300,sas,analyst_tools
1250296,Humana,Data and Reporting Professional,70300,powerpoint,analyst_tools
836012,OpenBlock Labs,Blockchain Data Analyst (Non-US),70000,sql,programming
836012,OpenBlock Labs,Blockchain Data Analyst (Non-US),70000,python,programming
836012,OpenBlock Labs,Blockchain Data Analyst (Non-US),70000,numpy,libraries
836012,OpenBlock Labs,Blockchain Data Analyst (Non-US),70000,pandas,libraries
836012,OpenBlock Labs,Blockchain Data Analyst (Non-US),70000,excel,analyst_tools
836012,OpenBlock Labs,Blockchain Data Analyst (Non-US),70000,github,other
336074,Zelo Digital Recruitment,Data Analyst,70000,sql,programming
336074,Zelo Digital Recruitment,Data Analyst,70000,python,programming
336074,Zelo Digital Recruitment,Data Analyst,70000,r,programming
336074,Zelo Digital Recruitment,Data Analyst,70000,tableau,analyst_tools
336074,Zelo Digital Recruitment,Data Analyst,70000,power bi,analyst_tools
757425,"Stafford Consulting Company, Inc.",Data Management Analyst- Remote,70000,powerpoint,analyst_tools
757425,"Stafford Consulting Company, Inc.",Data Management Analyst- Remote,70000,microsoft teams,sync
869066,Coders Data,Data Analyst,70000,sql,programming
869066,Coders Data,Data Analyst,70000,python,programming
1569443,Super.com,Staff Data Analyst,70000,sql,programming
1569443,Super.com,Staff Data Analyst,70000,python,programming
1569443,Super.com,Staff Data Analyst,70000,snowflake,cloud
1291340,Ryder System,HR Data Analyst- REMOTE,70000,tableau,analyst_tools
1291340,Ryder System,HR Data Analyst- REMOTE,70000,excel,analyst_tools
1291340,Ryder System,HR Data Analyst- REMOTE,70000,word,analyst_tools
1291340,Ryder System,HR Data Analyst- REMOTE,70000,powerpoint,analyst_tools
1291340,Ryder System,HR Data Analyst- REMOTE,70000,sharepoint,analyst_tools
674437,Class Action Capital Recovery LLC,Data Analyst,70000,sql,programming
674437,Class Action Capital Recovery LLC,Data Analyst,70000,excel,analyst_tools
582783,Pentasia,Fraud Data Analyst,70000,sql,programming
582783,Pentasia,Fraud Data Analyst,70000,python,programming
582783,Pentasia,Fraud Data Analyst,70000,r,programming
582783,Pentasia,Fraud Data Analyst,70000,excel,analyst_tools
416627,Get It Recruit - Information Technology,Junior Reporting Data Analyst,70000,sql,programming
416627,Get It Recruit - Information Technology,Junior Reporting Data Analyst,70000,python,programming
416627,Get It Recruit - Information Technology,Junior Reporting Data Analyst,70000,vba,programming
416627,Get It Recruit - Information Technology,Junior Reporting Data Analyst,70000,tableau,analyst_tools
416627,Get It Recruit - Information Technology,Junior Reporting Data Analyst,70000,excel,analyst_tools
416627,Get It Recruit - Information Technology,Junior Reporting Data Analyst,70000,sharepoint,analyst_tools
264396,Kermit,Healthcare Contract/Data Analyst,70000,excel,analyst_tools
102055,Coda Search│Staffing,Data Analyst,70000,sql,programming
102055,Coda Search│Staffing,Data Analyst,70000,python,programming
102055,Coda Search│Staffing,Data Analyst,70000,r,programming
102055,Coda Search│Staffing,Data Analyst,70000,sas,programming
102055,Coda Search│Staffing,Data Analyst,70000,matplotlib,libraries
102055,Coda Search│Staffing,Data Analyst,70000,plotly,libraries
102055,Coda Search│Staffing,Data Analyst,70000,seaborn,libraries
102055,Coda Search│Staffing,Data Analyst,70000,spss,analyst_tools
102055,Coda Search│Staffing,Data Analyst,70000,sas,analyst_tools
79215,Partnership Employment,Data Analyst,70000,sql,programming
79215,Partnership Employment,Data Analyst,70000,redshift,cloud
79215,Partnership Employment,Data Analyst,70000,excel,analyst_tools
631717,AdelFi,Loan Data Analyst,70000,spreadsheet,analyst_tools
127729,Amplified Sourcing,Data Analyst,70000,sql,programming
127729,Amplified Sourcing,Data Analyst,70000,python,programming
127729,Amplified Sourcing,Data Analyst,70000,r,programming
127729,Amplified Sourcing,Data Analyst,70000,sas,programming
127729,Amplified Sourcing,Data Analyst,70000,sas,analyst_tools
1079113,Klue,Data Analyst Intern,70000,python,programming
1079113,Klue,Data Analyst Intern,70000,excel,analyst_tools
1079113,Klue,Data Analyst Intern,70000,word,analyst_tools
165377,Global Accounting Network,Financial Data Analyst,70000,sql,programming
165377,Global Accounting Network,Financial Data Analyst,70000,python,programming
165377,Global Accounting Network,Financial Data Analyst,70000,power bi,analyst_tools
1428851,Neo Group,Data Analyst (Marketing),70000,sql,programming
1428851,Neo Group,Data Analyst (Marketing),70000,python,programming
1428851,Neo Group,Data Analyst (Marketing),70000,pandas,libraries
1428851,Neo Group,Data Analyst (Marketing),70000,excel,analyst_tools
499113,Get It Recruit - Information Technology,Manufacturing Operations Data Analyst,70000,sql,programming
499113,Get It Recruit - Information Technology,Manufacturing Operations Data Analyst,70000,planner,async
321789,Get It Recruit - Information Technology,Asset Verification Data Analyst,70000,excel,analyst_tools
1047781,"Wiser Solutions, Inc.",Data Analyst,70000,sql,programming
1047781,"Wiser Solutions, Inc.",Data Analyst,70000,python,programming
1047781,"Wiser Solutions, Inc.",Data Analyst,70000,tableau,analyst_tools
1032225,Bestpass - Fleetworthy,Data Analyst - Fleetworthy,70000,sql,programming
1032225,Bestpass - Fleetworthy,Data Analyst - Fleetworthy,70000,python,programming
1032225,Bestpass - Fleetworthy,Data Analyst - Fleetworthy,70000,t-sql,programming
1032225,Bestpass - Fleetworthy,Data Analyst - Fleetworthy,70000,vba,programming
1032225,Bestpass - Fleetworthy,Data Analyst - Fleetworthy,70000,pandas,libraries
1032225,Bestpass - Fleetworthy,Data Analyst - Fleetworthy,70000,flask,webframeworks
1032225,Bestpass - Fleetworthy,Data Analyst - Fleetworthy,70000,tableau,analyst_tools
1032225,Bestpass - Fleetworthy,Data Analyst - Fleetworthy,70000,excel,analyst_tools
1032225,Bestpass - Fleetworthy,Data Analyst - Fleetworthy,70000,power bi,analyst_tools
1032225,Bestpass - Fleetworthy,Data Analyst - Fleetworthy,70000,ssis,analyst_tools
1032225,Bestpass - Fleetworthy,Data Analyst - Fleetworthy,70000,ssrs,analyst_tools
1032225,Bestpass - Fleetworthy,Data Analyst - Fleetworthy,70000,ms access,analyst_tools
1032225,Bestpass - Fleetworthy,Data Analyst - Fleetworthy,70000,git,other
782716,Get It Recruit - Information Technology,Community Data Analyst,70000,python,programming
782716,Get It Recruit - Information Technology,Community Data Analyst,70000,planner,async
1228502,Pantheon,Health Informatics Data Analyst,70000,python,programming
1228502,Pantheon,Health Informatics Data Analyst,70000,r,programming
1228502,Pantheon,Health Informatics Data Analyst,70000,sas,programming
1228502,Pantheon,Health Informatics Data Analyst,70000,databricks,cloud
1228502,Pantheon,Health Informatics Data Analyst,70000,aws,cloud
1228502,Pantheon,Health Informatics Data Analyst,70000,sas,analyst_tools
1228502,Pantheon,Health Informatics Data Analyst,70000,jira,async
1228502,Pantheon,Health Informatics Data Analyst,70000,confluence,async
1492008,Bitpanda,"Analytics Engineer, Business Intelligence",70000,sql,programming
1492008,Bitpanda,"Analytics Engineer, Business Intelligence",70000,python,programming
1492008,Bitpanda,"Analytics Engineer, Business Intelligence",70000,go,programming
1492008,Bitpanda,"Analytics Engineer, Business Intelligence",70000,airflow,libraries
1492008,Bitpanda,"Analytics Engineer, Business Intelligence",70000,tableau,analyst_tools
1492008,Bitpanda,"Analytics Engineer, Business Intelligence",70000,unify,sync
1289785,Scribd,"Data Analyst, Customer Operations",69750,sql,programming
1289785,Scribd,"Data Analyst, Customer Operations",69750,databricks,cloud
1289785,Scribd,"Data Analyst, Customer Operations",69750,spark,libraries
1289785,Scribd,"Data Analyst, Customer Operations",69750,excel,analyst_tools
1289785,Scribd,"Data Analyst, Customer Operations",69750,looker,analyst_tools
1289785,Scribd,"Data Analyst, Customer Operations",69750,sheets,analyst_tools
1289785,Scribd,"Data Analyst, Customer Operations",69750,jira,async
499707,Diversified,"Data & Analytics Analyst - Virtual, USA",69500,sql,programming
499707,Diversified,"Data & Analytics Analyst - Virtual, USA",69500,python,programming
499707,Diversified,"Data & Analytics Analyst - Virtual, USA",69500,power bi,analyst_tools
1210848,Entrust,Customer Performance Analyst - Data-Driven Solutions in AI Security,69500,sql,programming
1210848,Entrust,Customer Performance Analyst - Data-Driven Solutions in AI Security,69500,excel,analyst_tools
1210848,Entrust,Customer Performance Analyst - Data-Driven Solutions in AI Security,69500,sheets,analyst_tools
877915,Shelter Insurance Companies,Enterprise Data Analyst,69300,sql,programming
877915,Shelter Insurance Companies,Enterprise Data Analyst,69300,snowflake,cloud
877915,Shelter Insurance Companies,Enterprise Data Analyst,69300,tableau,analyst_tools
511802,Ambry Genetics Corporation,Clinical Data Analyst I (REMOTE-USA),69000,mysql,databases
511802,Ambry Genetics Corporation,Clinical Data Analyst I (REMOTE-USA),69000,aws,cloud
511802,Ambry Genetics Corporation,Clinical Data Analyst I (REMOTE-USA),69000,tableau,analyst_tools
511802,Ambry Genetics Corporation,Clinical Data Analyst I (REMOTE-USA),69000,excel,analyst_tools
1032668,"The Segal Group, Inc.",Health Benefits Data Analyst,68750,sql,programming
1032668,"The Segal Group, Inc.",Health Benefits Data Analyst,68750,go,programming
1032668,"The Segal Group, Inc.",Health Benefits Data Analyst,68750,excel,analyst_tools
1032668,"The Segal Group, Inc.",Health Benefits Data Analyst,68750,word,analyst_tools
1032668,"The Segal Group, Inc.",Health Benefits Data Analyst,68750,ssis,analyst_tools
1032668,"The Segal Group, Inc.",Health Benefits Data Analyst,68750,powerpoint,analyst_tools
983263,Get It Recruit - Marketing,Data Analyst,68250,cordova,libraries
81806,Insight Global,Data Analyst,67500,colocation,cloud
947123,RVO Health,Associate Data Analyst,67500,html,programming
947123,RVO Health,Associate Data Analyst,67500,excel,analyst_tools
947123,RVO Health,Associate Data Analyst,67500,word,analyst_tools
947123,RVO Health,Associate Data Analyst,67500,alteryx,analyst_tools
290587,Get It Recruit - Information Technology,Data Analyst for Democratic Attorneys General and AG Candidates,67500,sql,programming
290587,Get It Recruit - Information Technology,Data Analyst for Democratic Attorneys General and AG Candidates,67500,python,programming
290587,Get It Recruit - Information Technology,Data Analyst for Democratic Attorneys General and AG Candidates,67500,r,programming
290587,Get It Recruit - Information Technology,Data Analyst for Democratic Attorneys General and AG Candidates,67500,looker,analyst_tools
244632,iTalent Digital,Data Analyst (SQL) :Role 3354,67500,sql,programming
244632,iTalent Digital,Data Analyst (SQL) :Role 3354,67500,python,programming
244632,iTalent Digital,Data Analyst (SQL) :Role 3354,67500,express,webframeworks
244632,iTalent Digital,Data Analyst (SQL) :Role 3354,67500,tableau,analyst_tools
244632,iTalent Digital,Data Analyst (SQL) :Role 3354,67500,excel,analyst_tools
1034785,Resound Research for Reproductive Health,Data Analyst,67500,r,programming
1034785,Resound Research for Reproductive Health,Data Analyst,67500,sharepoint,analyst_tools
794036,Get It Recruit - Information Technology,Data Analyst,67500,excel,analyst_tools
1208775,Ryder System,HR Data Analyst - REMOTE,67500,tableau,analyst_tools
1208775,Ryder System,HR Data Analyst - REMOTE,67500,excel,analyst_tools
1208775,Ryder System,HR Data Analyst - REMOTE,67500,word,analyst_tools
1208775,Ryder System,HR Data Analyst - REMOTE,67500,powerpoint,analyst_tools
1208775,Ryder System,HR Data Analyst - REMOTE,67500,sharepoint,analyst_tools
78729,AllianceChicago,Data Analyst,67500,sql,programming
78729,AllianceChicago,Data Analyst,67500,python,programming
78729,AllianceChicago,Data Analyst,67500,c#,programming
78729,AllianceChicago,Data Analyst,67500,sass,programming
78729,AllianceChicago,Data Analyst,67500,sql server,databases
78729,AllianceChicago,Data Analyst,67500,azure,cloud
78729,AllianceChicago,Data Analyst,67500,power bi,analyst_tools
78729,AllianceChicago,Data Analyst,67500,ssis,analyst_tools
78729,AllianceChicago,Data Analyst,67500,ssrs,analyst_tools
78729,AllianceChicago,Data Analyst,67500,flow,other
78729,AllianceChicago,Data Analyst,67500,terminal,other
1229914,Ryder System,HR Data Analyst - Remote,67500,tableau,analyst_tools
1229914,Ryder System,HR Data Analyst - Remote,67500,excel,analyst_tools
1229914,Ryder System,HR Data Analyst - Remote,67500,sharepoint,analyst_tools
1318489,2U,"Analyst, Program Analytics",67500,sql,programming
1318489,2U,"Analyst, Program Analytics",67500,tableau,analyst_tools
1241598,Ryder System,HR Data Analyst- REMOTE,67500,tableau,analyst_tools
1241598,Ryder System,HR Data Analyst- REMOTE,67500,excel,analyst_tools
1241598,Ryder System,HR Data Analyst- REMOTE,67500,word,analyst_tools
1241598,Ryder System,HR Data Analyst- REMOTE,67500,powerpoint,analyst_tools
1241598,Ryder System,HR Data Analyst- REMOTE,67500,sharepoint,analyst_tools
394261,CyberCoders,Survey Data Analyst,67500,r,programming
394261,CyberCoders,Survey Data Analyst,67500,tableau,analyst_tools
394261,CyberCoders,Survey Data Analyst,67500,excel,analyst_tools
1070592,United Way of San Antonio and Bexar County,Impact Data Analyst – Dual Generation,67500,sql,programming
1070592,United Way of San Antonio and Bexar County,Impact Data Analyst – Dual Generation,67500,python,programming
1070592,United Way of San Antonio and Bexar County,Impact Data Analyst – Dual Generation,67500,r,programming
1070592,United Way of San Antonio and Bexar County,Impact Data Analyst – Dual Generation,67500,sas,programming
1070592,United Way of San Antonio and Bexar County,Impact Data Analyst – Dual Generation,67500,c,programming
1070592,United Way of San Antonio and Bexar County,Impact Data Analyst – Dual Generation,67500,tableau,analyst_tools
1070592,United Way of San Antonio and Bexar County,Impact Data Analyst – Dual Generation,67500,excel,analyst_tools
1070592,United Way of San Antonio and Bexar County,Impact Data Analyst – Dual Generation,67500,power bi,analyst_tools
1070592,United Way of San Antonio and Bexar County,Impact Data Analyst – Dual Generation,67500,alteryx,analyst_tools
1070592,United Way of San Antonio and Bexar County,Impact Data Analyst – Dual Generation,67500,sas,analyst_tools
1070592,United Way of San Antonio and Bexar County,Impact Data Analyst – Dual Generation,67500,sharepoint,analyst_tools
1070592,United Way of San Antonio and Bexar County,Impact Data Analyst – Dual Generation,67500,monday.com,async
1070592,United Way of San Antonio and Bexar County,Impact Data Analyst – Dual Generation,67500,slack,sync
1070592,United Way of San Antonio and Bexar County,Impact Data Analyst – Dual Generation,67500,microsoft teams,sync
564753,Get It Recruit - Information Technology,Research/Data Analyst,67500,ms access,analyst_tools
819059,Get It Recruit - Transportation,Pricing Data Analyst,67000,excel,analyst_tools
819059,Get It Recruit - Transportation,Pricing Data Analyst,67000,sap,analyst_tools
1036146,Modivcare,Data Analyst,66750,sql,programming
1036146,Modivcare,Data Analyst,66750,python,programming
1036146,Modivcare,Data Analyst,66750,r,programming
1036146,Modivcare,Data Analyst,66750,tableau,analyst_tools
1036146,Modivcare,Data Analyst,66750,excel,analyst_tools
724771,Get It Recruit - Information Technology,Community Data Analyst,66500,python,programming
724771,Get It Recruit - Information Technology,Community Data Analyst,66500,r,programming
724771,Get It Recruit - Information Technology,Community Data Analyst,66500,spss,analyst_tools
724771,Get It Recruit - Information Technology,Community Data Analyst,66500,planner,async
1242633,"University of Maryland, Baltimore (UMB)",Business Intelligence Report Writer for Data Analytics and Reporting (Partial Remote Schedule),66406.5,sql,programming
1242633,"University of Maryland, Baltimore (UMB)",Business Intelligence Report Writer for Data Analytics and Reporting (Partial Remote Schedule),66406.5,oracle,cloud
924185,Cornell University,Marketing Data Analyst,65613,sql,programming
924185,Cornell University,Marketing Data Analyst,65613,python,programming
924185,Cornell University,Marketing Data Analyst,65613,tableau,analyst_tools
924185,Cornell University,Marketing Data Analyst,65613,power bi,analyst_tools
924185,Cornell University,Marketing Data Analyst,65613,spreadsheet,analyst_tools
992106,"Blue Streak, LLC",Data Analyst,65500,word,analyst_tools
992106,"Blue Streak, LLC",Data Analyst,65500,spreadsheet,analyst_tools
1252067,Improvado,API Data Source Analyst,65280,sql,programming
1252067,Improvado,API Data Source Analyst,65280,jupyter,libraries
1252067,Improvado,API Data Source Analyst,65280,tableau,analyst_tools
1252067,Improvado,API Data Source Analyst,65280,power bi,analyst_tools
1252067,Improvado,API Data Source Analyst,65280,docker,other
668454,Ascension,"Analyst, Master Data Management",65062.39844,excel,analyst_tools
668454,Ascension,"Analyst, Master Data Management",65062.39844,sheets,analyst_tools
765780,"Mothership Strategies, LLC",Data Analyst,65000,sql,programming
765780,"Mothership Strategies, LLC",Data Analyst,65000,python,programming
765780,"Mothership Strategies, LLC",Data Analyst,65000,r,programming
765780,"Mothership Strategies, LLC",Data Analyst,65000,spark,libraries
463951,Patterned Learning AI,Data Analyst (Entry Level) - US/Canada,65000,sql,programming
463951,Patterned Learning AI,Data Analyst (Entry Level) - US/Canada,65000,excel,analyst_tools
463951,Patterned Learning AI,Data Analyst (Entry Level) - US/Canada,65000,sheets,analyst_tools
584722,Get It Recruit - Administrative,HR Reporting & Analytics Manager,65000,flow,other
944438,Get It Recruit - Administrative,Data Analyst for Homelessness Eradication Mission,65000,excel,analyst_tools
944438,Get It Recruit - Administrative,Data Analyst for Homelessness Eradication Mission,65000,looker,analyst_tools
430903,Bright Power,Data Analyst,65000,sql,programming
430903,Bright Power,Data Analyst,65000,python,programming
430903,Bright Power,Data Analyst,65000,mysql,databases
430903,Bright Power,Data Analyst,65000,tableau,analyst_tools
430903,Bright Power,Data Analyst,65000,excel,analyst_tools
430903,Bright Power,Data Analyst,65000,flow,other
430903,Bright Power,Data Analyst,65000,jira,async
458255,Patterned Learning AI,Data BI Analyst (Entry Level) - US,65000,sql,programming
458255,Patterned Learning AI,Data BI Analyst (Entry Level) - US,65000,nosql,programming
458255,Patterned Learning AI,Data BI Analyst (Entry Level) - US,65000,vba,programming
458255,Patterned Learning AI,Data BI Analyst (Entry Level) - US,65000,oracle,cloud
458255,Patterned Learning AI,Data BI Analyst (Entry Level) - US,65000,hadoop,libraries
458255,Patterned Learning AI,Data BI Analyst (Entry Level) - US,65000,tableau,analyst_tools
458255,Patterned Learning AI,Data BI Analyst (Entry Level) - US,65000,excel,analyst_tools
462319,Patterned Learning AI,Data Analyst (Entry Level) - US/Canada,65000,sql,programming
462319,Patterned Learning AI,Data Analyst (Entry Level) - US/Canada,65000,excel,analyst_tools
462319,Patterned Learning AI,Data Analyst (Entry Level) - US/Canada,65000,sheets,analyst_tools
1083483,StudyCorgi,Data Analyst - Remote,65000,sql,programming
1083483,StudyCorgi,Data Analyst - Remote,65000,power bi,analyst_tools
462321,Patterned Learning AI,Data BI Analyst (Entry Level) - US/Canada,65000,sql,programming
462321,Patterned Learning AI,Data BI Analyst (Entry Level) - US/Canada,65000,nosql,programming
462321,Patterned Learning AI,Data BI Analyst (Entry Level) - US/Canada,65000,vba,programming
462321,Patterned Learning AI,Data BI Analyst (Entry Level) - US/Canada,65000,oracle,cloud
462321,Patterned Learning AI,Data BI Analyst (Entry Level) - US/Canada,65000,hadoop,libraries
462321,Patterned Learning AI,Data BI Analyst (Entry Level) - US/Canada,65000,tableau,analyst_tools
462321,Patterned Learning AI,Data BI Analyst (Entry Level) - US/Canada,65000,excel,analyst_tools
16201,Aquent Studios,Jr. Marketing Data Analyst- Ecommerce,65000,sql,programming
16201,Aquent Studios,Jr. Marketing Data Analyst- Ecommerce,65000,tableau,analyst_tools
16201,Aquent Studios,Jr. Marketing Data Analyst- Ecommerce,65000,excel,analyst_tools
447416,Patterned Learning AI,Data Analyst (Entry Level),65000,sql,programming
447416,Patterned Learning AI,Data Analyst (Entry Level),65000,excel,analyst_tools
447416,Patterned Learning AI,Data Analyst (Entry Level),65000,sheets,analyst_tools
969852,Get It Recruit - Administrative,Data Analyst for Social Good - Eradicating Homelessness,65000,excel,analyst_tools
969852,Get It Recruit - Administrative,Data Analyst for Social Good - Eradicating Homelessness,65000,looker,analyst_tools
445933,Get It Recruit - Information Technology,Junior Data Analyst,65000,sql,programming
445933,Get It Recruit - Information Technology,Junior Data Analyst,65000,vba,programming
445933,Get It Recruit - Information Technology,Junior Data Analyst,65000,visual basic,programming
445933,Get It Recruit - Information Technology,Junior Data Analyst,65000,tableau,analyst_tools
445933,Get It Recruit - Information Technology,Junior Data Analyst,65000,excel,analyst_tools
445933,Get It Recruit - Information Technology,Junior Data Analyst,65000,power bi,analyst_tools
445933,Get It Recruit - Information Technology,Junior Data Analyst,65000,word,analyst_tools
445933,Get It Recruit - Information Technology,Junior Data Analyst,65000,ms access,analyst_tools
445933,Get It Recruit - Information Technology,Junior Data Analyst,65000,powerpoint,analyst_tools
974867,D2L,Digital Analyst,65000,sql,programming
974867,D2L,Digital Analyst,65000,r,programming
974867,D2L,Digital Analyst,65000,sas,programming
974867,D2L,Digital Analyst,65000,tableau,analyst_tools
974867,D2L,Digital Analyst,65000,excel,analyst_tools
974867,D2L,Digital Analyst,65000,looker,analyst_tools
974867,D2L,Digital Analyst,65000,sas,analyst_tools
90587,Closed Loop,Digital Marketing Data Analyst,65000,sql,programming
90587,Closed Loop,Digital Marketing Data Analyst,65000,db2,databases
90587,Closed Loop,Digital Marketing Data Analyst,65000,sql server,databases
90587,Closed Loop,Digital Marketing Data Analyst,65000,mysql,databases
90587,Closed Loop,Digital Marketing Data Analyst,65000,oracle,cloud
90587,Closed Loop,Digital Marketing Data Analyst,65000,tableau,analyst_tools
90587,Closed Loop,Digital Marketing Data Analyst,65000,power bi,analyst_tools
90587,Closed Loop,Digital Marketing Data Analyst,65000,ms access,analyst_tools
90587,Closed Loop,Digital Marketing Data Analyst,65000,slack,sync
1021473,StudyCorgi,Data Analyst - Remote,65000,sql,programming
1021473,StudyCorgi,Data Analyst - Remote,65000,power bi,analyst_tools
292300,Insight Global,Data Analyst,65000,sql,programming
292300,Insight Global,Data Analyst,65000,oracle,cloud
292300,Insight Global,Data Analyst,65000,tableau,analyst_tools
292300,Insight Global,Data Analyst,65000,excel,analyst_tools
292300,Insight Global,Data Analyst,65000,power bi,analyst_tools
292300,Insight Global,Data Analyst,65000,alteryx,analyst_tools
58249,Insight Global,Electronic Data Interchange Analyst,65000,excel,analyst_tools
666183,"Citron IT, Inc.",SQL Data Analyst,65000,sql,programming
666183,"Citron IT, Inc.",SQL Data Analyst,65000,python,programming
666183,"Citron IT, Inc.",SQL Data Analyst,65000,r,programming
666183,"Citron IT, Inc.",SQL Data Analyst,65000,azure,cloud
666183,"Citron IT, Inc.",SQL Data Analyst,65000,tableau,analyst_tools
666183,"Citron IT, Inc.",SQL Data Analyst,65000,power bi,analyst_tools
920712,Advantage Solutions,Spatial Data Analyst,65000,sas,programming
920712,Advantage Solutions,Spatial Data Analyst,65000,excel,analyst_tools
920712,Advantage Solutions,Spatial Data Analyst,65000,word,analyst_tools
920712,Advantage Solutions,Spatial Data Analyst,65000,sas,analyst_tools
920712,Advantage Solutions,Spatial Data Analyst,65000,powerpoint,analyst_tools
920712,Advantage Solutions,Spatial Data Analyst,65000,outlook,analyst_tools
920712,Advantage Solutions,Spatial Data Analyst,65000,flow,other
421489,Patterned Learning AI,Data BI Analyst (Entry Level),65000,sql,programming
421489,Patterned Learning AI,Data BI Analyst (Entry Level),65000,nosql,programming
421489,Patterned Learning AI,Data BI Analyst (Entry Level),65000,vba,programming
421489,Patterned Learning AI,Data BI Analyst (Entry Level),65000,oracle,cloud
421489,Patterned Learning AI,Data BI Analyst (Entry Level),65000,hadoop,libraries
421489,Patterned Learning AI,Data BI Analyst (Entry Level),65000,tableau,analyst_tools
421489,Patterned Learning AI,Data BI Analyst (Entry Level),65000,excel,analyst_tools
55122,Insight Global,Data Analyst,65000,excel,analyst_tools
914564,Get It Recruit - Administrative,HRIS & Data Analyst,65000,excel,analyst_tools
914564,Get It Recruit - Administrative,HRIS & Data Analyst,65000,word,analyst_tools
914564,Get It Recruit - Administrative,HRIS & Data Analyst,65000,outlook,analyst_tools
593339,24 Seven Talent,Data Analyst,65000,sql,programming
593339,24 Seven Talent,Data Analyst,65000,python,programming
593339,24 Seven Talent,Data Analyst,65000,r,programming
593339,24 Seven Talent,Data Analyst,65000,bigquery,cloud
593339,24 Seven Talent,Data Analyst,65000,airflow,libraries
593339,24 Seven Talent,Data Analyst,65000,excel,analyst_tools
593339,24 Seven Talent,Data Analyst,65000,git,other
521709,Patterned Learning AI,Data BI Analyst (Entry Level) - US/Canada,65000,sql,programming
521709,Patterned Learning AI,Data BI Analyst (Entry Level) - US/Canada,65000,nosql,programming
521709,Patterned Learning AI,Data BI Analyst (Entry Level) - US/Canada,65000,vba,programming
521709,Patterned Learning AI,Data BI Analyst (Entry Level) - US/Canada,65000,oracle,cloud
521709,Patterned Learning AI,Data BI Analyst (Entry Level) - US/Canada,65000,hadoop,libraries
521709,Patterned Learning AI,Data BI Analyst (Entry Level) - US/Canada,65000,tableau,analyst_tools
521709,Patterned Learning AI,Data BI Analyst (Entry Level) - US/Canada,65000,excel,analyst_tools
1281827,StudyCorgi,Data Analyst - Remote,65000,sql,programming
1281827,StudyCorgi,Data Analyst - Remote,65000,power bi,analyst_tools
853732,Kohler,"Data Analyst, Kohler Energy",64900,sql,programming
853732,Kohler,"Data Analyst, Kohler Energy",64900,python,programming
853732,Kohler,"Data Analyst, Kohler Energy",64900,r,programming
853732,Kohler,"Data Analyst, Kohler Energy",64900,excel,analyst_tools
987394,DaVita Kidney Care,"Analyst, Analytics (IT)",63450,sql,programming
987394,DaVita Kidney Care,"Analyst, Analytics (IT)",63450,python,programming
987394,DaVita Kidney Care,"Analyst, Analytics (IT)",63450,go,programming
987394,DaVita Kidney Care,"Analyst, Analytics (IT)",63450,tableau,analyst_tools
987394,DaVita Kidney Care,"Analyst, Analytics (IT)",63450,excel,analyst_tools
987394,DaVita Kidney Care,"Analyst, Analytics (IT)",63450,word,analyst_tools
987394,DaVita Kidney Care,"Analyst, Analytics (IT)",63450,outlook,analyst_tools
917790,ICWA,Data Analyst,63000,sql,programming
917790,ICWA,Data Analyst,63000,python,programming
917790,ICWA,Data Analyst,63000,r,programming
917790,ICWA,Data Analyst,63000,tableau,analyst_tools
917790,ICWA,Data Analyst,63000,power bi,analyst_tools
1002187,Get It Recruit - Real Estate,Data Analyst,63000,sql,programming
1002187,Get It Recruit - Real Estate,Data Analyst,63000,python,programming
1002187,Get It Recruit - Real Estate,Data Analyst,63000,r,programming
1002187,Get It Recruit - Real Estate,Data Analyst,63000,tableau,analyst_tools
1002187,Get It Recruit - Real Estate,Data Analyst,63000,power bi,analyst_tools
321660,VetJobs & Military Spouse Jobs,"Data Analyst - Bargersville, IN",63000,sql,programming
321660,VetJobs & Military Spouse Jobs,"Data Analyst - Bargersville, IN",63000,excel,analyst_tools
738427,Get It Recruit - Transportation,Supply Chain Data Integrity Analyst,62500,excel,analyst_tools
324993,Kaye/Bassman International,Data Analyst,62500,sql,programming
324993,Kaye/Bassman International,Data Analyst,62500,excel,analyst_tools
324993,Kaye/Bassman International,Data Analyst,62500,sheets,analyst_tools
324993,Kaye/Bassman International,Data Analyst,62500,github,other
324993,Kaye/Bassman International,Data Analyst,62500,smartsheet,async
1203915,Imagine360,Healthcare Claims Data Analyst,62500,excel,analyst_tools
1203915,Imagine360,Healthcare Claims Data Analyst,62500,powerpoint,analyst_tools
434834,"McAllister & Quinn, LLC",Technology and Data Analyst,62500,excel,analyst_tools
378796,Kaye/Bassman International,Business Data Analyst,62500,sql,programming
378796,Kaye/Bassman International,Business Data Analyst,62500,excel,analyst_tools
378796,Kaye/Bassman International,Business Data Analyst,62500,sheets,analyst_tools
378796,Kaye/Bassman International,Business Data Analyst,62500,github,other
378796,Kaye/Bassman International,Business Data Analyst,62500,smartsheet,async
937466,"LS Technologies, LLC",Data Science and Systems Analyst,62500,power bi,analyst_tools
937466,"LS Technologies, LLC",Data Science and Systems Analyst,62500,sharepoint,analyst_tools
937466,"LS Technologies, LLC",Data Science and Systems Analyst,62500,terminal,other
129147,Crescentia GTS,"Operations Reporting and Data Analyst - Boston, MA",62500,sql,programming
129147,Crescentia GTS,"Operations Reporting and Data Analyst - Boston, MA",62500,sas,programming
129147,Crescentia GTS,"Operations Reporting and Data Analyst - Boston, MA",62500,windows,os
129147,Crescentia GTS,"Operations Reporting and Data Analyst - Boston, MA",62500,excel,analyst_tools
129147,Crescentia GTS,"Operations Reporting and Data Analyst - Boston, MA",62500,sas,analyst_tools
324264,Ryder System,HR Report Writer and Data Analyst- REMOTE,62500,tableau,analyst_tools
324264,Ryder System,HR Report Writer and Data Analyst- REMOTE,62500,excel,analyst_tools
324264,Ryder System,HR Report Writer and Data Analyst- REMOTE,62500,word,analyst_tools
324264,Ryder System,HR Report Writer and Data Analyst- REMOTE,62500,sharepoint,analyst_tools
23563,Aegon,Internal Audit Data Analyst,62500,sql,programming
23563,Aegon,Internal Audit Data Analyst,62500,python,programming
23563,Aegon,Internal Audit Data Analyst,62500,tableau,analyst_tools
23563,Aegon,Internal Audit Data Analyst,62500,excel,analyst_tools
23563,Aegon,Internal Audit Data Analyst,62500,power bi,analyst_tools
26185,OZ,Data Analyst,62500,sql,programming
26185,OZ,Data Analyst,62500,python,programming
26185,OZ,Data Analyst,62500,bash,programming
26185,OZ,Data Analyst,62500,aws,cloud
26185,OZ,Data Analyst,62500,redshift,cloud
26185,OZ,Data Analyst,62500,spark,libraries
471428,Get It Recruit - Information Technology,Data Processing and Reporting Analyst,62000,excel,analyst_tools
339592,Neurons Lab,Business Intelligence Engineer,62000,sql,programming
339592,Neurons Lab,Business Intelligence Engineer,62000,aws,cloud
339592,Neurons Lab,Business Intelligence Engineer,62000,redshift,cloud
339592,Neurons Lab,Business Intelligence Engineer,62000,tableau,analyst_tools
339592,Neurons Lab,Business Intelligence Engineer,62000,power bi,analyst_tools
1006604,Get It Recruit - Information Technology,Data Analyst in Global Loss Recovery Industry,61000,sql,programming
1006604,Get It Recruit - Information Technology,Data Analyst in Global Loss Recovery Industry,61000,excel,analyst_tools
1006604,Get It Recruit - Information Technology,Data Analyst in Global Loss Recovery Industry,61000,terminal,other
1428730,Flywire,"Data Analyst, Central Services",60000,sql,programming
1428730,Flywire,"Data Analyst, Central Services",60000,python,programming
1428730,Flywire,"Data Analyst, Central Services",60000,r,programming
1428730,Flywire,"Data Analyst, Central Services",60000,tableau,analyst_tools
1428730,Flywire,"Data Analyst, Central Services",60000,looker,analyst_tools
1428730,Flywire,"Data Analyst, Central Services",60000,power bi,analyst_tools
313988,"Kaye/Bassman International, Corp.",Remote Data Analyst,60000,sql,programming
313988,"Kaye/Bassman International, Corp.",Remote Data Analyst,60000,excel,analyst_tools
313988,"Kaye/Bassman International, Corp.",Remote Data Analyst,60000,sheets,analyst_tools
313988,"Kaye/Bassman International, Corp.",Remote Data Analyst,60000,smartsheet,async
622935,Get It Recruit - Information Technology,Data Analyst - Payroll Operations,60000,excel,analyst_tools
1526659,Lightspeed Commerce,Data Analyst I - Hospitality Data Team,60000,sql,programming
1526659,Lightspeed Commerce,Data Analyst I - Hospitality Data Team,60000,python,programming
1526659,Lightspeed Commerce,Data Analyst I - Hospitality Data Team,60000,dynamodb,databases
1526659,Lightspeed Commerce,Data Analyst I - Hospitality Data Team,60000,bigquery,cloud
1526659,Lightspeed Commerce,Data Analyst I - Hospitality Data Team,60000,scikit-learn,libraries
1526659,Lightspeed Commerce,Data Analyst I - Hospitality Data Team,60000,looker,analyst_tools
1526659,Lightspeed Commerce,Data Analyst I - Hospitality Data Team,60000,git,other
1341435,Aramark,Supporting Data Analyst - Avendra International,60000,sql,programming
1341435,Aramark,Supporting Data Analyst - Avendra International,60000,excel,analyst_tools
153667,SHI International Corp.,HR Data Analyst,60000,vba,programming
153667,SHI International Corp.,HR Data Analyst,60000,visual basic,programming
153667,SHI International Corp.,HR Data Analyst,60000,excel,analyst_tools
153667,SHI International Corp.,HR Data Analyst,60000,power bi,analyst_tools
153667,SHI International Corp.,HR Data Analyst,60000,sharepoint,analyst_tools
574913,Get It Recruit - Finance,Junior Data Analyst,60000,sql,programming
574913,Get It Recruit - Finance,Junior Data Analyst,60000,tableau,analyst_tools
574913,Get It Recruit - Finance,Junior Data Analyst,60000,excel,analyst_tools
574913,Get It Recruit - Finance,Junior Data Analyst,60000,power bi,analyst_tools
509335,Get It Recruit - Information Technology,Data Analyst,60000,sheets,analyst_tools
586109,The Difference Card,Remote Data Analyst II,60000,sql,programming
586109,The Difference Card,Remote Data Analyst II,60000,sql server,databases
586109,The Difference Card,Remote Data Analyst II,60000,visio,analyst_tools
586109,The Difference Card,Remote Data Analyst II,60000,excel,analyst_tools
586109,The Difference Card,Remote Data Analyst II,60000,power bi,analyst_tools
586109,The Difference Card,Remote Data Analyst II,60000,word,analyst_tools
586109,The Difference Card,Remote Data Analyst II,60000,powerpoint,analyst_tools
509548,Get It Recruit - Marketing,Social Media Data Analyst,60000,sheets,analyst_tools
1497494,Flywire,"Data Analyst, Central Services",60000,sql,programming
1497494,Flywire,"Data Analyst, Central Services",60000,python,programming
1497494,Flywire,"Data Analyst, Central Services",60000,r,programming
1497494,Flywire,"Data Analyst, Central Services",60000,tableau,analyst_tools
1497494,Flywire,"Data Analyst, Central Services",60000,looker,analyst_tools
1497494,Flywire,"Data Analyst, Central Services",60000,power bi,analyst_tools
624603,El Buen Samaritano,Data Analyst,60000,sql,programming
624603,El Buen Samaritano,Data Analyst,60000,t-sql,programming
624603,El Buen Samaritano,Data Analyst,60000,mysql,databases
624603,El Buen Samaritano,Data Analyst,60000,tableau,analyst_tools
624603,El Buen Samaritano,Data Analyst,60000,excel,analyst_tools
624603,El Buen Samaritano,Data Analyst,60000,power bi,analyst_tools
624603,El Buen Samaritano,Data Analyst,60000,spss,analyst_tools
450438,"Aflac, Incorporated",Data Science Analyst I,60000,sql,programming
450438,"Aflac, Incorporated",Data Science Analyst I,60000,python,programming
450438,"Aflac, Incorporated",Data Science Analyst I,60000,r,programming
450438,"Aflac, Incorporated",Data Science Analyst I,60000,excel,analyst_tools
450438,"Aflac, Incorporated",Data Science Analyst I,60000,word,analyst_tools
450438,"Aflac, Incorporated",Data Science Analyst I,60000,powerpoint,analyst_tools
207530,BLUE STORM ASSOCIATES INC,Atmospheric Scientist/Data Analyst,60000,python,programming
207530,BLUE STORM ASSOCIATES INC,Atmospheric Scientist/Data Analyst,60000,matlab,programming
57245,Jumpvine,Entry Level Data Analyst,60000,go,programming
852358,ADIA Health,Data Analyst/Information Architect,60000,sql,programming
852358,ADIA Health,Data Analyst/Information Architect,60000,python,programming
852358,ADIA Health,Data Analyst/Information Architect,60000,aws,cloud
777174,Suncoast Credit Union,Data Analyst - Call Center,59500,sql,programming
777174,Suncoast Credit Union,Data Analyst - Call Center,59500,python,programming
777174,Suncoast Credit Union,Data Analyst - Call Center,59500,excel,analyst_tools
56959,Ryder System,HR Data Analyst- REMOTE,59000,tableau,analyst_tools
56959,Ryder System,HR Data Analyst- REMOTE,59000,excel,analyst_tools
56959,Ryder System,HR Data Analyst- REMOTE,59000,word,analyst_tools
56959,Ryder System,HR Data Analyst- REMOTE,59000,sharepoint,analyst_tools
14710,Ryder System,HR Data Analyst- REMOTE,59000,tableau,analyst_tools
14710,Ryder System,HR Data Analyst- REMOTE,59000,excel,analyst_tools
14710,Ryder System,HR Data Analyst- REMOTE,59000,word,analyst_tools
14710,Ryder System,HR Data Analyst- REMOTE,59000,sharepoint,analyst_tools
1003952,"Early Learning Coalition Of NW FL, Inc.",Business Data Analyst,58500,sql,programming
1003952,"Early Learning Coalition Of NW FL, Inc.",Business Data Analyst,58500,mongodb,programming
1003952,"Early Learning Coalition Of NW FL, Inc.",Business Data Analyst,58500,sql server,databases
1003952,"Early Learning Coalition Of NW FL, Inc.",Business Data Analyst,58500,mysql,databases
1003952,"Early Learning Coalition Of NW FL, Inc.",Business Data Analyst,58500,postgresql,databases
1003952,"Early Learning Coalition Of NW FL, Inc.",Business Data Analyst,58500,mongodb,databases
1003952,"Early Learning Coalition Of NW FL, Inc.",Business Data Analyst,58500,oracle,cloud
1216381,Albert Einstein College of Medicine,Data Analyst - Clinical Research,58500,python,programming
1216381,Albert Einstein College of Medicine,Data Analyst - Clinical Research,58500,r,programming
797493,RTC of Southern Nevada,Data Analyst,58448,crystal,programming
797493,RTC of Southern Nevada,Data Analyst,58448,t-sql,programming
797493,RTC of Southern Nevada,Data Analyst,58448,c,programming
797493,RTC of Southern Nevada,Data Analyst,58448,tableau,analyst_tools
797493,RTC of Southern Nevada,Data Analyst,58448,power bi,analyst_tools
797493,RTC of Southern Nevada,Data Analyst,58448,ssrs,analyst_tools
968262,University of Arkansas System,Data Analyst,58350,sql,programming
968262,University of Arkansas System,Data Analyst,58350,python,programming
968262,University of Arkansas System,Data Analyst,58350,r,programming
968262,University of Arkansas System,Data Analyst,58350,sas,programming
968262,University of Arkansas System,Data Analyst,58350,spss,analyst_tools
968262,University of Arkansas System,Data Analyst,58350,sas,analyst_tools
330593,Webstaurant Store,Logistics Data Analyst (Remote Friendly),58000,sql,programming
330593,Webstaurant Store,Logistics Data Analyst (Remote Friendly),58000,excel,analyst_tools
1110185,Purdue University,Career Opportunities: IT Data Analyst (32731),57940,python,programming
1110185,Purdue University,Career Opportunities: IT Data Analyst (32731),57940,tableau,analyst_tools
1110185,Purdue University,Career Opportunities: IT Data Analyst (32731),57940,cognos,analyst_tools
711869,FiberFirst,Data Analyst I,57500,sql,programming
711869,FiberFirst,Data Analyst I,57500,visio,analyst_tools
711869,FiberFirst,Data Analyst I,57500,excel,analyst_tools
711869,FiberFirst,Data Analyst I,57500,word,analyst_tools
711869,FiberFirst,Data Analyst I,57500,powerpoint,analyst_tools
711869,FiberFirst,Data Analyst I,57500,outlook,analyst_tools
982576,Ascendion,Provided Data Analyst,57500,sql,programming
982576,Ascendion,Provided Data Analyst,57500,tableau,analyst_tools
982576,Ascendion,Provided Data Analyst,57500,excel,analyst_tools
652052,Get It Recruit - Information Technology,Remote Data Analyst II,57500,sql,programming
652052,Get It Recruit - Information Technology,Remote Data Analyst II,57500,sql server,databases
652052,Get It Recruit - Information Technology,Remote Data Analyst II,57500,visio,analyst_tools
652052,Get It Recruit - Information Technology,Remote Data Analyst II,57500,power bi,analyst_tools
652052,Get It Recruit - Information Technology,Remote Data Analyst II,57500,word,analyst_tools
652052,Get It Recruit - Information Technology,Remote Data Analyst II,57500,powerpoint,analyst_tools
430514,Ascendo Resources,Healthcare Data SAS Analyst I,57300,sas,programming
430514,Ascendo Resources,Healthcare Data SAS Analyst I,57300,excel,analyst_tools
430514,Ascendo Resources,Healthcare Data SAS Analyst I,57300,word,analyst_tools
430514,Ascendo Resources,Healthcare Data SAS Analyst I,57300,sas,analyst_tools
1025563,Talentify.io,Remote Data Analyst,57000,visual basic,programming
1025563,Talentify.io,Remote Data Analyst,57000,excel,analyst_tools
1025563,Talentify.io,Remote Data Analyst,57000,sharepoint,analyst_tools
1025563,Talentify.io,Remote Data Analyst,57000,smartsheet,async
710256,Get It Recruit - Information Technology,Lead Data Analyst/Data Architect,55500,snowflake,cloud
710256,Get It Recruit - Information Technology,Lead Data Analyst/Data Architect,55500,aws,cloud
795180,Staffing Solutions Organization LLC (SSO),Healthcare Data Analyst,55000,sql,programming
795180,Staffing Solutions Organization LLC (SSO),Healthcare Data Analyst,55000,python,programming
795180,Staffing Solutions Organization LLC (SSO),Healthcare Data Analyst,55000,r,programming
795180,Staffing Solutions Organization LLC (SSO),Healthcare Data Analyst,55000,sas,programming
795180,Staffing Solutions Organization LLC (SSO),Healthcare Data Analyst,55000,tableau,analyst_tools
795180,Staffing Solutions Organization LLC (SSO),Healthcare Data Analyst,55000,excel,analyst_tools
795180,Staffing Solutions Organization LLC (SSO),Healthcare Data Analyst,55000,word,analyst_tools
795180,Staffing Solutions Organization LLC (SSO),Healthcare Data Analyst,55000,sas,analyst_tools
795180,Staffing Solutions Organization LLC (SSO),Healthcare Data Analyst,55000,powerpoint,analyst_tools
886893,Get It Recruit - Marketing,Marketing Data Analyst,55000,excel,analyst_tools
886893,Get It Recruit - Marketing,Marketing Data Analyst,55000,sheets,analyst_tools
44056,JARBO Employment Group,Environmental Data Analyst,55000,word,analyst_tools
44056,JARBO Employment Group,Environmental Data Analyst,55000,flow,other
52572,State of Georgia,CCBHC Data Analyst (Grant Funded Position),55000,sql,programming
52572,State of Georgia,CCBHC Data Analyst (Grant Funded Position),55000,crystal,programming
52572,State of Georgia,CCBHC Data Analyst (Grant Funded Position),55000,html,programming
52572,State of Georgia,CCBHC Data Analyst (Grant Funded Position),55000,excel,analyst_tools
839546,Flow Health,Information Architect/Data Analyst,55000,sql,programming
839546,Flow Health,Information Architect/Data Analyst,55000,python,programming
839546,Flow Health,Information Architect/Data Analyst,55000,aws,cloud
839546,Flow Health,Information Architect/Data Analyst,55000,flow,other
796095,Get It Recruit - Information Technology,Data Analyst/Quality Coordinator,55000,excel,analyst_tools
796095,Get It Recruit - Information Technology,Data Analyst/Quality Coordinator,55000,power bi,analyst_tools
1529388,Celanese International Corporation,Data Analyst Customer Experience,55000,excel,analyst_tools
1529388,Celanese International Corporation,Data Analyst Customer Experience,55000,sap,analyst_tools
303324,WALGREENS,Data Analyst - US Healthcare (REMOTE),54540,sql,programming
303324,WALGREENS,Data Analyst - US Healthcare (REMOTE),54540,sas,programming
303324,WALGREENS,Data Analyst - US Healthcare (REMOTE),54540,c++,programming
303324,WALGREENS,Data Analyst - US Healthcare (REMOTE),54540,tableau,analyst_tools
303324,WALGREENS,Data Analyst - US Healthcare (REMOTE),54540,excel,analyst_tools
303324,WALGREENS,Data Analyst - US Healthcare (REMOTE),54540,word,analyst_tools
303324,WALGREENS,Data Analyst - US Healthcare (REMOTE),54540,sas,analyst_tools
303324,WALGREENS,Data Analyst - US Healthcare (REMOTE),54540,powerpoint,analyst_tools
303324,WALGREENS,Data Analyst - US Healthcare (REMOTE),54540,cognos,analyst_tools
303324,WALGREENS,Data Analyst - US Healthcare (REMOTE),54540,sharepoint,analyst_tools
1350900,Sanford Health,Data Integrity Analyst,53760,visio,analyst_tools
1350900,Sanford Health,Data Integrity Analyst,53760,excel,analyst_tools
1350900,Sanford Health,Data Integrity Analyst,53760,word,analyst_tools
1350900,Sanford Health,Data Integrity Analyst,53760,powerpoint,analyst_tools
1350900,Sanford Health,Data Integrity Analyst,53760,flow,other
512591,University of South Florida,Statistical Data Analyst (Buyer Engagement Strategist),53000,excel,analyst_tools
512591,University of South Florida,Statistical Data Analyst (Buyer Engagement Strategist),53000,word,analyst_tools
512591,University of South Florida,Statistical Data Analyst (Buyer Engagement Strategist),53000,powerpoint,analyst_tools
512591,University of South Florida,Statistical Data Analyst (Buyer Engagement Strategist),53000,outlook,analyst_tools
45437,"Acosta, Inc.",Data Analyst (Remote),52500,windows,os
45437,"Acosta, Inc.",Data Analyst (Remote),52500,excel,analyst_tools
45437,"Acosta, Inc.",Data Analyst (Remote),52500,power bi,analyst_tools
45437,"Acosta, Inc.",Data Analyst (Remote),52500,word,analyst_tools
45437,"Acosta, Inc.",Data Analyst (Remote),52500,powerpoint,analyst_tools
610460,Get It Recruit - Information Technology,Data Quality Analyst,52500,sql,programming
610460,Get It Recruit - Information Technology,Data Quality Analyst,52500,excel,analyst_tools
610460,Get It Recruit - Information Technology,Data Quality Analyst,52500,spreadsheet,analyst_tools
152608,Phoenix Capital Group Holdings LLC,Junior Data Analyst,52500,julia,programming
152608,Phoenix Capital Group Holdings LLC,Junior Data Analyst,52500,phoenix,webframeworks
152608,Phoenix Capital Group Holdings LLC,Junior Data Analyst,52500,excel,analyst_tools
244401,Fitsoftware OU,E-Commerce Digital Analyst,52500,sql,programming
244401,Fitsoftware OU,E-Commerce Digital Analyst,52500,javascript,programming
244401,Fitsoftware OU,E-Commerce Digital Analyst,52500,html,programming
244401,Fitsoftware OU,E-Commerce Digital Analyst,52500,css,programming
244401,Fitsoftware OU,E-Commerce Digital Analyst,52500,excel,analyst_tools
244401,Fitsoftware OU,E-Commerce Digital Analyst,52500,qlik,analyst_tools
313959,Kaye/Bassman International,Data Analyst,52500,sql,programming
313959,Kaye/Bassman International,Data Analyst,52500,excel,analyst_tools
313959,Kaye/Bassman International,Data Analyst,52500,sheets,analyst_tools
313959,Kaye/Bassman International,Data Analyst,52500,smartsheet,async
57117,Spark451 Inc.,Data Analyst,52000,sql,programming
57117,Spark451 Inc.,Data Analyst,52000,mongodb,programming
57117,Spark451 Inc.,Data Analyst,52000,mongodb,databases
57117,Spark451 Inc.,Data Analyst,52000,tableau,analyst_tools
57117,Spark451 Inc.,Data Analyst,52000,word,analyst_tools
57117,Spark451 Inc.,Data Analyst,52000,powerpoint,analyst_tools
1569567,Remote,Data Analyst,51750,sql,programming
1569567,Remote,Data Analyst,51750,python,programming
1569567,Remote,Data Analyst,51750,snowflake,cloud
1569567,Remote,Data Analyst,51750,bigquery,cloud
1569567,Remote,Data Analyst,51750,looker,analyst_tools
1569567,Remote,Data Analyst,51750,github,other
1569567,Remote,Data Analyst,51750,gitlab,other
1286294,Sezzle,Data Analyst (LATAM),51600,sql,programming
1286294,Sezzle,Data Analyst (LATAM),51600,python,programming
1286294,Sezzle,Data Analyst (LATAM),51600,tableau,analyst_tools
1286294,Sezzle,Data Analyst (LATAM),51600,looker,analyst_tools
1286294,Sezzle,Data Analyst (LATAM),51600,power bi,analyst_tools
1321272,Sezzle,Data Analyst (LATAM),51600,sql,programming
1321272,Sezzle,Data Analyst (LATAM),51600,python,programming
1321272,Sezzle,Data Analyst (LATAM),51600,postgresql,databases
1321272,Sezzle,Data Analyst (LATAM),51600,aws,cloud
1321272,Sezzle,Data Analyst (LATAM),51600,redshift,cloud
1321272,Sezzle,Data Analyst (LATAM),51600,tableau,analyst_tools
1321272,Sezzle,Data Analyst (LATAM),51600,looker,analyst_tools
1321272,Sezzle,Data Analyst (LATAM),51600,power bi,analyst_tools
1243776,Sezzle,Data Analyst (LATAM),51600,sql,programming
1243776,Sezzle,Data Analyst (LATAM),51600,python,programming
1243776,Sezzle,Data Analyst (LATAM),51600,tableau,analyst_tools
1243776,Sezzle,Data Analyst (LATAM),51600,looker,analyst_tools
1243776,Sezzle,Data Analyst (LATAM),51600,power bi,analyst_tools
811592,Get It Recruit - Information Technology,Data Analysis & Reporting Specialist,51500,sql,programming
811592,Get It Recruit - Information Technology,Data Analysis & Reporting Specialist,51500,python,programming
811592,Get It Recruit - Information Technology,Data Analysis & Reporting Specialist,51500,r,programming
811592,Get It Recruit - Information Technology,Data Analysis & Reporting Specialist,51500,sas,programming
811592,Get It Recruit - Information Technology,Data Analysis & Reporting Specialist,51500,tableau,analyst_tools
811592,Get It Recruit - Information Technology,Data Analysis & Reporting Specialist,51500,excel,analyst_tools
811592,Get It Recruit - Information Technology,Data Analysis & Reporting Specialist,51500,spss,analyst_tools
811592,Get It Recruit - Information Technology,Data Analysis & Reporting Specialist,51500,sas,analyst_tools
769442,"University of Maryland, Baltimore",OPEN RANK: Qualitative Research Data Analyst or Senior Research...,51500,sas,programming
769442,"University of Maryland, Baltimore",OPEN RANK: Qualitative Research Data Analyst or Senior Research...,51500,excel,analyst_tools
769442,"University of Maryland, Baltimore",OPEN RANK: Qualitative Research Data Analyst or Senior Research...,51500,spss,analyst_tools
769442,"University of Maryland, Baltimore",OPEN RANK: Qualitative Research Data Analyst or Senior Research...,51500,sas,analyst_tools
70166,Jacksonville,Sr. Data Analyst,51059,python,programming
70166,Jacksonville,Sr. Data Analyst,51059,ruby,programming
70166,Jacksonville,Sr. Data Analyst,51059,java,programming
70166,Jacksonville,Sr. Data Analyst,51059,mongodb,programming
70166,Jacksonville,Sr. Data Analyst,51059,mongodb,databases
70166,Jacksonville,Sr. Data Analyst,51059,ruby,webframeworks
70166,Jacksonville,Sr. Data Analyst,51059,ruby on rails,webframeworks
956317,Get It Recruit - Information Technology,Public Health Data Analyst,51000,sql,programming
956317,Get It Recruit - Information Technology,Public Health Data Analyst,51000,python,programming
966797,Get It Recruit - Information Technology,Public Health Data Analyst,51000,sql,programming
966797,Get It Recruit - Information Technology,Public Health Data Analyst,51000,python,programming
726280,Get It Recruit - Information Technology,Data Quality Analyst,51000,sql,programming
726280,Get It Recruit - Information Technology,Data Quality Analyst,51000,excel,analyst_tools
726280,Get It Recruit - Information Technology,Data Quality Analyst,51000,ssis,analyst_tools
812092,Get It Recruit - Information Technology,Data Quality Analyst,51000,sql,programming
812092,Get It Recruit - Information Technology,Data Quality Analyst,51000,excel,analyst_tools
812092,Get It Recruit - Information Technology,Data Quality Analyst,51000,ssis,analyst_tools
1064494,Dynatrace,"Data Analyst, Sales Renewals",50500,excel,analyst_tools
1064494,Dynatrace,"Data Analyst, Sales Renewals",50500,word,analyst_tools
1064494,Dynatrace,"Data Analyst, Sales Renewals",50500,powerpoint,analyst_tools
761638,Get It Recruit - Information Technology,Data Analysis & Reporting Specialist,50500,tableau,analyst_tools
761638,Get It Recruit - Information Technology,Data Analysis & Reporting Specialist,50500,excel,analyst_tools
953900,TRILLIUM HEALTH RESOURCES,Data Analyst - Claims,50258,flow,other
1217505,Solitsys,"URGENT by 10/15: Informatics Data Analyst, Local Los Angeles Resdents, Remote, only W2 No C2C",50000,sql,programming
1217505,Solitsys,"URGENT by 10/15: Informatics Data Analyst, Local Los Angeles Resdents, Remote, only W2 No C2C",50000,t-sql,programming
1217505,Solitsys,"URGENT by 10/15: Informatics Data Analyst, Local Los Angeles Resdents, Remote, only W2 No C2C",50000,sql server,databases
1217505,Solitsys,"URGENT by 10/15: Informatics Data Analyst, Local Los Angeles Resdents, Remote, only W2 No C2C",50000,azure,cloud
1217505,Solitsys,"URGENT by 10/15: Informatics Data Analyst, Local Los Angeles Resdents, Remote, only W2 No C2C",50000,power bi,analyst_tools
1217505,Solitsys,"URGENT by 10/15: Informatics Data Analyst, Local Los Angeles Resdents, Remote, only W2 No C2C",50000,word,analyst_tools
1217505,Solitsys,"URGENT by 10/15: Informatics Data Analyst, Local Los Angeles Resdents, Remote, only W2 No C2C",50000,ssrs,analyst_tools
766118,Get It Recruit - Transportation,Data Analyst,50000,python,programming
766118,Get It Recruit - Transportation,Data Analyst,50000,r,programming
766118,Get It Recruit - Transportation,Data Analyst,50000,tableau,analyst_tools
766118,Get It Recruit - Transportation,Data Analyst,50000,excel,analyst_tools
766118,Get It Recruit - Transportation,Data Analyst,50000,power bi,analyst_tools
336492,Get It Recruit - Information Technology,Data Analyst I - Healthcare Analytics,50000,python,programming
336492,Get It Recruit - Information Technology,Data Analyst I - Healthcare Analytics,50000,r,programming
584718,Get It Recruit - Administrative,Data Entry Analyst,50000,excel,analyst_tools
871348,Get It Recruit - Real Estate,Healthcare Data Analyst,50000,sql,programming
871348,Get It Recruit - Real Estate,Healthcare Data Analyst,50000,tableau,analyst_tools
1548487,Ocorian,AML/CFT & Data Analyst (E),50000,excel,analyst_tools
1559313,DataOne Software,Dataone Software Offers Automotive Data Entry Analyst With,50000,excel,analyst_tools
1559313,DataOne Software,Dataone Software Offers Automotive Data Entry Analyst With,50000,word,analyst_tools
921924,Acquco,Data Analyst/Engineer,50000,sql,programming
921924,Acquco,Data Analyst/Engineer,50000,python,programming
921924,Acquco,Data Analyst/Engineer,50000,postgresql,databases
921924,Acquco,Data Analyst/Engineer,50000,azure,cloud
921924,Acquco,Data Analyst/Engineer,50000,aws,cloud
520415,Allied Technologies & Consulting,Clinical Data Analyst (Entry to Mid Level),48500,excel,analyst_tools
799794,MailerLite,Data BI Analyst - Looker Specialist,48500,sql,programming
799794,MailerLite,Data BI Analyst - Looker Specialist,48500,mysql,databases
799794,MailerLite,Data BI Analyst - Looker Specialist,48500,postgresql,databases
799794,MailerLite,Data BI Analyst - Looker Specialist,48500,looker,analyst_tools
799794,MailerLite,Data BI Analyst - Looker Specialist,48500,word,analyst_tools
799794,MailerLite,Data BI Analyst - Looker Specialist,48500,git,other
1253557,Susan G. Komen,Data Analyst (Remote),48500,sql,programming
1253557,Susan G. Komen,Data Analyst (Remote),48500,python,programming
1253557,Susan G. Komen,Data Analyst (Remote),48500,r,programming
1253557,Susan G. Komen,Data Analyst (Remote),48500,tableau,analyst_tools
1253557,Susan G. Komen,Data Analyst (Remote),48500,excel,analyst_tools
1253557,Susan G. Komen,Data Analyst (Remote),48500,sheets,analyst_tools
1253557,Susan G. Komen,Data Analyst (Remote),48500,qlik,analyst_tools
1253557,Susan G. Komen,Data Analyst (Remote),48500,spreadsheet,analyst_tools
1253557,Susan G. Komen,Data Analyst (Remote),48500,asana,async
1028219,Talentify.io,"Benefits Data Analyst Associate, I or II - Remote",48277.5,excel,analyst_tools
1028219,Talentify.io,"Benefits Data Analyst Associate, I or II - Remote",48277.5,word,analyst_tools
58747,Men's Health Clinic (MHC),Data Analyst / Engineer,47500,sql,programming
58747,Men's Health Clinic (MHC),Data Analyst / Engineer,47500,python,programming
58747,Men's Health Clinic (MHC),Data Analyst / Engineer,47500,r,programming
58747,Men's Health Clinic (MHC),Data Analyst / Engineer,47500,c++,programming
58747,Men's Health Clinic (MHC),Data Analyst / Engineer,47500,c,programming
58747,Men's Health Clinic (MHC),Data Analyst / Engineer,47500,aws,cloud
58747,Men's Health Clinic (MHC),Data Analyst / Engineer,47500,excel,analyst_tools
58747,Men's Health Clinic (MHC),Data Analyst / Engineer,47500,power bi,analyst_tools
58747,Men's Health Clinic (MHC),Data Analyst / Engineer,47500,powerpoint,analyst_tools
58747,Men's Health Clinic (MHC),Data Analyst / Engineer,47500,flow,other
624912,"Ali Awad Law, P.C.",Financial Data Analyst,47500,sql,programming
624912,"Ali Awad Law, P.C.",Financial Data Analyst,47500,excel,analyst_tools
678657,Get It Recruit - Administrative,Data Analyst,46500,sql,programming
678657,Get It Recruit - Administrative,Data Analyst,46500,sas,programming
678657,Get It Recruit - Administrative,Data Analyst,46500,oracle,cloud
678657,Get It Recruit - Administrative,Data Analyst,46500,excel,analyst_tools
678657,Get It Recruit - Administrative,Data Analyst,46500,sas,analyst_tools
678657,Get It Recruit - Administrative,Data Analyst,46500,sharepoint,analyst_tools
992105,Illinois Black Advocacy Initiative,Research & Data Analyst,45000,excel,analyst_tools
992105,Illinois Black Advocacy Initiative,Research & Data Analyst,45000,word,analyst_tools
902775,Get It Recruit - Administrative,Remote Data Analyst,45000,word,analyst_tools
1060777,Get It Recruit - Administrative,Remote Virtual Data Analyst,45000,sql,programming
1060777,Get It Recruit - Administrative,Remote Virtual Data Analyst,45000,python,programming
1060777,Get It Recruit - Administrative,Remote Virtual Data Analyst,45000,r,programming
1060777,Get It Recruit - Administrative,Remote Virtual Data Analyst,45000,tableau,analyst_tools
1060777,Get It Recruit - Administrative,Remote Virtual Data Analyst,45000,power bi,analyst_tools
613800,Kindthread,Data Analyst,45000,excel,analyst_tools
1419759,eDRV,Data Analyst – EV Charging,45000,sql,programming
1419759,eDRV,Data Analyst – EV Charging,45000,python,programming
1419759,eDRV,Data Analyst – EV Charging,45000,nosql,programming
1419759,eDRV,Data Analyst – EV Charging,45000,azure,cloud
1419759,eDRV,Data Analyst – EV Charging,45000,aws,cloud
1419759,eDRV,Data Analyst – EV Charging,45000,gcp,cloud
1419759,eDRV,Data Analyst – EV Charging,45000,spark,libraries
1419759,eDRV,Data Analyst – EV Charging,45000,pandas,libraries
1419759,eDRV,Data Analyst – EV Charging,45000,tableau,analyst_tools
1419759,eDRV,Data Analyst – EV Charging,45000,power bi,analyst_tools
905408,Remote,Data Analyst,44330,sql,programming
905408,Remote,Data Analyst,44330,redshift,cloud
905408,Remote,Data Analyst,44330,airflow,libraries
905408,Remote,Data Analyst,44330,git,other
905408,Remote,Data Analyst,44330,gitlab,other
905408,Remote,Data Analyst,44330,unify,sync
899853,Remote,Data Analyst,44330,sql,programming
899853,Remote,Data Analyst,44330,redshift,cloud
899853,Remote,Data Analyst,44330,airflow,libraries
899853,Remote,Data Analyst,44330,git,other
899853,Remote,Data Analyst,44330,gitlab,other
899853,Remote,Data Analyst,44330,unify,sync
899861,Remote,Data Analyst,44330,sql,programming
899861,Remote,Data Analyst,44330,redshift,cloud
899861,Remote,Data Analyst,44330,airflow,libraries
899861,Remote,Data Analyst,44330,git,other
899861,Remote,Data Analyst,44330,gitlab,other
899861,Remote,Data Analyst,44330,unify,sync
813497,Get It Recruit - Information Technology,Entry Level Data Analyst,42500,excel,analyst_tools
813497,Get It Recruit - Information Technology,Entry Level Data Analyst,42500,outlook,analyst_tools
160065,U.S. Wire and Cable Company/ Flexon Industries,Data Analyst-Operations,42500,windows,os
160065,U.S. Wire and Cable Company/ Flexon Industries,Data Analyst-Operations,42500,excel,analyst_tools
160065,U.S. Wire and Cable Company/ Flexon Industries,Data Analyst-Operations,42500,wire,sync
976963,Job Wize,Data Analyst Internship,42500,sql,programming
976963,Job Wize,Data Analyst Internship,42500,python,programming
976963,Job Wize,Data Analyst Internship,42500,r,programming
976963,Job Wize,Data Analyst Internship,42500,tableau,analyst_tools
976963,Job Wize,Data Analyst Internship,42500,excel,analyst_tools
976963,Job Wize,Data Analyst Internship,42500,power bi,analyst_tools
131178,BayOne Solutions,Ecommerce Business Analyst/Data Analyst with Good exp with SQL,41000,sql,programming
131178,BayOne Solutions,Ecommerce Business Analyst/Data Analyst with Good exp with SQL,41000,tableau,analyst_tools
1291882,Braiins,Junior Data Analyst,40000,sql,programming
1291882,Braiins,Junior Data Analyst,40000,python,programming
1291882,Braiins,Junior Data Analyst,40000,matlab,programming
1291882,Braiins,Junior Data Analyst,40000,rust,programming
1291882,Braiins,Junior Data Analyst,40000,tableau,analyst_tools
1600667,PadSplit,Ops Data Analyst - South America,40000,sql,programming
1600667,PadSplit,Ops Data Analyst - South America,40000,tableau,analyst_tools
1600667,PadSplit,Ops Data Analyst - South America,40000,looker,analyst_tools
1600667,PadSplit,Ops Data Analyst - South America,40000,power bi,analyst_tools
1523969,BlackRock,"Analyst, Market Data Services (NE)",40000,excel,analyst_tools
1523969,BlackRock,"Analyst, Market Data Services (NE)",40000,sharepoint,analyst_tools
1603964,M-KOPA,Customer Insights - Data Analyst,40000,excel,analyst_tools
1603964,M-KOPA,Customer Insights - Data Analyst,40000,looker,analyst_tools
1603964,M-KOPA,Customer Insights - Data Analyst,40000,power bi,analyst_tools
1276240,Sezzle,Data Analyst - Risk Management and Monitoring (Turkey),39480,sql,programming
1276240,Sezzle,Data Analyst - Risk Management and Monitoring (Turkey),39480,python,programming
1276240,Sezzle,Data Analyst - Risk Management and Monitoring (Turkey),39480,sas,programming
1276240,Sezzle,Data Analyst - Risk Management and Monitoring (Turkey),39480,postgresql,databases
1276240,Sezzle,Data Analyst - Risk Management and Monitoring (Turkey),39480,aws,cloud
1276240,Sezzle,Data Analyst - Risk Management and Monitoring (Turkey),39480,redshift,cloud
1276240,Sezzle,Data Analyst - Risk Management and Monitoring (Turkey),39480,tableau,analyst_tools
1276240,Sezzle,Data Analyst - Risk Management and Monitoring (Turkey),39480,looker,analyst_tools
1276240,Sezzle,Data Analyst - Risk Management and Monitoring (Turkey),39480,power bi,analyst_tools
1276240,Sezzle,Data Analyst - Risk Management and Monitoring (Turkey),39480,sas,analyst_tools
1276238,Sezzle,Data Analyst - Risk Management and Monitoring (Turkey),39480,sql,programming
1276238,Sezzle,Data Analyst - Risk Management and Monitoring (Turkey),39480,python,programming
1276238,Sezzle,Data Analyst - Risk Management and Monitoring (Turkey),39480,sas,programming
1276238,Sezzle,Data Analyst - Risk Management and Monitoring (Turkey),39480,postgresql,databases
1276238,Sezzle,Data Analyst - Risk Management and Monitoring (Turkey),39480,aws,cloud
1276238,Sezzle,Data Analyst - Risk Management and Monitoring (Turkey),39480,redshift,cloud
1276238,Sezzle,Data Analyst - Risk Management and Monitoring (Turkey),39480,tableau,analyst_tools
1276238,Sezzle,Data Analyst - Risk Management and Monitoring (Turkey),39480,looker,analyst_tools
1276238,Sezzle,Data Analyst - Risk Management and Monitoring (Turkey),39480,power bi,analyst_tools
1276238,Sezzle,Data Analyst - Risk Management and Monitoring (Turkey),39480,sas,analyst_tools
1250493,Sezzle,Data Analyst - Risk Management and Monitoring (Turkey),39480,sql,programming
1250493,Sezzle,Data Analyst - Risk Management and Monitoring (Turkey),39480,python,programming
1250493,Sezzle,Data Analyst - Risk Management and Monitoring (Turkey),39480,sas,programming
1250493,Sezzle,Data Analyst - Risk Management and Monitoring (Turkey),39480,postgresql,databases
1250493,Sezzle,Data Analyst - Risk Management and Monitoring (Turkey),39480,aws,cloud
1250493,Sezzle,Data Analyst - Risk Management and Monitoring (Turkey),39480,redshift,cloud
1250493,Sezzle,Data Analyst - Risk Management and Monitoring (Turkey),39480,tableau,analyst_tools
1250493,Sezzle,Data Analyst - Risk Management and Monitoring (Turkey),39480,looker,analyst_tools
1250493,Sezzle,Data Analyst - Risk Management and Monitoring (Turkey),39480,power bi,analyst_tools
1250493,Sezzle,Data Analyst - Risk Management and Monitoring (Turkey),39480,sas,analyst_tools
1295773,Sezzle,Data Analyst - Risk Management and Monitoring (Turkey),39480,sql,programming
1295773,Sezzle,Data Analyst - Risk Management and Monitoring (Turkey),39480,python,programming
1295773,Sezzle,Data Analyst - Risk Management and Monitoring (Turkey),39480,sas,programming
1295773,Sezzle,Data Analyst - Risk Management and Monitoring (Turkey),39480,postgresql,databases
1295773,Sezzle,Data Analyst - Risk Management and Monitoring (Turkey),39480,aws,cloud
1295773,Sezzle,Data Analyst - Risk Management and Monitoring (Turkey),39480,redshift,cloud
1295773,Sezzle,Data Analyst - Risk Management and Monitoring (Turkey),39480,tableau,analyst_tools
1295773,Sezzle,Data Analyst - Risk Management and Monitoring (Turkey),39480,looker,analyst_tools
1295773,Sezzle,Data Analyst - Risk Management and Monitoring (Turkey),39480,power bi,analyst_tools
1295773,Sezzle,Data Analyst - Risk Management and Monitoring (Turkey),39480,sas,analyst_tools
1259493,Sezzle,Data Analyst - Risk Management and Monitoring (LATAM),39480,sql,programming
1259493,Sezzle,Data Analyst - Risk Management and Monitoring (LATAM),39480,python,programming
1259493,Sezzle,Data Analyst - Risk Management and Monitoring (LATAM),39480,sas,programming
1259493,Sezzle,Data Analyst - Risk Management and Monitoring (LATAM),39480,postgresql,databases
1259493,Sezzle,Data Analyst - Risk Management and Monitoring (LATAM),39480,aws,cloud
1259493,Sezzle,Data Analyst - Risk Management and Monitoring (LATAM),39480,redshift,cloud
1259493,Sezzle,Data Analyst - Risk Management and Monitoring (LATAM),39480,tableau,analyst_tools
1259493,Sezzle,Data Analyst - Risk Management and Monitoring (LATAM),39480,looker,analyst_tools
1259493,Sezzle,Data Analyst - Risk Management and Monitoring (LATAM),39480,power bi,analyst_tools
1259493,Sezzle,Data Analyst - Risk Management and Monitoring (LATAM),39480,sas,analyst_tools
1563607,Sezzle,Product Data Analyst (LATAM),39000,sql,programming
1563607,Sezzle,Product Data Analyst (LATAM),39000,python,programming
1563607,Sezzle,Product Data Analyst (LATAM),39000,postgresql,databases
1563607,Sezzle,Product Data Analyst (LATAM),39000,aws,cloud
1563607,Sezzle,Product Data Analyst (LATAM),39000,redshift,cloud
1563607,Sezzle,Product Data Analyst (LATAM),39000,tableau,analyst_tools
1563607,Sezzle,Product Data Analyst (LATAM),39000,looker,analyst_tools
1563607,Sezzle,Product Data Analyst (LATAM),39000,power bi,analyst_tools
283156,Get It Recruit - Administrative,Remote Data Analyst,39000,excel,analyst_tools
1581755,BMA Group,Jr. Data Analyst,38500,python,programming
1581755,BMA Group,Jr. Data Analyst,38500,azure,cloud
1581755,BMA Group,Jr. Data Analyst,38500,aws,cloud
1581755,BMA Group,Jr. Data Analyst,38500,excel,analyst_tools
1581755,BMA Group,Jr. Data Analyst,38500,power bi,analyst_tools
1583404,BMA Group,Jr. Data Analyst,38500,python,programming
1583404,BMA Group,Jr. Data Analyst,38500,azure,cloud
1583404,BMA Group,Jr. Data Analyst,38500,aws,cloud
1583404,BMA Group,Jr. Data Analyst,38500,excel,analyst_tools
1583404,BMA Group,Jr. Data Analyst,38500,power bi,analyst_tools
1311507,Sezzle,Product Data Analyst (Colombia),37499.5,sql,programming
1311507,Sezzle,Product Data Analyst (Colombia),37499.5,python,programming
1311507,Sezzle,Product Data Analyst (Colombia),37499.5,postgresql,databases
1311507,Sezzle,Product Data Analyst (Colombia),37499.5,aws,cloud
1311507,Sezzle,Product Data Analyst (Colombia),37499.5,redshift,cloud
1311507,Sezzle,Product Data Analyst (Colombia),37499.5,tableau,analyst_tools
1311507,Sezzle,Product Data Analyst (Colombia),37499.5,looker,analyst_tools
1311507,Sezzle,Product Data Analyst (Colombia),37499.5,power bi,analyst_tools
1243623,Sezzle,Product Data Analyst (Chile),37499.5,sql,programming
1243623,Sezzle,Product Data Analyst (Chile),37499.5,python,programming
1243623,Sezzle,Product Data Analyst (Chile),37499.5,postgresql,databases
1243623,Sezzle,Product Data Analyst (Chile),37499.5,aws,cloud
1243623,Sezzle,Product Data Analyst (Chile),37499.5,redshift,cloud
1243623,Sezzle,Product Data Analyst (Chile),37499.5,tableau,analyst_tools
1243623,Sezzle,Product Data Analyst (Chile),37499.5,looker,analyst_tools
1243623,Sezzle,Product Data Analyst (Chile),37499.5,power bi,analyst_tools
1267418,Sezzle,Product Data Analyst (Colombia),37499.5,sql,programming
1267418,Sezzle,Product Data Analyst (Colombia),37499.5,python,programming
1267418,Sezzle,Product Data Analyst (Colombia),37499.5,postgresql,databases
1267418,Sezzle,Product Data Analyst (Colombia),37499.5,aws,cloud
1267418,Sezzle,Product Data Analyst (Colombia),37499.5,redshift,cloud
1267418,Sezzle,Product Data Analyst (Colombia),37499.5,tableau,analyst_tools
1267418,Sezzle,Product Data Analyst (Colombia),37499.5,looker,analyst_tools
1267418,Sezzle,Product Data Analyst (Colombia),37499.5,power bi,analyst_tools
1253596,Sezzle,Product Data Analyst (Chile),37499.5,sql,programming
1253596,Sezzle,Product Data Analyst (Chile),37499.5,python,programming
1253596,Sezzle,Product Data Analyst (Chile),37499.5,postgresql,databases
1253596,Sezzle,Product Data Analyst (Chile),37499.5,aws,cloud
1253596,Sezzle,Product Data Analyst (Chile),37499.5,redshift,cloud
1253596,Sezzle,Product Data Analyst (Chile),37499.5,tableau,analyst_tools
1253596,Sezzle,Product Data Analyst (Chile),37499.5,looker,analyst_tools
1253596,Sezzle,Product Data Analyst (Chile),37499.5,power bi,analyst_tools
1276908,Sezzle,Product Data Analyst (Chile),37499.5,sql,programming
1276908,Sezzle,Product Data Analyst (Chile),37499.5,python,programming
1276908,Sezzle,Product Data Analyst (Chile),37499.5,postgresql,databases
1276908,Sezzle,Product Data Analyst (Chile),37499.5,aws,cloud
1276908,Sezzle,Product Data Analyst (Chile),37499.5,redshift,cloud
1276908,Sezzle,Product Data Analyst (Chile),37499.5,tableau,analyst_tools
1276908,Sezzle,Product Data Analyst (Chile),37499.5,looker,analyst_tools
1276908,Sezzle,Product Data Analyst (Chile),37499.5,power bi,analyst_tools
1332459,Sezzle,Product Data Analyst (Chile),37499.5,sql,programming
1332459,Sezzle,Product Data Analyst (Chile),37499.5,python,programming
1332459,Sezzle,Product Data Analyst (Chile),37499.5,postgresql,databases
1332459,Sezzle,Product Data Analyst (Chile),37499.5,aws,cloud
1332459,Sezzle,Product Data Analyst (Chile),37499.5,redshift,cloud
1332459,Sezzle,Product Data Analyst (Chile),37499.5,tableau,analyst_tools
1332459,Sezzle,Product Data Analyst (Chile),37499.5,looker,analyst_tools
1332459,Sezzle,Product Data Analyst (Chile),37499.5,power bi,analyst_tools
1026154,Foundation Finance Company LLC,Junior Data Analyst,36528,react,libraries
354454,Get It Recruit - Information Technology,Financial Data Analyst,36000,sql,programming
354454,Get It Recruit - Information Technology,Financial Data Analyst,36000,excel,analyst_tools
379241,Jobmatchingpartner Ltd,Data Analyst,35000,sql,programming
379241,Jobmatchingpartner Ltd,Data Analyst,35000,python,programming
379241,Jobmatchingpartner Ltd,Data Analyst,35000,r,programming
379241,Jobmatchingpartner Ltd,Data Analyst,35000,spark,libraries
379241,Jobmatchingpartner Ltd,Data Analyst,35000,hadoop,libraries
379241,Jobmatchingpartner Ltd,Data Analyst,35000,looker,analyst_tools
1594320,Workana,Product Data Analyst (Internal),30000,sql,programming
1594320,Workana,Product Data Analyst (Internal),30000,python,programming
1594320,Workana,Product Data Analyst (Internal),30000,tableau,analyst_tools
1594320,Workana,Product Data Analyst (Internal),30000,looker,analyst_tools
1594320,Workana,Product Data Analyst (Internal),30000,power bi,analyst_tools
1069842,VAme Ltd,Automation and Data Analyst Architect,27600,azure,cloud
1024506,Uplers,Business Data Analyst,23040,sql,programming
1024506,Uplers,Business Data Analyst,23040,c#,programming
1024506,Uplers,Business Data Analyst,23040,excel,analyst_tools
1024506,Uplers,Business Data Analyst,23040,power bi,analyst_tools
1024506,Uplers,Business Data Analyst,23040,ssrs,analyst_tools
1254339,ATLAS ANALYTICS,Lead Generation & Data Analyst (Apprentice/Graduate),22500,sheets,analyst_tools
1254339,ATLAS ANALYTICS,Lead Generation & Data Analyst (Apprentice/Graduate),22500,flow,other
1254339,ATLAS ANALYTICS,Lead Generation & Data Analyst (Apprentice/Graduate),22500,airtable,async
1287729,ATLAS ANALYTICS,Lead Generation & Data Analyst (Apprentice/Graduate),22500,sheets,analyst_tools
1287729,ATLAS ANALYTICS,Lead Generation & Data Analyst (Apprentice/Graduate),22500,flow,other
1287729,ATLAS ANALYTICS,Lead Generation & Data Analyst (Apprentice/Graduate),22500,airtable,async
859224,Brightest,Sustainability & ESG Data Analyst - Remote,22500,excel,analyst_tools
859224,Brightest,Sustainability & ESG Data Analyst - Remote,22500,sheets,analyst_tools
934739,Support Shepherd,18015695376 - Data Analyst,21000,sql,programming
934739,Support Shepherd,18015695376 - Data Analyst,21000,python,programming
934739,Support Shepherd,18015695376 - Data Analyst,21000,tableau,analyst_tools
1094624,Somewhere,Data Analyst/Engineer - 20305160609,18000,sql,programming
1094624,Somewhere,Data Analyst/Engineer - 20305160609,18000,python,programming
1094624,Somewhere,Data Analyst/Engineer - 20305160609,18000,azure,cloud
1094624,Somewhere,Data Analyst/Engineer - 20305160609,18000,aws,cloud
1094624,Somewhere,Data Analyst/Engineer - 20305160609,18000,gcp,cloud
